[{"plz": "97070", "ort": "Würzburg", "name": "Würzburg", "street": "Rückermainstr. 2", "phone": "0931-37-0", "email": "buergerbuero@stadt.wuerzburg.de"}, 
{"plz": "97070", "ort": "Würzburg", "name": "Würzburg", "street": "Rückermainstraße 2"}, 
{"plz": "97195", "ort": "Ochsenfurt", "name": "Ochsenfurt, St", "street": "Postfach 1153"}, 
{"plz": "97204", "ort": "Höchberg", "name": "Höchberg, M", "street": "Hauptstraße 58"}, 
{"plz": "97206", "ort": "Veitshöchheim", "name": "Veitshöchheim", "street": "Postfach 1220"}, 
{"plz": "97210", "ort": "Uffenheim", "name": "Markt Nordheim, M", "street": "Postfach 1180"}, 
{"plz": "97210", "ort": "Uffenheim", "name": "Ippesheim, M", "street": "Postfach 40"}, 
{"plz": "97216", "ort": "Gerbrunn", "name": "Gerbrunn", "street": "Postfach 1280"}, 
{"plz": "97222", "ort": "Rimpar", "name": "Rimpar, M", "street": "Schloßberg 1"}, 
{"plz": "97225", "ort": "Zellingen", "name": "Zellingen, M", "street": "Würzburger Straße 26"}, 
{"plz": "97226", "ort": "Rottendorf", "name": "Rottendorf", "street": "Postfach 29"}, 
{"plz": "97230", "ort": "Estenfeld", "name": "Prosselsheim", "street": "Untere Ritterstraße 6"}, 
{"plz": "97231", "ort": "Giebelstadt", "name": "Giebelstadt, M", "street": "Postfach 27"}, 
{"plz": "97232", "ort": "Giebelstadt", "name": "Giebelstadt, M", "street": "Marktplatz 3"}, 
{"plz": "97234", "ort": "Reichenberg", "name": "Reichenberg, M", "street": "Kirchgasse 5"}, 
{"plz": "97236", "ort": "Randersacker", "name": "Randersacker, M", "street": "Maingasse 9"}, 
{"plz": "97239", "ort": "Aub", "name": "Gelchsheim, M", "street": "Marktplatz 1"}, 
{"plz": "97241", "ort": "Bergtheim", "name": "Oberpleichfeld", "street": "Am Marktplatz 8"}, 
{"plz": "97246", "ort": "Eibelstadt", "name": "Frickenhausen a.Main, M", "street": "Marktplatz 2"}, 
{"plz": "97249", "ort": "Eisingen", "name": "Eisingen", "street": "Pfarrer-Henninger-Weg 10"}, 
{"plz": "97253", "ort": "Gaukönigshofen", "name": "Gaukönigshofen", "street": "Hauptstraße 16"}, 
{"plz": "97261", "ort": "Güntersleben", "name": "Güntersleben", "street": "Würzburger Straße 17"}, 
{"plz": "97262", "ort": "Hausen b.Würzburg", "name": "Hausen b.Würzburg", "street": "Fährbrücker Straße 5"}, 
{"plz": "97264", "ort": "Helmstadt", "name": "Helmstadt, M", "street": "Im Kies 8"}, 
{"plz": "97264", "ort": "Helmstadt", "name": "Holzkirchen", "street": "Postfach 62"}, 
{"plz": "97264", "ort": "Helmstadt", "name": "Helmstadt, M", "street": "Poststelle 62"}, 
{"plz": "97265", "ort": "Hettstadt", "name": "Greußenheim", "street": "Rathausplatz 2"}, 
{"plz": "97268", "ort": "Kirchheim", "name": "Geroldshausen", "street": "Postfach 29"}, 
{"plz": "97270", "ort": "Kist", "name": "Altertheim", "street": "Am Rathaus 1"}, 
{"plz": "97271", "ort": "Kleinrinderfeld", "name": "Kleinrinderfeld", "street": "Pfarrer-Walter-Straße 4"}, 
{"plz": "97273", "ort": "Kürnach", "name": "Kürnach", "street": "Kirchberg 15"}, 
{"plz": "97274", "ort": "Leinach", "name": "Leinach", "street": "Rathausstraße 23"}, 
{"plz": "97276", "ort": "Margetshöchheim", "name": "Margetshöchheim", "street": "Mainstraße 15"}, 
{"plz": "97277", "ort": "Neubrunn", "name": "Neubrunn, M", "street": "Hauptstraße 27"}, 
{"plz": "97285", "ort": "Röttingen", "name": "Tauberrettersheim", "street": "Marktplatz 1"}, 
{"plz": "97288", "ort": "Theilheim", "name": "Theilheim", "street": "Bachstraße 13"}, 
{"plz": "97291", "ort": "Thüngersheim", "name": "Thüngersheim", "street": "Untere Hauptstraße 14"}, 
{"plz": "97294", "ort": "Unterpleichfeld", "name": "Unterpleichfeld", "street": "Kirchstraße 14"}, 
{"plz": "97295", "ort": "Waldbrunn", "name": "Waldbrunn", "street": "Hauptstraße 2"}, 
{"plz": "97297", "ort": "Waldbüttelbrunn", "name": "Waldbüttelbrunn", "street": "Lindenstraße 3"}, 
{"plz": "97299", "ort": "Zell a.Main", "name": "Zell a.Main, M", "street": "Rathausplatz 8"}, 
{"plz": "97318", "ort": "Kitzingen", "name": "Sulzfeld a.Main", "street": "Friedrich-Ebert-Straße 5"}, 
{"plz": "97318", "ort": "Kitzingen", "name": "Kitzingen, GKSt", "street": "Kaiserstraße 13-15"}, 
{"plz": "97320", "ort": "Großlangheim", "name": "Kleinlangheim, M", "street": "Schwarzacher Straße 4"}, 
{"plz": "97326", "ort": "Volkach", "name": "Nordheim a.Main", "street": "Postfach 1161"}, 
{"plz": "97332", "ort": "Volkach", "name": "Volkach, St", "street": "Marktplatz 1"}, 
{"plz": "97337", "ort": "Dettelbach", "name": "Dettelbach, St", "street": "Luitpold-Baumann-Straße 1"}, 
{"plz": "97340", "ort": "Marktbreit", "name": "Marktbreit, St", "street": "Marktstraße 4"}, 
{"plz": "97344", "ort": "Iphofen", "name": "Markt Einersheim, M", "street": "Postfach 120"}, 
{"plz": "97350", "ort": "Mainbernheim", "name": "Mainbernheim, St", "street": "Rathausplatz 1"}, 
{"plz": "97353", "ort": "Wiesentheid", "name": "Rüdenhausen, M", "street": "Balth.-Neumann-Straße 14"}, 
{"plz": "97357", "ort": "Prichsenstadt", "name": "Prichsenstadt, St", "street": "Karlsplatz 5"}, 
{"plz": "97359", "ort": "Schwarzach a.Main", "name": "Schwarzach a.Main, M", "street": "Marktplatz 1"}, 
{"plz": "97420", "ort": "Schweinfurt", "name": "Schweinfurt", "street": null}, 
{"plz": "97432", "ort": "Haßfurt", "name": "Haßfurt, St", "street": "Postfach 1551"}, 
{"plz": "97438", "ort": "Werneck", "name": "Werneck, M", "street": "Postfach 1265"}, 
{"plz": "97441", "ort": "Gerolzhofen", "name": "Michelau i.Steigerwald", "street": "Postfach 1180"}, 
{"plz": "97448", "ort": "Arnstein", "name": "Arnstein, St", "street": "Postfach 60"}, 
{"plz": "97451", "ort": "Schonungen", "name": "Schonungen", "street": "Marktplatz 1"}, 
{"plz": "97456", "ort": "Dittelbrunn", "name": "Dittelbrunn", "street": "Rathausplatz 1"}, 
{"plz": "97461", "ort": "Hofheim i.UFr.", "name": "Hofheim i.UFr., St", "street": "Obere Sennigstraße 4"}, 
{"plz": "97462", "ort": "Niederwerrn", "name": "Niederwerrn", "street": "Postfach 1151"}, 
{"plz": "97469", "ort": "Gochsheim", "name": "Gochsheim", "street": "Am Plan 4-6"}, 
{"plz": "97470", "ort": "Zeil a.Main", "name": "Zeil a.Main, St", "street": "Postfach 1120"}, 
{"plz": "97476", "ort": "Knetzgau", "name": "Knetzgau", "street": "Postfach 40"}, 
{"plz": "97480", "ort": "Eltmann", "name": "Eltmann, St", "street": "Postfach 1220"}, 
{"plz": "97484", "ort": "Königsberg i.Bay.", "name": "Königsberg i.Bay., St", "street": "Postfach 100"}, 
{"plz": "97488", "ort": "Stadtlauringen", "name": "Stadtlauringen, M", "street": "Marktplatz 1"}, 
{"plz": "97490", "ort": "Poppenhausen", "name": "Poppenhausen", "street": "Martin-Werner-Platz 1"}, 
{"plz": "97493", "ort": "Bergrheinfeld", "name": "Bergrheinfeld", "street": "Postfach 27"}, 
{"plz": "97500", "ort": "Ebelsbach", "name": "Kirchlauter", "street": "Georg-Schäfer-Straße 56"}, 
{"plz": "97502", "ort": "Euerbach", "name": "Euerbach", "street": "Rathausplatz 1"}, 
{"plz": "97503", "ort": "Gädheim", "name": "Gädheim", "street": "Bachgasse 2"}, 
{"plz": "97505", "ort": "Geldersheim", "name": "Geldersheim", "street": "Würzburger Straße 18"}, 
{"plz": "97506", "ort": "Grafenrheinfeld", "name": "Grafenrheinfeld", "street": "Marktplatz 1"}, 
{"plz": "97508", "ort": "Grettstadt", "name": "Grettstadt", "street": "Hauptstraße 1"}, 
{"plz": "97509", "ort": "Kolitzheim", "name": "Kolitzheim", "street": "Rathausstraße 1"}, 
{"plz": "97514", "ort": "Oberaurach", "name": "Oberaurach", "street": "Postfach 9"}, 
{"plz": "97520", "ort": "Röthlein", "name": "Röthlein", "street": "Elmußweg 1"}, 
{"plz": "97522", "ort": "Sand a.Main", "name": "Sand a.Main", "street": "Kirchplatz 2"}, 
{"plz": "97523", "ort": "Schwanfeld", "name": "Schwanfeld", "street": "Rathausplatz 6"}, 
{"plz": "97525", "ort": "Schwebheim", "name": "Schwebheim", "street": "Kirchplatz 2"}, 
{"plz": "97526", "ort": "Sennfeld", "name": "Sennfeld", "street": "Postfach 5"}, 
{"plz": "97531", "ort": "Theres", "name": "Gädheim", "street": "Rathausstraße 3"}, 
{"plz": "97532", "ort": "Üchtelhausen", "name": "Üchtelhausen", "street": "Kirchplatz 1"}, 
{"plz": "97534", "ort": "Waigolshausen", "name": "Waigolshausen", "street": "Kirchstraße 8"}, 
{"plz": "97535", "ort": "Wasserlosen", "name": "Wasserlosen", "street": "Kirchstraße 1"}, 
{"plz": "97537", "ort": "Wipfeld", "name": "Wipfeld", "street": "Marktplatz 1"}, 
{"plz": "97607", "ort": "Bad Neustadt a.d.Saale", "name": "Schönau a.d.Brend", "street": "Postfach 1704"}, 
{"plz": "97615", "ort": "Bad Neustadt a.d.Saale", "name": "Bad Neustadt a.d.Saale, St", "street": "Postfach 1640"}, 
{"plz": "97616", "ort": "Bad Neustadt a.d.Saale", "name": "Schönau a.d.Brend", "street": "Goethestraße 1"}, 
{"plz": "97618", "ort": "Heustreu", "name": "Hollstadt", "street": "Wetterstraße 4"}, 
{"plz": "97618", "ort": "Hohenroth", "name": "Hohenroth", "street": "Hauptstraße 12"}, 
{"plz": "97631", "ort": "Bad Königshofen i.Grabfeld", "name": "Sulzdorf a.d.Lederhecke", "street": "Josef-Sperl-Straße 3"}, 
{"plz": "97631", "ort": "Bad Königshofen i.Grabfeld", "name": "Bad Königshofen i.Grabfeld, St", "street": "Marktplatz 2"}, 
{"plz": "97633", "ort": "Saal a.d.Saale", "name": "Wülfershausen a.d.Saale", "street": "Wiesenflecklein 4"}, 
{"plz": "97638", "ort": "Mellrichstadt", "name": "Mellrichstadt, St", "street": "Hauptstraße 4"}, 
{"plz": "97642", "ort": "Ostheim v.d.Rhön", "name": "Ostheim v.d.Rhön, St", "street": "Postfach 1260"}, 
{"plz": "97647", "ort": "Hausen", "name": "Hausen", "street": "Fladunger Straße 1"}, 
{"plz": "97648", "ort": "Fladungen", "name": "Nordheim v.d.Rhön", "street": null}, 
{"plz": "97650", "ort": "Fladungen", "name": "Nordheim v.d.Rhön", "street": "Marktplatz 1"}, 
{"plz": "97653", "ort": "Bischofsheim i.d.Rhön", "name": "Bischofsheim i.d.Rhön, St", "street": "Kirchplatz 4"}, 
{"plz": "97654", "ort": "Bastheim", "name": "Bastheim", "street": "Obergasse 20"}, 
{"plz": "97656", "ort": "Oberelsbach", "name": "Oberelsbach, M", "street": "Marktplatz 3"}, 
{"plz": "97657", "ort": "Sandberg", "name": "Sandberg", "street": "Schulstraße 6"}, 
{"plz": "97688", "ort": "Bad Kissingen", "name": "Bad Kissingen, GKSt", "street": "Postfach 2260"}, 
{"plz": "97702", "ort": "Münnerstadt", "name": "Münnerstadt, St", "street": "Marktplatz 1"}, 
{"plz": "97705", "ort": "Burkardroth", "name": "Burkardroth, M", "street": "Am Marktplatz 10"}, 
{"plz": "97706", "ort": "Bad Bocklet", "name": "Bad Bocklet, M", "street": "Postfach 61"}, 
{"plz": "97711", "ort": "Maßbach", "name": "Thundorf i.UFr.", "street": "Marktplatz 1"}, 
{"plz": "97711", "ort": "Maßbach", "name": "Thundorf i.UFr.", "street": "Marktplatz1"}, 
{"plz": "97712", "ort": "Oerlenbach", "name": "Oerlenbach", "street": "Postfach 40"}, 
{"plz": "97717", "ort": "Euerdorf", "name": "Aura a.d.Saale", "street": "Zeilweg 2"}, 
{"plz": "97720", "ort": "Nüdlingen", "name": "Nüdlingen", "street": "Kissinger Straße 1"}, 
{"plz": "97723", "ort": "Oberthulba", "name": "Oberthulba, M", "street": "Kirchgasse 16"}, 
{"plz": "97724", "ort": "Burglauer", "name": "Burglauer", "street": "Kirchstraße 1"}, 
{"plz": "97725", "ort": "Elfershausen", "name": "Elfershausen, M", "street": "Marktstraße 17"}, 
{"plz": "97732", "ort": "Gemünden a.Main", "name": "Gemünden a.Main, St", "street": "Postfach 1165"}, 
{"plz": "97733", "ort": "Gemünden a.Main", "name": "Gräfendorf", "street": "Postfach 1250"}, 
{"plz": "97737", "ort": "Gemünden a.Main", "name": "Gräfendorf", "street": "Frankfurter Straße 4 a"}, 
{"plz": "97747", "ort": "Karlstadt", "name": "Karlstadt, St", "street": "Postfach 1163"}, 
{"plz": "97755", "ort": "Hammelburg", "name": "Hammelburg, St", "street": "Postfach 1220"}, 
{"plz": "97769", "ort": "Bad Brückenau", "name": "Oberleichtersbach", "street": "Sinnaustraße 14 a"}, 
{"plz": "97769", "ort": "Bad Brückenau", "name": "Bad Brückenau, St", "street": "Marktplatz 2"}, 
{"plz": "97772", "ort": "Wildflecken", "name": "Wildflecken, M", "street": "Rathausplatz 1"}, 
{"plz": "97775", "ort": "Burgsinn", "name": "Aura i.Sinngrund", "street": "Burgweg 1"}, 
{"plz": "97776", "ort": "Eußenheim", "name": "Eußenheim", "street": "Am Kirchberg 16"}, 
{"plz": "97786", "ort": "Motten", "name": "Motten", "street": "Fuldaer Straße"}, 
{"plz": "97794", "ort": "Rieneck", "name": "Rieneck, St", "street": "Schulgasse 4"}, 
{"plz": "97797", "ort": "Wartmannsroth", "name": "Wartmannsroth", "street": "Hauptstraße 15"}, 
{"plz": "97799", "ort": "Zeitlofs", "name": "Zeitlofs, M", "street": "Baumallee 12"}, 
{"plz": "97803", "ort": "Lohr a.Main", "name": "Lohr a.Main, St", "street": "Postfach 1363"}, 
{"plz": "97804", "ort": "Lohr a.Main", "name": "Neustadt a.Main", "street": "Postfach 1446"}, 
{"plz": "97820", "ort": "Marktheidenfeld", "name": "Marktheidenfeld, St", "street": "Postfach 1155"}, 
{"plz": "97828", "ort": "Marktheidenfeld", "name": "Erlenbach b.Marktheidenfeld", "street": "Petzoltstraße 21"}, 
{"plz": "97833", "ort": "Frammersbach", "name": "Frammersbach, M", "street": "Marktplatz 3"}, 
{"plz": "97846", "ort": "Partenstein", "name": "Partenstein", "street": "Hauptstraße 24"}, 
{"plz": "97854", "ort": "Steinfeld", "name": "Steinfeld", "street": "Rathausstraße 16"}, 
{"plz": "97855", "ort": "Triefenstein", "name": "Triefenstein, M", "street": "Rathausstraße 2"}, 
{"plz": "97877", "ort": "Wertheim", "name": "Wertheim, Stadt", "street": "Mühlenstraße 26"}, 
{"plz": "97892", "ort": "Kreuzwertheim", "name": "Kreuzwertheim, M", "street": "Lengfurter Straße 8"}, 
{"plz": "97896", "ort": "Freudenberg", "name": "Freudenberg, Stadt", "street": "Hauptstraße 152"}, 
{"plz": "97900", "ort": "Külsheim", "name": "Külsheim, Stadt", "street": "Kirchbergweg 7"}, 
{"plz": "97903", "ort": "Collenberg", "name": "Collenberg", "street": "Kirchplatz 2"}, 
{"plz": "97904", "ort": "Dorfprozelten", "name": "Dorfprozelten", "street": "Schulgasse 2"}, 
{"plz": "97906", "ort": "Faulbach", "name": "Faulbach", "street": "Hauptstraße 121"}, 
{"plz": "97909", "ort": "Stadtprozelten", "name": "Stadtprozelten, St", "street": "Hauptstraße 132"}, 
{"plz": "97922", "ort": "Lauda-Königshofen", "name": "Lauda-Königshofen, Stadt", "street": "Marktplatz 1"}, 
{"plz": "97941", "ort": "Tauberbischofsheim", "name": "Tauberbischofsheim, Stadt", "street": "Marktplatz 8"}, 
{"plz": "97944", "ort": "Boxberg", "name": "Boxberg, Stadt", "street": "Kurpfalzstraße 29"}, 
{"plz": "97947", "ort": "Grünsfeld", "name": "Grünsfeld, Stadt", "street": "Hauptstraße 12"}, 
{"plz": "97950", "ort": "Großrinderfeld", "name": "Großrinderfeld", "street": "Marktplatz 6"}, 
{"plz": "97953", "ort": "Königheim", "name": "Königheim", "street": "Kirchplatz 2"}, 
{"plz": "97956", "ort": "Werbach", "name": "Werbach", "street": "Hauptstraße 59"}, 
{"plz": "97957", "ort": "Wittighausen", "name": "Wittighausen", "street": "Königstraße 17"}, 
{"plz": "97959", "ort": "Assamstadt", "name": "Assamstadt", "street": "Bobstadter Straße 1"}, 
{"plz": "97980", "ort": "Bad Mergentheim", "name": "Bad Mergentheim, Stadt", "street": "Bahnhofplatz 1"}, 
{"plz": "97980", "ort": "Bad Mergentheim", "name": "Bad Mergentheim, Stadt", "street": "Marktplatz 1"}, 
{"plz": "97990", "ort": "Weikersheim", "name": "Weikersheim, Stadt", "street": "Marktplatz 7"}, 
{"plz": "97993", "ort": "Creglingen", "name": "Creglingen, Stadt", "street": "Torstraße 2"}, 
{"plz": "97996", "ort": "Niederstetten", "name": "Niederstetten, Stadt", "street": "Albert-Sammt-Straße 1"}, 
{"plz": "97999", "ort": "Igersheim", "name": "Igersheim", "street": "Möhlerplatz 9"}]