[{"plz": "94032", "ort": "Passau", "name": "Passau", "street": "Rathausplatz 2"}, 
{"plz": "94051", "ort": "Hauzenberg", "name": "Hauzenberg, St", "street": "Marktplatz 10"}, 
{"plz": "94054", "ort": "Pocking", "name": "Pocking, St", "street": "Postfach 1320"}, 
{"plz": "94061", "ort": "Waldkirchen", "name": "Waldkirchen, St", "street": "Postfach 1127"}, 
{"plz": "94067", "ort": "Bad Füssing", "name": "Bad Füssing", "street": "Postfach 1105"}, 
{"plz": "94073", "ort": "Freyung", "name": "Freyung, St", "street": "Postfach 1312"}, 
{"plz": "94079", "ort": "Fürstenzell", "name": "Fürstenzell, M", "street": "Postfach 1030"}, 
{"plz": "94086", "ort": "Bad Griesbach i.Rottal", "name": "Bad Griesbach i.Rottal, St", "street": "Schloßberg 18"}, 
{"plz": "94089", "ort": "Neureichenau", "name": "Neureichenau", "street": "Dreisesselstraße 8"}, 
{"plz": "94090", "ort": "Rotthalmünster", "name": "Rotthalmünster, M", "street": "Postfach 1027"}, 
{"plz": "94095", "ort": "Ruhstorf a.d.Rott", "name": "Ruhstorf a.d.Rott, M", "street": "Postfach 1155"}, 
{"plz": "94100", "ort": "Tittling", "name": "Witzmannsberg", "street": "Postfach 4"}, 
{"plz": "94107", "ort": "Untergriesbach", "name": "Untergriesbach, M", "street": "Marktplatz 24"}, 
{"plz": "94108", "ort": "Wegscheid", "name": "Wegscheid, M", "street": "Postfach 10 39"}, 
{"plz": "94113", "ort": "Tiefenbach", "name": "Tiefenbach", "street": "Pilgrimstraße 2"}, 
{"plz": "94116", "ort": "Hutthurm", "name": "Hutthurm, M", "street": "Rathausplatz 1"}, 
{"plz": "94118", "ort": "Jandelsbrunn", "name": "Jandelsbrunn", "street": "Hauptstraße 31"}, 
{"plz": "94121", "ort": "Salzweg", "name": "Salzweg", "street": "Passauer Straße 42"}, 
{"plz": "94124", "ort": "Büchlberg", "name": "Büchlberg", "street": "Hauptstraße 5"}, 
{"plz": "94127", "ort": "Neuburg a.Inn", "name": "Neuburg a.Inn", "street": "Raiffeisenstraße 6"}, 
{"plz": "94130", "ort": "Obernzell", "name": "Obernzell, M", "street": "Marktplatz 42"}, 
{"plz": "94133", "ort": "Röhrnbach", "name": "Röhrnbach, M", "street": "Rathausplatz 1"}, 
{"plz": "94136", "ort": "Thyrnau", "name": "Thyrnau", "street": "Hofmarkstraße 18"}, 
{"plz": "94139", "ort": "Breitenberg", "name": "Breitenberg", "street": "Rathausplatz 3"}, 
{"plz": "94140", "ort": "Ering", "name": "Stubenberg", "street": "Paul-Sporrer-Straße 7"}, 
{"plz": "94143", "ort": "Grainet", "name": "Grainet", "street": "Obere Hauptstraße 11"}, 
{"plz": "94145", "ort": "Haidmühle", "name": "Haidmühle", "street": "Dreisesselstraße 12"}, 
{"plz": "94146", "ort": "Hinterschmiding", "name": "Hinterschmiding", "street": "Dorfplatz 23"}, 
{"plz": "94148", "ort": "Kirchham", "name": "Kirchham", "street": "Kirchplatz 3"}, 
{"plz": "94149", "ort": "Kößlarn", "name": "Kößlarn, M", "street": "Marktplatz 25"}, 
{"plz": "94151", "ort": "Mauth", "name": "Mauth", "street": "Giesekestraße 2"}, 
{"plz": "94152", "ort": "Neuhaus a.Inn", "name": "Neuhaus a.Inn", "street": "Klosterstraße 1"}, 
{"plz": "94154", "ort": "Neukirchen vorm Wald", "name": "Neukirchen vorm Wald", "street": "Kirchenweg 2"}, 
{"plz": "94157", "ort": "Perlesreut", "name": "Perlesreut, M", "street": "Unterer Markt 3"}, 
{"plz": "94160", "ort": "Ringelai", "name": "Ringelai", "street": "Pfarrer-Kainz-Straße 6"}, 
{"plz": "94161", "ort": "Ruderting", "name": "Ruderting", "street": "Passauer Straße 3"}, 
{"plz": "94163", "ort": "Saldenburg", "name": "Saldenburg", "street": "Seldenstraße 30"}, 
{"plz": "94164", "ort": "Sonnen", "name": "Sonnen", "street": "Schulstraße 2"}, 
{"plz": "94166", "ort": "Stubenberg", "name": "Stubenberg", "street": "Hofmark 14"}, 
{"plz": "94167", "ort": "Tettenweis", "name": "Tettenweis", "street": "Kirchplatz 15"}, 
{"plz": "94169", "ort": "Thurmansbang", "name": "Thurmansbang", "street": "Gründelln 3"}, 
{"plz": "94209", "ort": "Regen", "name": "Regen, St", "street": "Postfach 1340"}, 
{"plz": "94223", "ort": "Zwiesel", "name": "Zwiesel, St", "street": "Postfach 1451"}, 
{"plz": "94227", "ort": "Lindberg", "name": "Lindberg", "street": "Zwieselauer Straße 1"}, 
{"plz": "94234", "ort": "Viechtach", "name": "Viechtach, St", "street": "Mönchshofstraße 31"}, 
{"plz": "94235", "ort": "Ruhmannsfelden", "name": "Ruhmannsfelden, M", "street": "Postfach 65"}, 
{"plz": "94244", "ort": "Geiersthal", "name": "Geiersthal", "street": "Rathausstraße 5"}, 
{"plz": "94244", "ort": "Teisnach", "name": "Teisnach, M", "street": "Prälat-Mayer-Platz 5"}, 
{"plz": "94249", "ort": "Bodenmais", "name": "Bodenmais, M", "street": "Bahnhofstraße 56"}, 
{"plz": "94252", "ort": "Bayerisch Eisenstein", "name": "Bayerisch Eisenstein", "street": "Anton-Pech-Weg 2"}, 
{"plz": "94253", "ort": "Bischofsmais", "name": "Bischofsmais", "street": "Hauptstraße 34"}, 
{"plz": "94255", "ort": "Böbrach", "name": "Böbrach", "street": "Rathausplatz 1"}, 
{"plz": "94256", "ort": "Drachselsried", "name": "Drachselsried", "street": "Zellertalstraße 12"}, 
{"plz": "94258", "ort": "Frauenau", "name": "Frauenau", "street": "Rathausplatz 4"}, 
{"plz": "94259", "ort": "Kirchberg i.Wald", "name": "Kirchberg i.Wald", "street": "Rathausplatz 1"}, 
{"plz": "94261", "ort": "Kirchdorf i.Wald", "name": "Kirchdorf i.Wald", "street": "Marienbergstraße 3"}, 
{"plz": "94262", "ort": "Kollnburg", "name": "Kollnburg", "street": "Schulstraße 1"}, 
{"plz": "94264", "ort": "Langdorf", "name": "Langdorf", "street": "Hauptstraße 8"}, 
{"plz": "94265", "ort": "Patersdorf", "name": "Patersdorf", "street": "Martinsplatz 10"}, 
{"plz": "94267", "ort": "Prackenbach", "name": "Prackenbach", "street": "Schulweg 10"}, 
{"plz": "94269", "ort": "Rinchnach", "name": "Rinchnach", "street": "Gehmannsberger Straße 12"}, 
{"plz": "94303", "ort": "Straubing", "name": "Straubing", "street": "Postfach 0352"}, 
{"plz": "94327", "ort": "Bogen", "name": "Bogen, St", "street": "Stadtplatz 56"}, 
{"plz": "94328", "ort": "Aiterhofen", "name": "Aiterhofen", "street": "Postfach 51"}, 
{"plz": "94330", "ort": "Aiterhofen", "name": "Aiterhofen", "street": "Straubinger Straße 4"}, 
{"plz": "94333", "ort": "Geiselhöring", "name": "Geiselhöring, St", "street": "Stadtplatz 4"}, 
{"plz": "94336", "ort": "Hunderdorf", "name": "Neukirchen", "street": "Sollacher Straße 4"}, 
{"plz": "94339", "ort": "Leiblfing", "name": "Leiblfing", "street": "Schulstraße 6"}, 
{"plz": "94342", "ort": "Straßkirchen", "name": "Straßkirchen", "street": "Lindenstraße 1"}, 
{"plz": "94344", "ort": "Wiesenfelden", "name": "Wiesenfelden", "street": "Georgsplatz 1"}, 
{"plz": "94351", "ort": "Feldkirchen", "name": "Feldkirchen", "street": "Hauptstraße 29"}, 
{"plz": "94353", "ort": "Haibach", "name": "Haibach", "street": "Schulstraße 1"}, 
{"plz": "94356", "ort": "Kirchroth", "name": "Kirchroth", "street": "Regensburger Straße 22"}, 
{"plz": "94357", "ort": "Konzell", "name": "Konzell", "street": "Rathausplatz 1"}, 
{"plz": "94360", "ort": "Mitterfels", "name": "Mitterfels, M", "street": "Burgstraße 1"}, 
{"plz": "94363", "ort": "Oberschneiding", "name": "Oberschneiding", "street": "Pfarrer-Handwercher-Platz 4"}, 
{"plz": "94365", "ort": "Parkstetten", "name": "Parkstetten", "street": "Schulstraße 3"}, 
{"plz": "94369", "ort": "Rain", "name": "Aholfing", "street": "Schloßplatz 2"}, 
{"plz": "94371", "ort": "Rattenberg", "name": "Rattenberg", "street": "Dorfplatz 15"}, 
{"plz": "94374", "ort": "Schwarzach", "name": "Niederwinkling", "street": "Marktplatz 1"}, 
{"plz": "94375", "ort": "Stallwang", "name": "Loitzendorf", "street": "Straubinger Straße 18"}, 
{"plz": "94377", "ort": "Steinach", "name": "Steinach", "street": "Am Sportzentrum 1"}, 
{"plz": "94379", "ort": "Sankt Englmar", "name": "Sankt Englmar", "street": "Rathausstraße 6"}, 
{"plz": "94401", "ort": "Landau a.d.Isar", "name": "Landau a.d.Isar, St", "street": "Postfach 49"}, 
{"plz": "94417", "ort": "Reisbach", "name": "Reisbach, M", "street": "Landauer Straße 18"}, 
{"plz": "94424", "ort": "Arnstorf", "name": "Arnstorf, M", "street": "Marktplatz 8"}, 
{"plz": "94428", "ort": "Eichendorf", "name": "Eichendorf, M", "street": "Marktplatz 5"}, 
{"plz": "94429", "ort": "Pilsting", "name": "Pilsting, M", "street": "Postfach 30"}, 
{"plz": "94436", "ort": "Simbach", "name": "Simbach, M", "street": "Eggenfeldener Straße 1"}, 
{"plz": "94437", "ort": "Mamming", "name": "Gottfrieding", "street": "Hauptstraße 15"}, 
{"plz": "94439", "ort": "Roßbach", "name": "Roßbach", "street": "Münchsdorfer Straße 27"}, 
{"plz": "94442", "ort": "Plattling", "name": "Plattling, St", "street": "Postfach 1255"}, 
{"plz": "94459", "ort": "Deggendorf", "name": "Deggendorf, GKSt", "street": "Postfach 1920"}, 
{"plz": "94474", "ort": "Vilshofen an der Donau", "name": "Vilshofen an der Donau, St", "street": "Stadtplatz 27"}, 
{"plz": "94475", "ort": "Grafenau", "name": "Grafenau, St", "street": "Postfach 1151"}, 
{"plz": "94483", "ort": "Osterhofen", "name": "Osterhofen, St", "street": "Postfach 1164"}, 
{"plz": "94488", "ort": "Hengersberg", "name": "Hengersberg, M", "street": "Postfach 1080"}, 
{"plz": "94496", "ort": "Ortenburg", "name": "Ortenburg, M", "street": "Am Stausee 1"}, 
{"plz": "94497", "ort": "Aidenbach", "name": "Aidenbach, M", "street": "Postfach 50"}, 
{"plz": "94501", "ort": "Aidenbach", "name": "Aidenbach, M", "street": "Marktplatz 18"}, 
{"plz": "94501", "ort": "Aldersbach", "name": "Aldersbach", "street": "Klosterplatz 1"}, 
{"plz": "94505", "ort": "Bernried", "name": "Bernried", "street": "Birket 34"}, 
{"plz": "94506", "ort": "Schöllnach", "name": "Schöllnach, M", "street": "Postfach 61"}, 
{"plz": "94513", "ort": "Schönberg", "name": "Schönberg, M", "street": "Marktplatz 16"}, 
{"plz": "94518", "ort": "Spiegelau", "name": "Spiegelau", "street": "Konrad-Wilsdorf-Straße 5"}, 
{"plz": "94519", "ort": "Wallersdorf", "name": "Wallersdorf, M", "street": "Postfach 10"}, 
{"plz": "94523", "ort": "Metten", "name": "Metten, M", "street": "Postfach 1146"}, 
{"plz": "94527", "ort": "Aholming", "name": "Aholming", "street": "Untere Römerstraße 2"}, 
{"plz": "94529", "ort": "Aicha vorm Wald", "name": "Aicha vorm Wald", "street": "Hofmarkstraße 2"}, 
{"plz": "94530", "ort": "Auerbach", "name": "Auerbach", "street": "Hauptstraße 8"}, 
{"plz": "94535", "ort": "Eging a.See", "name": "Eging a.See, M", "street": "Prof.-Reiter-Straße 2"}, 
{"plz": "94538", "ort": "Fürstenstein", "name": "Fürstenstein", "street": "Vilshofener Straße 9"}, 
{"plz": "94539", "ort": "Grafling", "name": "Grafling", "street": "Hauptstraße 2"}, 
{"plz": "94542", "ort": "Haarbach", "name": "Haarbach", "street": "Hauptstraße 11"}, 
{"plz": "94544", "ort": "Hofkirchen", "name": "Hofkirchen, M", "street": "Rathausstraße 1"}, 
{"plz": "94545", "ort": "Hohenau", "name": "Hohenau", "street": "Dorfplatz 22"}, 
{"plz": "94547", "ort": "Iggensbach", "name": "Iggensbach", "street": "Hauptstraße 39"}, 
{"plz": "94550", "ort": "Künzing", "name": "Künzing", "street": "Osterhofener Straße 2"}, 
{"plz": "94551", "ort": "Lalling", "name": "Grattersdorf", "street": "Hauptstraße 28"}, 
{"plz": "94554", "ort": "Moos", "name": "Buchhofen", "street": "Graf-Ulrich-Philipp-Platz 1"}, 
{"plz": "94556", "ort": "Neuschönau", "name": "Neuschönau", "street": "Kaiserstraße 13"}, 
{"plz": "94557", "ort": "Niederalteich", "name": "Niederalteich", "street": "Guntherweg 3"}, 
{"plz": "94560", "ort": "Offenberg", "name": "Offenberg", "street": "Rathausplatz 1"}, 
{"plz": "94562", "ort": "Oberpöring", "name": "Wallerfing", "street": "Niederpöring 23"}, 
{"plz": "94568", "ort": "Sankt Oswald", "name": "Sankt Oswald-Riedlhütte", "street": "Lusenstraße 2"}, 
{"plz": "94569", "ort": "Stephansposching", "name": "Stephansposching", "street": "Deggendorfer Straße 6"}, 
{"plz": "94575", "ort": "Windorf", "name": "Windorf, M", "street": "Marktplatz 23"}, 
{"plz": "94577", "ort": "Winzer", "name": "Winzer, M", "street": "Schwanenkirchner Straße 2"}]