[{"plz": "91051", "ort": "Erlangen", "name": "Erlangen", "street": "Rathausplatz 1"}, 
{"plz": "91052", "ort": "Erlangen", "name": "Erlangen Bürgeramt", "street": "Rathausplatz 1\nEG", "phone": "09131-861-616", "email": "buergeramt@stadt.erlangen.de"}, 
{"plz": "91072", "ort": "Herzogenaurach", "name": "Herzogenaurach, St", "street": "Postfach 1260"}, 
{"plz": "91077", "ort": "Dormitz", "name": "Kleinsendelbach", "street": "Sebalder Straße 12"}, 
{"plz": "91077", "ort": "Neunkirchen a.Brand", "name": "Neunkirchen a.Brand, M", "street": "Klosterhof 2-4"}, 
{"plz": "91080", "ort": "Uttenreuth", "name": "Marloffstein", "street": "Erlanger Straße 40"}, 
{"plz": "91081", "ort": "Baiersdorf", "name": "Baiersdorf, St", "street": "Postfach 26"}, 
{"plz": "91085", "ort": "Weisendorf", "name": "Weisendorf, M", "street": "Gerbersleite 2"}, 
{"plz": "91086", "ort": "Aurachtal", "name": "Oberreichenbach", "street": "Lange Straße 2"}, 
{"plz": "91088", "ort": "Bubenreuth", "name": "Bubenreuth", "street": "Postfach 10"}, 
{"plz": "91090", "ort": "Effeltrich", "name": "Effeltrich", "street": "Forchheimer Straße 1"}, 
{"plz": "91093", "ort": "Heßdorf", "name": "Großenseebach", "street": "Hannberger Straße 5"}, 
{"plz": "91094", "ort": "Langensendelbach", "name": "Langensendelbach", "street": "Kirchweg 1"}, 
{"plz": "91096", "ort": "Möhrendorf", "name": "Möhrendorf", "street": "Hauptstraße 16"}, 
{"plz": "91124", "ort": "Schwabach", "name": "Schwabach", "street": "Postfach 2120"}, 
{"plz": "91126", "ort": "Kammerstein", "name": "Kammerstein", "street": "Dorfstraße 10"}, 
{"plz": "91126", "ort": "Rednitzhembach", "name": "Rednitzhembach", "street": "Rathausplatz 1"}, 
{"plz": "91142", "ort": "Roth", "name": "Roth, St", "street": "Postfach 1462"}, 
{"plz": "91155", "ort": "Hilpoltstein", "name": "Hilpoltstein, St", "street": "Postfach 1160"}, 
{"plz": "91166", "ort": "Georgensgmünd", "name": "Georgensgmünd", "street": "Bahnhofstraße 4"}, 
{"plz": "91171", "ort": "Greding", "name": "Greding, St", "street": "Marktplatz 11 + 13"}, 
{"plz": "91174", "ort": "Spalt", "name": "Spalt, St", "street": "Herrengasse 10"}, 
{"plz": "91177", "ort": "Thalmässing", "name": "Thalmässing, M", "street": "Stettener Straße 26"}, 
{"plz": "91180", "ort": "Heideck", "name": "Heideck, St", "street": "Marktplatz 24"}, 
{"plz": "91183", "ort": "Abenberg", "name": "Abenberg, St", "street": "Postfach 8"}, 
{"plz": "91186", "ort": "Büchenbach", "name": "Büchenbach", "street": "Rother Straße 8"}, 
{"plz": "91187", "ort": "Röttenbach", "name": "Röttenbach", "street": "Rathausplatz 1"}, 
{"plz": "91189", "ort": "Rohr", "name": "Rohr", "street": "Alte Gasse 1"}, 
{"plz": "91205", "ort": "Lauf a.d.Pegnitz", "name": "Lauf a.d.Pegnitz, St", "street": "Postfach 100244"}, 
{"plz": "91214", "ort": "Hersbruck", "name": "Hersbruck, St", "street": "Postfach 540"}, 
{"plz": "91220", "ort": "Schnaittach", "name": "Schnaittach, M", "street": "Marktplatz 1"}, 
{"plz": "91224", "ort": "Pommelsbrunn", "name": "Pommelsbrunn", "street": "Rathausplatz 1"}, 
{"plz": "91227", "ort": "Leinburg", "name": "Leinburg", "street": "Haidelbacher Straße 3"}, 
{"plz": "91228", "ort": "Happurg", "name": "Happurg", "street": "Postfach 40"}, 
{"plz": "91233", "ort": "Neunkirchen a.Sand", "name": "Neunkirchen a.Sand", "street": "Hirtenweg 2-4"}, 
{"plz": "91235", "ort": "Velden", "name": "Hartenstein", "street": "Marktplatz 9"}, 
{"plz": "91239", "ort": "Henfenfeld", "name": "Offenhausen", "street": "Kirchenstraße 10"}, 
{"plz": "91241", "ort": "Kirchensittenbach", "name": "Kirchensittenbach", "street": "Rathausgasse 1"}, 
{"plz": "91242", "ort": "Ottensoos", "name": "Ottensoos", "street": "Dorfplatz 3"}, 
{"plz": "91244", "ort": "Reichenschwand", "name": "Reichenschwand", "street": "Nürnberger Straße 20"}, 
{"plz": "91245", "ort": "Simmelsdorf", "name": "Simmelsdorf", "street": "Nürnberger Straße 16"}, 
{"plz": "91252", "ort": "Pegnitz", "name": "Pegnitz, St", "street": "Postfach 1261"}, 
{"plz": "91270", "ort": "Auerbach i.d.OPf.", "name": "Auerbach i.d.OPf., St", "street": "Postfach 1147"}, 
{"plz": "91278", "ort": "Pottenstein", "name": "Pottenstein, St", "street": "Forchheimer Straße 1"}, 
{"plz": "91281", "ort": "Kirchenthumbach", "name": "Kirchenthumbach, M", "street": "Bahnhofstraße 18"}, 
{"plz": "91282", "ort": "Betzenstein", "name": "Betzenstein, St", "street": "Nürnberger Straße 5"}, 
{"plz": "91284", "ort": "Neuhaus a.d.Pegnitz", "name": "Neuhaus a.d.Pegnitz, M", "street": "Unterer Markt 9"}, 
{"plz": "91286", "ort": "Obertrubach", "name": "Obertrubach", "street": "Teichstraße 5"}, 
{"plz": "91299", "ort": "Forchheim", "name": "Forchheim, GKSt", "street": null}, 
{"plz": "91311", "ort": "Höchstadt a.d.Aisch", "name": "Höchstadt a.d.Aisch, St", "street": "Postfach 1109"}, 
{"plz": "91315", "ort": "Höchstadt a.d.Aisch", "name": "Vestenbergsgreuth, M", "street": "Bahnhofstraße 18"}, 
{"plz": "91320", "ort": "Ebermannstadt", "name": "Ebermannstadt, St", "street": "Franz-Dörrzapf-Straße 10"}, 
{"plz": "91322", "ort": "Gräfenberg", "name": "Hiltpoltstein, M", "street": "Kirchplatz 8"}, 
{"plz": "91323", "ort": "Adelsdorf", "name": "Adelsdorf", "street": "Postfach 1102"}, 
{"plz": "91327", "ort": "Gößweinstein", "name": "Gößweinstein, M", "street": "Burgstraße 8"}, 
{"plz": "91328", "ort": "Eggolsheim", "name": "Eggolsheim, M", "street": "Postfach 20"}, 
{"plz": "91332", "ort": "Heiligenstadt i.OFr.", "name": "Heiligenstadt i.OFr., M", "street": "Marktplatz 20"}, 
{"plz": "91334", "ort": "Hemhofen", "name": "Hemhofen", "street": "Blumenstraße 25"}, 
{"plz": "91336", "ort": "Heroldsbach", "name": "Heroldsbach", "street": "Hauptstraße 9"}, 
{"plz": "91338", "ort": "Igensdorf", "name": "Igensdorf, M", "street": "Bürgermeister-Zeiß-Platz 1"}, 
{"plz": "91339", "ort": "Röttenbach", "name": "Röttenbach", "street": "Postfach 63"}, 
{"plz": "91344", "ort": "Waischenfeld", "name": "Waischenfeld, St", "street": "Marktplatz 1"}, 
{"plz": "91346", "ort": "Wiesenttal", "name": "Wiesenttal, M", "street": "Forchheimer Straße 8"}, 
{"plz": "91349", "ort": "Egloffstein", "name": "Egloffstein, M", "street": "Badstraße 166"}, 
{"plz": "91352", "ort": "Hallerndorf", "name": "Hallerndorf", "street": "Von-Seckendorf-Straße 10"}, 
{"plz": "91353", "ort": "Hausen", "name": "Hausen", "street": "Heroldsbacher Straße 51"}, 
{"plz": "91356", "ort": "Kirchehrenbach", "name": "Kirchehrenbach", "street": "Hauptstraße 53"}, 
{"plz": "91361", "ort": "Pinzberg", "name": "Wiesenthau", "street": "Reuther Straße 1"}, 
{"plz": "91362", "ort": "Pretzfeld", "name": "Pretzfeld, M", "street": "Hauptstraße 3"}, 
{"plz": "91406", "ort": "Neustadt a.d.Aisch", "name": "Neustadt a.d.Aisch, St", "street": "Postfach 1669"}, 
{"plz": "91425", "ort": "Bad Windsheim", "name": "Bad Windsheim, St", "street": "Postfach 260"}, 
{"plz": "91439", "ort": "Scheinfeld", "name": "Markt Taschendorf, M", "street": "Postfach 160"}, 
{"plz": "91448", "ort": "Emskirchen", "name": "Emskirchen, M", "street": "Erlanger Straße 2"}, 
{"plz": "91452", "ort": "Wilhermsdorf", "name": "Wilhermsdorf, M", "street": "Hauptstraße 46"}, 
{"plz": "91456", "ort": "Diespeck", "name": "Münchsteinach", "street": "Rathausplatz 1"}, 
{"plz": "91457", "ort": "Markt Erlbach", "name": "Markt Erlbach, M", "street": "Neue Straße 16"}, 
{"plz": "91463", "ort": "Dietersheim", "name": "Dietersheim", "street": "Hauptstraße 7"}, 
{"plz": "91472", "ort": "Ipsheim", "name": "Ipsheim, M", "street": "Marktplatz 2"}, 
{"plz": "91486", "ort": "Uehlfeld", "name": "Gerhardshofen", "street": "Rosenhofstraße 6"}, 
{"plz": "91489", "ort": "Wilhelmsdorf", "name": "Hagenbüchach", "street": "Hugenottenplatz 8"}, 
{"plz": "91511", "ort": "Ansbach", "name": "Ansbach", "street": "Postfach 607"}, 
{"plz": "91535", "ort": "Rothenburg ob der Tauber", "name": "Rothenburg ob der Tauber, GKSt", "street": "Postfach 1363"}, 
{"plz": "91541", "ort": "Rothenburg ob der Tauber", "name": "Windelsbach", "street": "Laiblestraße 31"}, 
{"plz": "91544", "ort": "Dinkelsbühl", "name": "Dinkelsbühl, GKSt", "street": "Postfach 350"}, 
{"plz": "91552", "ort": "Feuchtwangen", "name": "Feuchtwangen, St", "street": "Postfach 1257"}, 
{"plz": "91560", "ort": "Heilsbronn", "name": "Heilsbronn, St", "street": "Kammereckerplatz 1"}, 
{"plz": "91564", "ort": "Neuendettelsau", "name": "Neuendettelsau", "street": "Johann-Flierl-Straße 19"}, 
{"plz": "91567", "ort": "Herrieden", "name": "Herrieden, St", "street": "Herrnhof 10"}, 
{"plz": "91568", "ort": "Bechhofen", "name": "Bechhofen, M", "street": "Postfach 1108"}, 
{"plz": "91575", "ort": "Windsbach", "name": "Windsbach, St", "street": "Hauptstraße 15"}, 
{"plz": "91578", "ort": "Leutershausen", "name": "Leutershausen, St", "street": "10"}, 
{"plz": "91580", "ort": "Petersaurach", "name": "Petersaurach", "street": "Hauptstraße 29"}, 
{"plz": "91583", "ort": "Schillingsfürst", "name": "Schillingsfürst, St", "street": "Anton-Roth-Weg 9"}, 
{"plz": "91586", "ort": "Lichtenau", "name": "Lichtenau, M", "street": "Ansbacher Straße 11"}, 
{"plz": "91589", "ort": "Aurach", "name": "Aurach", "street": "Im Mooshof 4"}, 
{"plz": "91593", "ort": "Burgbernheim", "name": "Burgbernheim, St", "street": "Rathausplatz 1"}, 
{"plz": "91595", "ort": "Burgoberbach", "name": "Burgoberbach", "street": "Ansbacher Straße 24"}, 
{"plz": "91596", "ort": "Burk", "name": "Burk", "street": "Am Kirchplatz 4"}, 
{"plz": "91598", "ort": "Colmberg", "name": "Colmberg, M", "street": "Am Markt 1"}, 
{"plz": "91599", "ort": "Dentlein a.Forst", "name": "Dentlein a.Forst, M", "street": "Rathausplatz 1"}, 
{"plz": "91602", "ort": "Dürrwangen", "name": "Dürrwangen, M", "street": "Sulzacher Straße 14"}, 
{"plz": "91604", "ort": "Flachslanden", "name": "Flachslanden, M", "street": "Schulstraße 2"}, 
{"plz": "91611", "ort": "Lehrberg", "name": "Lehrberg, M", "street": "Sonnenstraße 14"}, 
{"plz": "91614", "ort": "Mönchsroth", "name": "Mönchsroth", "street": "Hauptstraße 2"}, 
{"plz": "91617", "ort": "Oberdachstetten", "name": "Oberdachstetten", "street": "Rathausstraße 7"}, 
{"plz": "91619", "ort": "Obernzenn", "name": "Obernzenn, M", "street": "Marktplatz 9"}, 
{"plz": "91622", "ort": "Rügland", "name": "Rügland", "street": "Hirtenweg 24"}, 
{"plz": "91623", "ort": "Sachsen b.Ansbach", "name": "Sachsen b.Ansbach", "street": "Hauptstraße 22"}, 
{"plz": "91625", "ort": "Schnelldorf", "name": "Schnelldorf", "street": "Rothenburger Straße 13"}, 
{"plz": "91626", "ort": "Schopfloch", "name": "Schopfloch, M", "street": "Friedrich-Ebert-Straße 15"}, 
{"plz": "91629", "ort": "Weihenzell", "name": "Weihenzell", "street": "Ansbacher Straße 15"}, 
{"plz": "91632", "ort": "Wieseth", "name": "Wieseth", "street": "Hauptstraße67"}, 
{"plz": "91634", "ort": "Wilburgstetten", "name": "Wilburgstetten", "street": "Alte Schulstraße 8"}, 
{"plz": "91637", "ort": "Wörnitz", "name": "Wörnitz", "street": "Rothenburger Straße 10"}, 
{"plz": "91639", "ort": "Wolframs-Eschenbach", "name": "Wolframs-Eschenbach, St", "street": "Wolfram-von-Eschenbach-Platz 1"}, 
{"plz": "91705", "ort": "Gunzenhausen", "name": "Gunzenhausen, St", "street": "Postfach 1552"}, 
{"plz": "91710", "ort": "Gunzenhausen", "name": "Theilenhofen", "street": "Frankenmuther Straße 2 d"}, 
{"plz": "91710", "ort": "Gunzenhausen", "name": "Theilenhofen", "street": "Reutbergstraße 34"}, 
{"plz": "91714", "ort": "Wassertrüdingen", "name": "Wassertrüdingen, St", "street": "Postfach 1146"}, 
{"plz": "91719", "ort": "Heidenheim", "name": "Heidenheim, M", "street": "Ringstraße 12"}, 
{"plz": "91722", "ort": "Arberg", "name": "Arberg, M", "street": "Marktplatz 13"}, 
{"plz": "91725", "ort": "Ehingen", "name": "Unterschwaningen", "street": "Wittelshofener Straße 30"}, 
{"plz": "91731", "ort": "Langfurth", "name": "Langfurth", "street": "Hauptstraße 38"}, 
{"plz": "91732", "ort": "Merkendorf", "name": "Merkendorf, St", "street": "Marktplatz 1"}, 
{"plz": "91734", "ort": "Mitteleschenbach", "name": "Mitteleschenbach", "street": "Rathausstraße 2"}, 
{"plz": "91735", "ort": "Muhr a.See", "name": "Muhr a.See", "street": "Rosenau 1"}, 
{"plz": "91744", "ort": "Weiltingen", "name": "Weiltingen, M", "street": "Schloßweg 11"}, 
{"plz": "91746", "ort": "Weidenbach", "name": "Weidenbach, M", "street": "Triesdorfer Straße 8"}, 
{"plz": "91753", "ort": "Treuchtlingen", "name": "Treuchtlingen, St", "street": "Hauptstraße 31"}, 
{"plz": "91781", "ort": "Weißenburg i.Bay.", "name": "Weißenburg i.Bay., GKSt", "street": "Marktplatz 19"}, 
{"plz": "91785", "ort": "Pleinfeld", "name": "Pleinfeld, M", "street": "Marktplatz 11"}, 
{"plz": "91788", "ort": "Pappenheim", "name": "Pappenheim, St", "street": "Marktplatz 1"}, 
{"plz": "91790", "ort": "Nennslingen", "name": "Nennslingen, M", "street": "Schmiedgasse 1"}, 
{"plz": "91791", "ort": "Ellingen", "name": "Ellingen, St", "street": "Postfach 51"}, 
{"plz": "91795", "ort": "Dollnstein", "name": "Dollnstein, M", "street": "Papst-Viktor-Straße 35"}, 
{"plz": "91799", "ort": "Langenaltheim", "name": "Langenaltheim", "street": "Untere Hauptstraße 15"}, 
{"plz": "91802", "ort": "Meinheim", "name": "Markt Berolzheim, M", "street": "Hauptstraße 37"}, 
{"plz": "91804", "ort": "Mörnsheim", "name": "Mörnsheim, M", "street": "Kastnerplatz 1"}, 
{"plz": "91805", "ort": "Polsingen", "name": "Polsingen", "street": "Frankenstraße 38"}, 
{"plz": "91807", "ort": "Solnhofen", "name": "Solnhofen", "street": "Bahnhofstraße 8"}, 
{"plz": "91809", "ort": "Wellheim", "name": "Wellheim, M", "street": "Marktplatz 2"}]