[{"plz": "35037", "ort": "Marburg", "name": "Marburg, Universitätsstadt", "street": "Markt 1"}, 
{"plz": "35039", "ort": "Marburg", "name": "Marburg", "street": "Frauenbergstr. 35", "phone": "06421-2011-801", "email": "stadtbuero@marburg-stadt.de"}, 
{"plz": "35066", "ort": "Frankenberg (Eder)", "name": "Frankenberg (Eder), Philipp-Soldan-Stadt", "street": "Obermarkt 7-13"}, 
{"plz": "35075", "ort": "Gladenbach", "name": "Gladenbach, Stadt", "street": "Karl-Waldschmidt-Straße 3"}, 
{"plz": "35080", "ort": "Bad Endbach", "name": "Bad Endbach", "street": "Herborner Straße 1"}, 
{"plz": "35083", "ort": "Wetter (Hessen)", "name": "Wetter (Hessen), Stadt", "street": "Marktplatz 1"}, 
{"plz": "35085", "ort": "Ebsdorfergrund", "name": "Ebsdorfergrund", "street": "Dreihäuserstraße 17"}, 
{"plz": "35088", "ort": "Battenberg (Eder)", "name": "Battenberg (Eder), Stadt", "street": "Hauptstraße 58"}, 
{"plz": "35091", "ort": "Cölbe", "name": "Cölbe", "street": "Kasseler Straße 88"}, 
{"plz": "35094", "ort": "Lahntal", "name": "Lahntal", "street": "Oberdorfer Straße 1"}, 
{"plz": "35096", "ort": "Weimar (Lahn)", "name": "Weimar (Lahn)", "street": "Alte Bahnhofstraße 31"}, 
{"plz": "35099", "ort": "Burgwald", "name": "Burgwald", "street": "Hauptstraße 73"}, 
{"plz": "35102", "ort": "Lohra", "name": "Lohra", "street": "Heinrich-Naumann-Weg 2"}, 
{"plz": "35104", "ort": "Lichtenfels", "name": "Lichtenfels, Stadt", "street": "Aarweg 10"}, 
{"plz": "35108", "ort": "Allendorf (Eder)", "name": "Allendorf (Eder)", "street": "Schulstraße 5"}, 
{"plz": "35110", "ort": "Frankenau", "name": "Frankenau, Nationalparkstadt", "street": "Ehlingshäuser Straße 1"}, 
{"plz": "35112", "ort": "Fronhausen", "name": "Fronhausen", "street": "Schulstraße 19"}, 
{"plz": "35114", "ort": "Haina (Kloster)", "name": "Haina (Kloster)", "street": "Poststraße 4"}, 
{"plz": "35116", "ort": "Hatzfeld (Eder)", "name": "Hatzfeld (Eder), Stadt", "street": "Im Hain 1"}, 
{"plz": "35117", "ort": "Münchhausen", "name": "Münchhausen", "street": "Marburger Straße 82"}, 
{"plz": "35119", "ort": "Rosenthal", "name": "Rosenthal, Stadt", "street": "Am Rathaus 2"}, 
{"plz": "35216", "ort": "Biedenkopf", "name": "Biedenkopf, Stadt", "street": "Hainstraße 63"}, 
{"plz": "35232", "ort": "Dautphetal", "name": "Dautphetal", "street": "Hainstraße 1"}, 
{"plz": "35236", "ort": "Breidenbach", "name": "Breidenbach", "street": "Bachstraße 4-14"}, 
{"plz": "35239", "ort": "Steffenberg", "name": "Steffenberg", "street": "Bauhofstraße 1"}, 
{"plz": "35260", "ort": "Stadtallendorf", "name": "Stadtallendorf, Stadt", "street": "Bahnhofstraße 2"}, 
{"plz": "35274", "ort": "Kirchhain", "name": "Kirchhain, Stadt", "street": "Am Markt 1"}, 
{"plz": "35279", "ort": "Neustadt (Hessen)", "name": "Neustadt (Hessen), Stadt", "street": "Ritterstraße 5-9"}, 
{"plz": "35282", "ort": "Rauschenberg", "name": "Rauschenberg, Stadt", "street": "Schloßstraße 1"}, 
{"plz": "35285", "ort": "Gemünden (Wohra)", "name": "Gemünden (Wohra), Stadt", "street": "Marktstraße 10"}, 
{"plz": "35287", "ort": "Amöneburg", "name": "Amöneburg, Stadt", "street": "Am Markt 1"}, 
{"plz": "35288", "ort": "Wohratal", "name": "Wohratal", "street": "Halsdorfer Straße 56"}, 
{"plz": "35305", "ort": "Grünberg", "name": "Grünberg, Stadt", "street": "Rabegasse 1"}, 
{"plz": "35315", "ort": "Homberg (Ohm)", "name": "Homberg (Ohm), Stadt", "street": "Marktstraße 26"}, 
{"plz": "35321", "ort": "Laubach", "name": "Laubach, Stadt", "street": "Friedrichstraße 11"}, 
{"plz": "35325", "ort": "Mücke", "name": "Mücke", "street": "Im Herrnhain 2"}, 
{"plz": "35327", "ort": "Ulrichstein", "name": "Ulrichstein, Stadt", "street": "Marktstraße 28-32"}, 
{"plz": "35329", "ort": "Gemünden (Felda)", "name": "Gemünden (Felda)", "street": "Rathausgasse 6"}, 
{"plz": "35390", "ort": "Gießen", "name": "Gießen, Universitätsstadt", "street": "Berliner Platz 1"}, 
{"plz": "35390", "ort": "Gießen", "name": "Gießen", "street": "Berliner Platz 1\nErdgeschoss", "phone": "0641-306-1234", "email": "stadtbuero@giessen.de"}, 
{"plz": "35410", "ort": "Hungen", "name": "Hungen, Stadt", "street": "Kaiserstraße 7"}, 
{"plz": "35415", "ort": "Pohlheim", "name": "Pohlheim, Stadt", "street": "Ludwigstraße 31"}, 
{"plz": "35418", "ort": "Buseck", "name": "Buseck", "street": "Ernst-Ludwig-Straße 15"}, 
{"plz": "35423", "ort": "Lich", "name": "Lich, Stadt", "street": "Unterstadt 1"}, 
{"plz": "35428", "ort": "Langgöns", "name": "Langgöns", "street": "St.-Ulrich-Ring 13"}, 
{"plz": "35435", "ort": "Wettenberg", "name": "Wettenberg", "street": "Sorguesplatz 2"}, 
{"plz": "35440", "ort": "Linden", "name": "Linden, Stadt", "street": "Konrad-Adenauer-Straße 25"}, 
{"plz": "35444", "ort": "Biebertal", "name": "Biebertal", "street": "Mühlbergstraße 9"}, 
{"plz": "35447", "ort": "Reiskirchen", "name": "Reiskirchen", "street": "Schulstraße 17"}, 
{"plz": "35452", "ort": "Heuchelheim", "name": "Heuchelheim a. d. Lahn", "street": "Am Zimmerplatz 3"}, 
{"plz": "35457", "ort": "Lollar", "name": "Lollar, Stadt", "street": "Holzmühler Weg 76"}, 
{"plz": "35460", "ort": "Staufenberg", "name": "Staufenberg, Stadt", "street": "Tarjanplatz 1"}, 
{"plz": "35463", "ort": "Fernwald", "name": "Fernwald", "street": "Oppenröder Straße 1"}, 
{"plz": "35466", "ort": "Rabenau", "name": "Rabenau", "street": "Eichweg 14"}, 
{"plz": "35469", "ort": "Allendorf (Lumda)", "name": "Allendorf (Lumda), Stadt", "street": "Bahnhofstraße 14"}, 
{"plz": "35510", "ort": "Butzbach", "name": "Butzbach, Friedrich-Ludwig-Weidig-Stadt", "street": "Marktplatz 1"}, 
{"plz": "35516", "ort": "Münzenberg", "name": "Münzenberg, Stadt", "street": "Hauptstraße 22"}, 
{"plz": "35519", "ort": "Rockenberg", "name": "Rockenberg", "street": "Obergasse 12"}, 
{"plz": "35578", "ort": "Wetzlar", "name": "Wetzlar, Stadt", "street": "Ernst-Leitz-Straße 30"}, 
{"plz": "35606", "ort": "Solms", "name": "Solms, Stadt", "street": "Oberndorfer Straße 20"}, 
{"plz": "35614", "ort": "Aßlar", "name": "Aßlar, Stadt", "street": "Mühlgrabenstraße 1"}, 
{"plz": "35619", "ort": "Braunfels", "name": "Braunfels, Stadt", "street": "Hüttenweg 3"}, 
{"plz": "35625", "ort": "Hüttenberg", "name": "Hüttenberg", "street": "Frankfurter Straße 49-51"}, 
{"plz": "35630", "ort": "Ehringshausen", "name": "Ehringshausen", "street": "Rathausstraße 1"}, 
{"plz": "35633", "ort": "Lahnau", "name": "Lahnau", "street": "Rathausplatz 1-5"}, 
{"plz": "35638", "ort": "Leun", "name": "Leun, Stadt", "street": "Bahnhofstraße 25"}, 
{"plz": "35641", "ort": "Schöffengrund", "name": "Schöffengrund", "street": "Neukirchener Straße 5"}, 
{"plz": "35644", "ort": "Hohenahr", "name": "Hohenahr", "street": "Rathausplatz 6"}, 
{"plz": "35647", "ort": "Waldsolms", "name": "Waldsolms", "street": "Lindenplatz 2"}, 
{"plz": "35649", "ort": "Bischoffen", "name": "Bischoffen", "street": "Schulstraße 23"}, 
{"plz": "35683", "ort": "Dillenburg", "name": "Dillenburg, Oranienstadt", "street": "Rathausstraße 7"}, 
{"plz": "35708", "ort": "Haiger", "name": "Haiger, Stadt", "street": "Marktplatz 7"}, 
{"plz": "35713", "ort": "Eschenburg", "name": "Eschenburg", "street": "Nassauer Straße 11"}, 
{"plz": "35716", "ort": "Dietzhölztal", "name": "Dietzhölztal", "street": "Hauptstraße 92"}, 
{"plz": "35719", "ort": "Angelburg", "name": "Angelburg", "street": "Bahnhofstraße 1"}, 
{"plz": "35745", "ort": "Herborn", "name": "Herborn, Stadt", "street": "Hauptstraße 39"}, 
{"plz": "35753", "ort": "Greifenstein", "name": "Greifenstein", "street": "Herborner Straße 38"}, 
{"plz": "35756", "ort": "Mittenaar", "name": "Mittenaar", "street": "Leipziger Straße 1"}, 
{"plz": "35759", "ort": "Driedorf", "name": "Driedorf", "street": "Wilhelmstraße 16"}, 
{"plz": "35764", "ort": "Sinn", "name": "Sinn", "street": "Jordanstraße 2"}, 
{"plz": "35767", "ort": "Breitscheid", "name": "Breitscheid", "street": "Rathausstraße 14"}, 
{"plz": "35768", "ort": "Siegbach", "name": "Siegbach", "street": "Austraße 23"}, 
{"plz": "35781", "ort": "Weilburg", "name": "Weilburg, Stadt", "street": "Mauerstraße 6-8"}, 
{"plz": "35789", "ort": "Weilmünster", "name": "Weilmünster, Marktflecken", "street": "Rathausplatz 8"}, 
{"plz": "35792", "ort": "Löhnberg", "name": "Löhnberg", "street": "Obertorstraße 5"}, 
{"plz": "35794", "ort": "Mengerskirchen", "name": "Mengerskirchen, Marktflecken", "street": "Schloßstraße 3"}, 
{"plz": "35796", "ort": "Weinbach", "name": "Weinbach", "street": "Elkerhäuser Straße 17"}, 
{"plz": "35799", "ort": "Merenberg", "name": "Merenberg, Marktflecken", "street": "Allendorfer Straße 4"}]