[{"plz": "33014", "ort": "Bad Driburg", "name": "Bad Driburg, Stadt", "street": "Am Rathausplatz 2"}, 
{"plz": "33034", "ort": "Brakel", "name": "Brakel, Stadt", "street": "Am Markt 12"}, 
{"plz": "33039", "ort": "Nieheim", "name": "Nieheim, Stadt", "street": "Marktstraße 28"}, 
{"plz": "33098", "ort": "Paderborn", "name": "Paderborn", "street": "Marienplatz 2a", "phone": "05251-88-0", "email": "einwohneramt@paderborn.de"}, 
{"plz": "33104", "ort": "Paderborn", "name": "Paderborn, Stadt", "street": "Am Hoppenhof 33"}, 
{"plz": "33104", "ort": "Paderborn", "name": "Paderborn Schloß Neuhaus", "street": "Bielefelder Str. 3", "phone": "05251-881-188", "email": "einwohneramt@paderborn.de"}, 
{"plz": "33106", "ort": "Paderborn", "name": "Paderborn Elsen", "street": "Von Ketteler Str. 63", "phone": "05251-881-188", "email": "einwohneramt@paderborn.de"}, 
{"plz": "33129", "ort": "Delbrück", "name": "Delbrück, Stadt", "street": "Lange Straße 45"}, 
{"plz": "33142", "ort": "Büren", "name": "Büren, Stadt", "street": "Königstraße 16"}, 
{"plz": "33154", "ort": "Salzkotten", "name": "Salzkotten, Stadt", "street": "Marktstraße 8"}, 
{"plz": "33161", "ort": "Hövelhof", "name": "Hövelhof, Sennegemeinde", "street": "Schloßstraße 14"}, 
{"plz": "33165", "ort": "Lichtenau", "name": "Lichtenau, Stadt", "street": "Lange Straße 39"}, 
{"plz": "33175", "ort": "Bad Lippspringe", "name": "Bad Lippspringe, Stadt", "street": "Friedr.-Wilhelm-Weber-Platz 1"}, 
{"plz": "33178", "ort": "Borchen", "name": "Borchen", "street": "Unter der Burg 1"}, 
{"plz": "33181", "ort": "Bad Wünnenberg", "name": "Bad Wünnenberg, Stadt", "street": "Poststraße 15"}, 
{"plz": "33184", "ort": "Altenbeken", "name": "Altenbeken", "street": "Bahnhofstraße 5 a"}, 
{"plz": "33189", "ort": "Schlangen", "name": "Schlangen", "street": "Kirchplatz 6"}, 
{"plz": "33330", "ort": "Gütersloh", "name": "Gütersloh, Stadt", "street": "Berliner Straße 70"}, 
{"plz": "33330", "ort": "Gütersloh", "name": "Gütersloh", "street": "Berliner Str. 70", "phone": "05241-82-2282", "email": "buergerbuero@guetersloh.de"}, 
{"plz": "33378", "ort": "Rheda-Wiedenbrück", "name": "Rheda-Wiedenbrück, Stadt", "street": "Rathausplatz 13"}, 
{"plz": "33397", "ort": "Rietberg", "name": "Rietberg, Stadt", "street": "Rathausstraße 31"}, 
{"plz": "33415", "ort": "Verl", "name": "Verl, Stadt", "street": "Paderborner Straße 5"}, 
{"plz": "33428", "ort": "Harsewinkel", "name": "Harsewinkel, Die Mähdrescherstadt", "street": "Münsterstraße 14"}, 
{"plz": "33442", "ort": "Herzebrock-Clarholz", "name": "Herzebrock-Clarholz", "street": "Am Rathaus 1"}, 
{"plz": "33449", "ort": "Langenberg", "name": "Langenberg", "street": "Klutenbrinkstraße 5"}, 
{"plz": "33602", "ort": "Bielefeld", "name": "Bielefeld Bürgerberatung Mitte", "street": "Niederwall 23\nNeues Rathaus", "phone": "0521-51-0-(BürgerServiceCenter)", "email": "buergerberatung@bielefeld.de"}, 
{"plz": "33602", "ort": "Bielefeld", "name": "Bielefeld, Stadt", "street": "Niederwall 23"}, 
{"plz": "33611", "ort": "Bielefeld", "name": "Bielefeld Schildesche", "street": "Margaretenweg 29", "phone": "0521-51-0-(BürgerServiceCenter)", "email": "buergerberatung@bielefeld.de"}, 
{"plz": "33617", "ort": "Bielefeld", "name": "Bielefeld Gadderbaum", "street": "Nazarethweg 7\nBethelplatz", "phone": "0521-51-0-(BürgerServiceCenter)", "email": "buergerberatung@bielefeld.de"}, 
{"plz": "33619", "ort": "Bielefeld", "name": "Bielefeld Dornberg", "street": "Wertherstr. 436", "phone": "0521-51-0-(BürgerServiceCenter)", "email": "buergerberatung@bielefeld.de"}, 
{"plz": "33647", "ort": "Bielefeld", "name": "Bielefeld Brackwede", "street": "Germanenstr. 22", "phone": "0521-51-0-(BürgerServiceCenter)", "email": "buergerberatung@bielefeld.de"}, 
{"plz": "33659", "ort": "Bielefeld", "name": "Bielefeld Senne", "street": "Windelsbleicher Str. 242", "phone": "0521-51-0-(BürgerServiceCenter)", "email": "buergerberatung@bielefeld.de"}, 
{"plz": "33689", "ort": "Bielefeld", "name": "Bielefeld Sennestadt", "street": "Lindemann-Platz 3", "phone": "0521-51-0-(BürgerServiceCenter)", "email": "buergerberatung@bielefeld.de"}, 
{"plz": "33699", "ort": "Bielefeld", "name": "Bielefeld Hillegossen", "street": "Detmolder Str. 617", "phone": "0521-51-0-(BürgerServiceCenter)", "email": "buergerberatung@bielefeld.de"}, 
{"plz": "33719", "ort": "Bielefeld", "name": "Bielefeld Heepen", "street": "Salzufler Str. 13", "phone": "0521-51-0-(BürgerServiceCenter)", "email": "buergerberatung@bielefeld.de"}, 
{"plz": "33729", "ort": "Bielefeld", "name": "Bielefeld Brake", "street": "Wefelshof 9", "phone": "0521-51-0-(BürgerServiceCenter)", "email": "buergerberatung@bielefeld.de"}, 
{"plz": "33739", "ort": "Bielefeld", "name": "Bielefeld Jöllenbeck", "street": "Amtsstr. 13", "phone": "0521-51-0-(BürgerServiceCenter)", "email": "buergerberatung@bielefeld.de"}, 
{"plz": "33758", "ort": "Schloß Holte-Stukenbrock", "name": "Schloß Holte-Stukenbrock, Stadt", "street": "Rathausstraße 2"}, 
{"plz": "33775", "ort": "Versmold", "name": "Versmold, Stadt", "street": "Münsterstraße 16"}, 
{"plz": "33790", "ort": "Halle", "name": "Halle (Westf.), Stadt", "street": "Ravensberger Straße 1"}, 
{"plz": "33803", "ort": "Steinhagen", "name": "Steinhagen", "street": "Am Pulverbach 25"}, 
{"plz": "33813", "ort": "Oerlinghausen", "name": "Oerlinghausen, Stadt", "street": "Rathausplatz 1"}, 
{"plz": "33818", "ort": "Leopoldshöhe", "name": "Leopoldshöhe", "street": "Kirchweg 1"}, 
{"plz": "33824", "ort": "Werther", "name": "Werther (Westf.), Stadt", "street": "Mühlenstraße 2"}, 
{"plz": "33829", "ort": "Borgholzhausen", "name": "Borgholzhausen, Stadt", "street": "Schulstraße 5"}]