[{"plz": "34117", "ort": "Kassel", "name": "Kassel, documenta-Stadt", "street": "Obere Königsstraße 8"}, 
{"plz": "34117", "ort": "Kassel", "name": "Kassel Mitte", "street": "Obere Königsstr. 8\nRathaus", "phone": "0561-787-787-(Servicecenter)", "email": "buergerbuero@kassel.de"}, 
{"plz": "34212", "ort": "Melsungen", "name": "Melsungen, Stadt", "street": "Am Markt 1"}, 
{"plz": "34225", "ort": "Baunatal", "name": "Baunatal, Stadt", "street": "Marktplatz 14"}, 
{"plz": "34233", "ort": "Fuldatal", "name": "Fuldatal", "street": "Am Rathaus 9"}, 
{"plz": "34246", "ort": "Vellmar", "name": "Vellmar, Stadt", "street": "Rathausplatz 1"}, 
{"plz": "34253", "ort": "Lohfelden", "name": "Lohfelden", "street": "Dr.-Walter-Lübcke-Platz 1"}, 
{"plz": "34260", "ort": "Kaufungen", "name": "Kaufungen", "street": "Leipziger Straße 463"}, 
{"plz": "34266", "ort": "Niestetal", "name": "Niestetal", "street": "Dr.-Walter-Lübcke-Platz 1"}, 
{"plz": "34270", "ort": "Schauenburg", "name": "Schauenburg", "street": "Korbacher Straße 300"}, 
{"plz": "34277", "ort": "Fuldabrück", "name": "Fuldabrück", "street": "Am Rathaus 2"}, 
{"plz": "34281", "ort": "Gudensberg", "name": "Gudensberg, Stadt", "street": "Kasseler Straße 2"}, 
{"plz": "34286", "ort": "Spangenberg", "name": "Spangenberg, Liebenbachstadt", "street": "Marktplatz 1"}, 
{"plz": "34289", "ort": "Zierenberg", "name": "Zierenberg, Stadt", "street": "Poststraße 20"}, 
{"plz": "34292", "ort": "Ahnatal", "name": "Ahnatal", "street": "Wilhelmsthaler Straße 3"}, 
{"plz": "34295", "ort": "Edermünde", "name": "Edermünde", "street": "Brückenhofstraße 4"}, 
{"plz": "34298", "ort": "Helsa", "name": "Helsa", "street": "Berliner Straße 20"}, 
{"plz": "34302", "ort": "Guxhagen", "name": "Guxhagen", "street": "Zum Ehrenhain 2"}, 
{"plz": "34305", "ort": "Niedenstein", "name": "Niedenstein, Stadt", "street": "Obertor 8"}, 
{"plz": "34308", "ort": "Bad Emstal", "name": "Bad Emstal", "street": "Kasseler Straße 57"}, 
{"plz": "34311", "ort": "Naumburg", "name": "Naumburg, Stadt", "street": "Burgstraße 15"}, 
{"plz": "34314", "ort": "Espenau", "name": "Espenau", "street": "Im Ort 1"}, 
{"plz": "34317", "ort": "Habichtswald", "name": "Habichtswald", "street": "Breiter Weg 4"}, 
{"plz": "34320", "ort": "Söhrewald", "name": "Söhrewald", "street": "Schulstraße 8"}, 
{"plz": "34323", "ort": "Malsfeld", "name": "Malsfeld", "street": "Lindenstraße 1"}, 
{"plz": "34326", "ort": "Morschen", "name": "Morschen", "street": "Paul-Frankfurth-Straße 11"}, 
{"plz": "34327", "ort": "Körle", "name": "Körle", "street": "Im Mülmischtal 2"}, 
{"plz": "34329", "ort": "Nieste", "name": "Nieste", "street": "Wilhelm-Heitmann-Platz 3"}, 
{"plz": "34346", "ort": "Hann. Münden", "name": "Hann. Münden, Stadt", "street": "Böttcherstraße 3"}, 
{"plz": "34355", "ort": "Staufenberg", "name": "Staufenberg", "street": "Hannoversche Straße 21"}, 
{"plz": "34359", "ort": "Reinhardshagen", "name": "Reinhardshagen", "street": "Amtsstraße 10"}, 
{"plz": "34369", "ort": "Hofgeismar", "name": "Hofgeismar, Stadt", "street": "Markt 1"}, 
{"plz": "34376", "ort": "Immenhausen", "name": "Immenhausen, Stadt", "street": "Marktplatz 1"}, 
{"plz": "34379", "ort": "Calden", "name": "Calden", "street": "Holländische Straße 35"}, 
{"plz": "34385", "ort": "Bad Karlshafen", "name": "Bad Karlshafen, Stadt", "street": "Hafenplatz 8"}, 
{"plz": "34388", "ort": "Trendelburg", "name": "Trendelburg, Stadt", "street": "Marktplatz 1"}, 
{"plz": "34393", "ort": "Grebenstein", "name": "Grebenstein, Stadt", "street": "Markt 1"}, 
{"plz": "34396", "ort": "Liebenau", "name": "Liebenau, Stadt", "street": "Lacheweg 1"}, 
{"plz": "34399", "ort": "Wesertal", "name": "Wesertal", "street": "Brückenstraße 1"}, 
{"plz": "34414", "ort": "Warburg", "name": "Warburg, Hansestadt", "street": "Bahnhofstraße 28"}, 
{"plz": "34431", "ort": "Marsberg", "name": "Marsberg, Stadt", "street": "Lillers-Straße 8"}, 
{"plz": "34434", "ort": "Borgentreich", "name": "Borgentreich, Orgelstadt", "street": "Am Rathaus13"}, 
{"plz": "34439", "ort": "Willebadessen", "name": "Willebadessen, Stadt", "street": "Abdinghofweg 1"}, 
{"plz": "34454", "ort": "Bad Arolsen", "name": "Bad Arolsen, Stadt", "street": "Große Allee 26"}, 
{"plz": "34466", "ort": "Wolfhagen", "name": "Wolfhagen, Hans-Staden-Stadt", "street": "Burgstraße 33-35"}, 
{"plz": "34471", "ort": "Volkmarsen", "name": "Volkmarsen, Stadt", "street": "Steinweg 29"}, 
{"plz": "34474", "ort": "Diemelstadt", "name": "Diemelstadt, Stadt", "street": "Lange Straße 6"}, 
{"plz": "34477", "ort": "Twistetal", "name": "Twistetal", "street": "Hüfte 7"}, 
{"plz": "34479", "ort": "Breuna", "name": "Breuna", "street": "Volkmarser Straße 3"}, 
{"plz": "34497", "ort": "Korbach", "name": "Korbach, Hansestadt, Kreisstadt", "street": "Frankenberger Landstraße 8a"}, 
{"plz": "34508", "ort": "Willingen (Upland)", "name": "Willingen (Upland)", "street": "Waldecker Straße 12"}, 
{"plz": "34513", "ort": "Waldeck", "name": "Waldeck, Nationalparkstadt", "street": "Am Rathaus 1"}, 
{"plz": "34516", "ort": "Vöhl", "name": "Vöhl, Nationalparkgemeinde", "street": "Schloßstraße 1"}, 
{"plz": "34519", "ort": "Diemelsee", "name": "Diemelsee", "street": "Am Kahlenberg 1"}, 
{"plz": "34537", "ort": "Bad Wildungen", "name": "Bad Wildungen, Stadt", "street": "Am Markt 1"}, 
{"plz": "34549", "ort": "Edertal", "name": "Edertal, Nationalparkgemeinde", "street": "Bahnhofstraße 25"}, 
{"plz": "34560", "ort": "Fritzlar", "name": "Fritzlar, Dom- und Kaiserstadt", "street": "Zwischen den Krämen 7"}, 
{"plz": "34576", "ort": "Homberg (Efze)", "name": "Homberg (Efze), Reformationsstadt, Kreisstadt", "street": "Rathausgasse 1"}, 
{"plz": "34582", "ort": "Borken (Hessen)", "name": "Borken (Hessen), Stadt", "street": "Am Rathaus 7"}, 
{"plz": "34587", "ort": "Felsberg", "name": "Felsberg, Stadt", "street": "Vernouillet-Allee 1"}, 
{"plz": "34590", "ort": "Wabern", "name": "Wabern", "street": "Landgrafenstraße 9"}, 
{"plz": "34593", "ort": "Knüllwald", "name": "Knüllwald", "street": "Hauptstraße 7"}, 
{"plz": "34596", "ort": "Bad Zwesten", "name": "Bad Zwesten", "street": "Ringstraße 1"}, 
{"plz": "34599", "ort": "Neuental", "name": "Neuental", "street": "Hauptstraße 8"}, 
{"plz": "34613", "ort": "Schwalmstadt", "name": "Schwalmstadt, Konfirmationsstadt", "street": "Marktplatz 1"}, 
{"plz": "34621", "ort": "Frielendorf", "name": "Frielendorf, Marktflecken", "street": "Ziegenhainer Straße 2"}, 
{"plz": "34626", "ort": "Neukirchen", "name": "Neukirchen, Stadt", "street": "Am Rathaus 10"}, 
{"plz": "34628", "ort": "Willingshausen", "name": "Willingshausen", "street": "Am Rathaus 2"}, 
{"plz": "34630", "ort": "Gilserberg", "name": "Gilserberg", "street": "Bahnhofstraße 40"}, 
{"plz": "34632", "ort": "Jesberg", "name": "Jesberg", "street": "Frankfurter Straße 1"}, 
{"plz": "34633", "ort": "Ottrau", "name": "Ottrau", "street": "Neukirchener Straße 1"}, 
{"plz": "34637", "ort": "Schrecksbach", "name": "Schrecksbach", "street": "Immichenhainer Straße 1"}, 
{"plz": "34639", "ort": "Schwarzenborn", "name": "Schwarzenborn, Stadt", "street": "Marktplatz 1"}]