[{"plz": "49356", "ort": "Diepholz", "name": null, "phone": null, "email": null, "ags": "03251012", "area": 104.7, "population": 17192, "sitz": "Stadt Diepholz", "gemeinde": "Diepholz, Stadt", "str": "Rathausmarkt 1"},
{"plz": "49419", "ort": "Wagenfeld", "name": null, "phone": null, "email": null, "ags": "03251044", "area": 117.57, "population": 7304, "sitz": "Gemeinde Wagenfeld", "gemeinde": "Wagenfeld", "str": "Pastorenkamp 25"},
{"plz": "49448", "ort": "Lemf\u00f6rde", "name": null, "phone": null, "email": null, "ags": "03251009", "area": 30.62, "population": 1043, "sitz": "\"Samtgemeinde \"\"Altes Amt Lemf\u00f6rde\"\"\"", "gemeinde": "Brockum", "str": "Hauptstra\u00dfe 80"},
{"plz": "49448", "ort": "Lemf\u00f6rde", "name": null, "phone": null, "email": null, "ags": "03251020", "area": 24.41, "population": 1219, "sitz": "\"Samtgemeinde \"\"Altes Amt Lemf\u00f6rde\"\"\"", "gemeinde": "H\u00fcde", "str": "Hauptstra\u00dfe 80"},
{"plz": "49448", "ort": "Lemf\u00f6rde", "name": null, "phone": null, "email": null, "ags": "03251022", "area": 22.67, "population": 1175, "sitz": "\"Samtgemeinde \"\"Altes Amt Lemf\u00f6rde\"\"\"", "gemeinde": "Lembruch", "str": "Hauptstra\u00dfe 80"},
{"plz": "49448", "ort": "Lemf\u00f6rde", "name": null, "phone": null, "email": null, "ags": "03251023", "area": 6.95, "population": 3359, "sitz": "\"Samtgemeinde \"\"Altes Amt Lemf\u00f6rde\"\"\"", "gemeinde": "Lemf\u00f6rde, Flecken", "str": "Hauptstra\u00dfe 80"},
{"plz": "49448", "ort": "Lemf\u00f6rde", "name": null, "phone": null, "email": null, "ags": "03251025", "area": 9.84, "population": 695, "sitz": "\"Samtgemeinde \"\"Altes Amt Lemf\u00f6rde\"\"\"", "gemeinde": "Marl", "str": "Hauptstra\u00dfe 80"},
{"plz": "49448", "ort": "Lemf\u00f6rde", "name": null, "phone": null, "email": null, "ags": "03251029", "area": 6.24, "population": 490, "sitz": "\"Samtgemeinde \"\"Altes Amt Lemf\u00f6rde\"\"\"", "gemeinde": "Quernheim", "str": "Hauptstra\u00dfe 80"},
{"plz": "49448", "ort": "Lemf\u00f6rde", "name": null, "phone": null, "email": null, "ags": "03251036", "area": 8.84, "population": 695, "sitz": "\"Samtgemeinde \"\"Altes Amt Lemf\u00f6rde\"\"\"", "gemeinde": "Stemshorn", "str": "Hauptstra\u00dfe 80"},
{"plz": "49406", "ort": "Barnstorf", "name": null, "phone": null, "email": null, "ags": "03251005", "area": 52.37, "population": 6611, "sitz": "Samtgemeinde Barnstorf", "gemeinde": "Barnstorf, Flecken", "str": "Am Markt 4"},
{"plz": "49406", "ort": "Barnstorf", "name": null, "phone": null, "email": null, "ags": "03251013", "area": 47.13, "population": 3042, "sitz": "Samtgemeinde Barnstorf", "gemeinde": "Drebber", "str": "Am Markt 4"},
{"plz": "49406", "ort": "Barnstorf", "name": null, "phone": null, "email": null, "ags": "03251014", "area": 30.41, "population": 1010, "sitz": "Samtgemeinde Barnstorf", "gemeinde": "Drentwede", "str": "Am Markt 4"},
{"plz": "49406", "ort": "Barnstorf", "name": null, "phone": null, "email": null, "ags": "03251017", "area": 76.23, "population": 1819, "sitz": "Samtgemeinde Barnstorf", "gemeinde": "Eydelstedt", "str": "Am Markt 4"},
{"plz": "49453", "ort": "Rehden", "name": null, "phone": null, "email": null, "ags": "03251006", "area": 26.04, "population": 1080, "sitz": "Samtgemeinde Rehden", "gemeinde": "Barver", "str": "Schulstra\u00dfe 20"},
{"plz": "49453", "ort": "Rehden", "name": null, "phone": null, "email": null, "ags": "03251011", "area": 16.98, "population": 462, "sitz": "Samtgemeinde Rehden", "gemeinde": "Dickel", "str": "Schulstra\u00dfe 20"},
{"plz": "49453", "ort": "Rehden", "name": null, "phone": null, "email": null, "ags": "03251019", "area": 26.82, "population": 543, "sitz": "Samtgemeinde Rehden", "gemeinde": "Hemsloh", "str": "Schulstra\u00dfe 20"},
{"plz": "49453", "ort": "Rehden", "name": null, "phone": null, "email": null, "ags": "03251030", "area": 33.35, "population": 2352, "sitz": "Samtgemeinde Rehden", "gemeinde": "Rehden", "str": "Schulstra\u00dfe 20"},
{"plz": "49453", "ort": "Rehden", "name": null, "phone": null, "email": null, "ags": "03251046", "area": 25.11, "population": 1898, "sitz": "Samtgemeinde Rehden", "gemeinde": "Wetschen", "str": "Schulstra\u00dfe 20"},
{"plz": "49074", "ort": "Osnabr\u00fcck", "name": null, "phone": null, "email": null, "ags": "03404000", "area": 119.8, "population": 165034, "sitz": "Kreisfreie Stadt Osnabr\u00fcck", "gemeinde": "Osnabr\u00fcck, Stadt", "str": "Bierstra\u00dfe 28"},
{"plz": "49692", "ort": "Cappeln/Oldenburg", "name": null, "phone": null, "email": null, "ags": "03453003", "area": 76.52, "population": 7358, "sitz": "Gemeinde Cappeln (Oldenburg)", "gemeinde": "Cappeln (Oldenburg)", "str": "Am Markt 3"},
{"plz": "49661", "ort": "Cloppenburg", "name": null, "phone": null, "email": null, "ags": "03453004", "area": 70.86, "population": 36183, "sitz": "Stadt Cloppenburg", "gemeinde": "Cloppenburg, Stadt", "str": "Sevelter Stra\u00dfe 8"},
{"plz": "49685", "ort": "Emstek", "name": null, "phone": null, "email": null, "ags": "03453005", "area": 108.4, "population": 12351, "sitz": "Gemeinde Emstek", "gemeinde": "Emstek", "str": "Am Markt 1"},
{"plz": "49632", "ort": "Essen/Oldenburg", "name": null, "phone": null, "email": null, "ags": "03453006", "area": 98.11, "population": 9062, "sitz": "Gemeinde Essen (Oldenburg)", "gemeinde": "Essen (Oldenburg)", "str": "Peterstra\u00dfe 7"},
{"plz": "49681", "ort": "Garrel", "name": null, "phone": null, "email": null, "ags": "03453008", "area": 113.39, "population": 15428, "sitz": "Gemeinde Garrel", "gemeinde": "Garrel", "str": "Hauptstra\u00dfe 15"},
{"plz": "49688", "ort": "Lastrup", "name": null, "phone": null, "email": null, "ags": "03453009", "area": 85.53, "population": 7315, "sitz": "Gemeinde Lastrup", "gemeinde": "Lastrup", "str": "Am Marktplatz 1"},
{"plz": "49699", "ort": "Lindern/Oldenburg", "name": null, "phone": null, "email": null, "ags": "03453010", "area": 65.8, "population": 4948, "sitz": "Gemeinde Lindern (Oldenburg)", "gemeinde": "Lindern (Oldenburg)", "str": "Kirchstra\u00dfe 1"},
{"plz": "49624", "ort": "L\u00f6ningen", "name": null, "phone": null, "email": null, "ags": "03453011", "area": 143.52, "population": 13592, "sitz": "Stadt L\u00f6ningen", "gemeinde": "L\u00f6ningen, Stadt", "str": "Lindenallee 1"},
{"plz": "49696", "ort": "Molbergen", "name": null, "phone": null, "email": null, "ags": "03453012", "area": 102.56, "population": 9201, "sitz": "Gemeinde Molbergen", "gemeinde": "Molbergen", "str": "Cloppenburger Stra\u00dfe 22"},
{"plz": "48488", "ort": "Emsb\u00fcren", "name": null, "phone": null, "email": null, "ags": "03454010", "area": 139.57, "population": 10338, "sitz": "Gemeinde Emsb\u00fcren", "gemeinde": "Emsb\u00fcren", "str": "Markt 18"},
{"plz": "49744", "ort": "Geeste", "name": null, "phone": null, "email": null, "ags": "03454014", "area": 133.11, "population": 11731, "sitz": "Gemeinde Geeste", "gemeinde": "Geeste", "str": "Am Rathaus 3"},
{"plz": "49733", "ort": "Haren/Ems", "name": null, "phone": null, "email": null, "ags": "03454018", "area": 208.79, "population": 24137, "sitz": "Stadt Haren (Ems)", "gemeinde": "Haren (Ems), Stadt", "str": "Neuer Markt 1"},
{"plz": "49740", "ort": "Hasel\u00fcnne", "name": null, "phone": null, "email": null, "ags": "03454019", "area": 159.43, "population": 13196, "sitz": "Stadt Hasel\u00fcnne", "gemeinde": "Hasel\u00fcnne, Stadt", "str": "Rathausplatz 1"},
{"plz": "49808", "ort": "Lingen/Ems", "name": null, "phone": null, "email": null, "ags": "03454032", "area": 176.19, "population": 55599, "sitz": "Stadt Lingen (Ems)", "gemeinde": "Lingen (Ems), Stadt", "str": "Elisabethstra\u00dfe 14-16"},
{"plz": "49716", "ort": "Meppen", "name": null, "phone": null, "email": null, "ags": "03454035", "area": 188.4, "population": 35415, "sitz": "Stadt Meppen", "gemeinde": "Meppen, Stadt", "str": "Markt 43"},
{"plz": "48499", "ort": "Salzbergen", "name": null, "phone": null, "email": null, "ags": "03454045", "area": 53.38, "population": 7806, "sitz": "Gemeinde Salzbergen", "gemeinde": "Salzbergen", "str": "Franz-Schratz-Stra\u00dfe 12"},
{"plz": "49767", "ort": "Twist", "name": null, "phone": null, "email": null, "ags": "03454054", "area": 105.67, "population": 9554, "sitz": "Gemeinde Twist", "gemeinde": "Twist", "str": "Flensbergstra\u00dfe 7"},
{"plz": "49832", "ort": "Freren", "name": null, "phone": null, "email": null, "ags": "03454001", "area": 19.67, "population": 905, "sitz": "Samtgemeinde Freren", "gemeinde": "Andervenne", "str": "Markt 1"},
{"plz": "49832", "ort": "Freren", "name": null, "phone": null, "email": null, "ags": "03454003", "area": 25.67, "population": 1661, "sitz": "Samtgemeinde Freren", "gemeinde": "Beesten", "str": "Markt 1"},
{"plz": "49832", "ort": "Freren", "name": null, "phone": null, "email": null, "ags": "03454012", "area": 48.97, "population": 5136, "sitz": "Samtgemeinde Freren", "gemeinde": "Freren, Stadt", "str": "Markt 1"},
{"plz": "49832", "ort": "Freren", "name": null, "phone": null, "email": null, "ags": "03454036", "area": 25.44, "population": 1061, "sitz": "Samtgemeinde Freren", "gemeinde": "Messingen", "str": "Markt 1"},
{"plz": "49832", "ort": "Freren", "name": null, "phone": null, "email": null, "ags": "03454053", "area": 12.47, "population": 1848, "sitz": "Samtgemeinde Freren", "gemeinde": "Thuine", "str": "Markt 1"},
{"plz": "49770", "ort": "Herzlake", "name": null, "phone": null, "email": null, "ags": "03454009", "area": 25.63, "population": 1169, "sitz": "Samtgemeinde Herzlake", "gemeinde": "Dohren", "str": "Neuer Markt 4"},
{"plz": "49770", "ort": "Herzlake", "name": null, "phone": null, "email": null, "ags": "03454021", "area": 49.78, "population": 4755, "sitz": "Samtgemeinde Herzlake", "gemeinde": "Herzlake", "str": "Neuer Markt 4"},
{"plz": "49770", "ort": "Herzlake", "name": null, "phone": null, "email": null, "ags": "03454026", "area": 79.89, "population": 4791, "sitz": "Samtgemeinde Herzlake", "gemeinde": "L\u00e4hden", "str": "Neuer Markt 4"},
{"plz": "49762", "ort": "Lathen", "name": null, "phone": null, "email": null, "ags": "03454013", "area": 21.6, "population": 941, "sitz": "Samtgemeinde Lathen", "gemeinde": "Fresenburg", "str": "Erna-de-Vries-Platz 7"},
{"plz": "49762", "ort": "Lathen", "name": null, "phone": null, "email": null, "ags": "03454029", "area": 38.05, "population": 6902, "sitz": "Samtgemeinde Lathen", "gemeinde": "Lathen", "str": "Erna-de-Vries-Platz 7"},
{"plz": "49762", "ort": "Lathen", "name": null, "phone": null, "email": null, "ags": "03454039", "area": 29.36, "population": 1353, "sitz": "Samtgemeinde Lathen", "gemeinde": "Niederlangen", "str": "Erna-de-Vries-Platz 7"},
{"plz": "49762", "ort": "Lathen", "name": null, "phone": null, "email": null, "ags": "03454040", "area": 22.24, "population": 1002, "sitz": "Samtgemeinde Lathen", "gemeinde": "Oberlangen", "str": "Erna-de-Vries-Platz 7"},
{"plz": "49762", "ort": "Lathen", "name": null, "phone": null, "email": null, "ags": "03454043", "area": 18.99, "population": 685, "sitz": "Samtgemeinde Lathen", "gemeinde": "Renkenberge", "str": "Erna-de-Vries-Platz 7"},
{"plz": "49762", "ort": "Lathen", "name": null, "phone": null, "email": null, "ags": "03454052", "area": 35.58, "population": 1374, "sitz": "Samtgemeinde Lathen", "gemeinde": "Sustrum", "str": "Erna-de-Vries-Platz 7"},
{"plz": "49838", "ort": "Lengerich", "name": null, "phone": null, "email": null, "ags": "03454002", "area": 20.35, "population": 2593, "sitz": "Samtgemeinde Lengerich", "gemeinde": "Bawinkel", "str": "Mittelstra\u00dfe 15"},
{"plz": "49838", "ort": "Lengerich", "name": null, "phone": null, "email": null, "ags": "03454015", "area": 28.83, "population": 1212, "sitz": "Samtgemeinde Lengerich", "gemeinde": "Gersten", "str": "Mittelstra\u00dfe 15"},
{"plz": "49838", "ort": "Lengerich", "name": null, "phone": null, "email": null, "ags": "03454017", "area": 14.6, "population": 801, "sitz": "Samtgemeinde Lengerich", "gemeinde": "Handrup", "str": "Mittelstra\u00dfe 15"},
{"plz": "49838", "ort": "Lengerich", "name": null, "phone": null, "email": null, "ags": "03454028", "area": 33.53, "population": 1462, "sitz": "Samtgemeinde Lengerich", "gemeinde": "Langen", "str": "Mittelstra\u00dfe 15"},
{"plz": "49838", "ort": "Lengerich", "name": null, "phone": null, "email": null, "ags": "03454031", "area": 31.72, "population": 2785, "sitz": "Samtgemeinde Lengerich", "gemeinde": "Lengerich", "str": "Mittelstra\u00dfe 15"},
{"plz": "49838", "ort": "Lengerich", "name": null, "phone": null, "email": null, "ags": "03454059", "area": 13.82, "population": 532, "sitz": "Samtgemeinde Lengerich", "gemeinde": "Wettrup", "str": "Mittelstra\u00dfe 15"},
{"plz": "49751", "ort": "S\u00f6gel", "name": null, "phone": null, "email": null, "ags": "03454005", "area": 55.52, "population": 2856, "sitz": "Samtgemeinde S\u00f6gel", "gemeinde": "B\u00f6rger", "str": "Ludmillenhof 1"},
{"plz": "49751", "ort": "S\u00f6gel", "name": null, "phone": null, "email": null, "ags": "03454016", "area": 20.76, "population": 689, "sitz": "Samtgemeinde S\u00f6gel", "gemeinde": "Gro\u00df Ber\u00dfen", "str": "Ludmillenhof 1"},
{"plz": "49751", "ort": "S\u00f6gel", "name": null, "phone": null, "email": null, "ags": "03454023", "area": 15.24, "population": 550, "sitz": "Samtgemeinde S\u00f6gel", "gemeinde": "H\u00fcven", "str": "Ludmillenhof 1"},
{"plz": "49751", "ort": "S\u00f6gel", "name": null, "phone": null, "email": null, "ags": "03454024", "area": 16.93, "population": 1167, "sitz": "Samtgemeinde S\u00f6gel", "gemeinde": "Klein Ber\u00dfen", "str": "Ludmillenhof 1"},
{"plz": "49751", "ort": "S\u00f6gel", "name": null, "phone": null, "email": null, "ags": "03454047", "area": 55.26, "population": 8210, "sitz": "Samtgemeinde S\u00f6gel", "gemeinde": "S\u00f6gel", "str": "Ludmillenhof 1"},
{"plz": "49751", "ort": "S\u00f6gel", "name": null, "phone": null, "email": null, "ags": "03454048", "area": 36.07, "population": 1557, "sitz": "Samtgemeinde S\u00f6gel", "gemeinde": "Spahnharrenst\u00e4tte", "str": "Ludmillenhof 1"},
{"plz": "49751", "ort": "S\u00f6gel", "name": null, "phone": null, "email": null, "ags": "03454050", "area": 50.96, "population": 1030, "sitz": "Samtgemeinde S\u00f6gel", "gemeinde": "Stavern", "str": "Ludmillenhof 1"},
{"plz": "49751", "ort": "S\u00f6gel", "name": null, "phone": null, "email": null, "ags": "03454058", "area": 35.33, "population": 1106, "sitz": "Samtgemeinde S\u00f6gel", "gemeinde": "Werpeloh", "str": "Ludmillenhof 1"},
{"plz": "48480", "ort": "Spelle", "name": null, "phone": null, "email": null, "ags": "03454034", "area": 30.26, "population": 2031, "sitz": "Samtgemeinde Spelle", "gemeinde": "L\u00fcnne", "str": "Hauptstra\u00dfe 43"},
{"plz": "48480", "ort": "Spelle", "name": null, "phone": null, "email": null, "ags": "03454046", "area": 26.67, "population": 2455, "sitz": "Samtgemeinde Spelle", "gemeinde": "Schapen", "str": "Hauptstra\u00dfe 43"},
{"plz": "48480", "ort": "Spelle", "name": null, "phone": null, "email": null, "ags": "03454049", "area": 34.22, "population": 9931, "sitz": "Samtgemeinde Spelle", "gemeinde": "Spelle", "str": "Hauptstra\u00dfe 43"},
{"plz": "49757", "ort": "Werlte", "name": null, "phone": null, "email": null, "ags": "03454027", "area": 21.24, "population": 864, "sitz": "Samtgemeinde Werlte", "gemeinde": "Lahn", "str": "Marktstra\u00dfe 1"},
{"plz": "49757", "ort": "Werlte", "name": null, "phone": null, "email": null, "ags": "03454033", "area": 51.35, "population": 3201, "sitz": "Samtgemeinde Werlte", "gemeinde": "Lorup", "str": "Marktstra\u00dfe 1"},
{"plz": "49757", "ort": "Werlte", "name": null, "phone": null, "email": null, "ags": "03454042", "area": 26.33, "population": 1048, "sitz": "Samtgemeinde Werlte", "gemeinde": "Rastdorf", "str": "Marktstra\u00dfe 1"},
{"plz": "49757", "ort": "Werlte", "name": null, "phone": null, "email": null, "ags": "03454055", "area": 37.55, "population": 1830, "sitz": "Samtgemeinde Werlte", "gemeinde": "Vrees", "str": "Marktstra\u00dfe 1"},
{"plz": "49757", "ort": "Werlte", "name": null, "phone": null, "email": null, "ags": "03454057", "area": 63.81, "population": 10259, "sitz": "Samtgemeinde Werlte", "gemeinde": "Werlte, Stadt", "str": "Marktstra\u00dfe 1"},
{"plz": "48455", "ort": "Bad Bentheim", "name": null, "phone": null, "email": null, "ags": "03456001", "area": 99.99, "population": 15948, "sitz": "Stadt Bad Bentheim", "gemeinde": "Bad Bentheim, Stadt", "str": "Schlo\u00dfstra\u00dfe 2"},
{"plz": "48529", "ort": "Nordhorn", "name": null, "phone": null, "email": null, "ags": "03456015", "area": 149.87, "population": 54162, "sitz": "Stadt Nordhorn", "gemeinde": "Nordhorn, Stadt", "str": "Bahnhofstra\u00dfe 24"},
{"plz": "49835", "ort": "Wietmarschen", "name": null, "phone": null, "email": null, "ags": "03456025", "area": 119.09, "population": 12507, "sitz": "Gemeinde Wietmarschen", "gemeinde": "Wietmarschen", "str": "Hauptstra\u00dfe 62"},
{"plz": "49824", "ort": "Emlichheim", "name": null, "phone": null, "email": null, "ags": "03456002", "area": 48.65, "population": 7441, "sitz": "Samtgemeinde Emlichheim", "gemeinde": "Emlichheim", "str": "Hauptstra\u00dfe 24"},
{"plz": "49824", "ort": "Emlichheim", "name": null, "phone": null, "email": null, "ags": "03456009", "area": 49.78, "population": 2907, "sitz": "Samtgemeinde Emlichheim", "gemeinde": "Hoogstede", "str": "Hauptstra\u00dfe 24"},
{"plz": "49824", "ort": "Emlichheim", "name": null, "phone": null, "email": null, "ags": "03456012", "area": 51.01, "population": 2109, "sitz": "Samtgemeinde Emlichheim", "gemeinde": "Laar", "str": "Hauptstra\u00dfe 24"},
{"plz": "49824", "ort": "Emlichheim", "name": null, "phone": null, "email": null, "ags": "03456019", "area": 35.36, "population": 1973, "sitz": "Samtgemeinde Emlichheim", "gemeinde": "Ringe", "str": "Hauptstra\u00dfe 24"},
{"plz": "49828", "ort": "Neuenhaus", "name": null, "phone": null, "email": null, "ags": "03456004", "area": 11, "population": 577, "sitz": "Samtgemeinde Neuenhaus", "gemeinde": "Esche", "str": "Veldhausener Stra\u00dfe 26"},
{"plz": "49828", "ort": "Neuenhaus", "name": null, "phone": null, "email": null, "ags": "03456005", "area": 19.29, "population": 1225, "sitz": "Samtgemeinde Neuenhaus", "gemeinde": "Georgsdorf", "str": "Veldhausener Stra\u00dfe 26"},
{"plz": "49828", "ort": "Neuenhaus", "name": null, "phone": null, "email": null, "ags": "03456013", "area": 6.39, "population": 1005, "sitz": "Samtgemeinde Neuenhaus", "gemeinde": "Lage", "str": "Veldhausener Stra\u00dfe 26"},
{"plz": "49828", "ort": "Neuenhaus", "name": null, "phone": null, "email": null, "ags": "03456014", "area": 31.37, "population": 10356, "sitz": "Samtgemeinde Neuenhaus", "gemeinde": "Neuenhaus, Stadt", "str": "Veldhausener Stra\u00dfe 26"},
{"plz": "49828", "ort": "Neuenhaus", "name": null, "phone": null, "email": null, "ags": "03456017", "area": 33.44, "population": 1205, "sitz": "Samtgemeinde Neuenhaus", "gemeinde": "Osterwald", "str": "Veldhausener Stra\u00dfe 26"},
{"plz": "48465", "ort": "Sch\u00fcttorf", "name": null, "phone": null, "email": null, "ags": "03456003", "area": 44.3, "population": 416, "sitz": "Samtgemeinde Sch\u00fcttorf", "gemeinde": "Engden", "str": "Markt 2"},
{"plz": "48465", "ort": "Sch\u00fcttorf", "name": null, "phone": null, "email": null, "ags": "03456010", "area": 20.32, "population": 589, "sitz": "Samtgemeinde Sch\u00fcttorf", "gemeinde": "Isterberg", "str": "Markt 2"},
{"plz": "48465", "ort": "Sch\u00fcttorf", "name": null, "phone": null, "email": null, "ags": "03456016", "area": 9.03, "population": 575, "sitz": "Samtgemeinde Sch\u00fcttorf", "gemeinde": "Ohne", "str": "Markt 2"},
{"plz": "48465", "ort": "Sch\u00fcttorf", "name": null, "phone": null, "email": null, "ags": "03456018", "area": 14.13, "population": 613, "sitz": "Samtgemeinde Sch\u00fcttorf", "gemeinde": "Quendorf", "str": "Markt 2"},
{"plz": "48465", "ort": "Sch\u00fcttorf", "name": null, "phone": null, "email": null, "ags": "03456020", "area": 26.07, "population": 799, "sitz": "Samtgemeinde Sch\u00fcttorf", "gemeinde": "Samern", "str": "Markt 2"},
{"plz": "48465", "ort": "Sch\u00fcttorf", "name": null, "phone": null, "email": null, "ags": "03456027", "area": 19.45, "population": 12934, "sitz": "Samtgemeinde Sch\u00fcttorf", "gemeinde": "Sch\u00fcttorf, Stadt", "str": "Markt 2"},
{"plz": "49843", "ort": "Uelsen", "name": null, "phone": null, "email": null, "ags": "03456006", "area": 20.24, "population": 505, "sitz": "Samtgemeinde Uelsen", "gemeinde": "Getelo", "str": "Itterbecker Stra\u00dfe 11"},
{"plz": "49843", "ort": "Uelsen", "name": null, "phone": null, "email": null, "ags": "03456007", "area": 20.95, "population": 577, "sitz": "Samtgemeinde Uelsen", "gemeinde": "G\u00f6lenkamp", "str": "Itterbecker Stra\u00dfe 11"},
{"plz": "49843", "ort": "Uelsen", "name": null, "phone": null, "email": null, "ags": "03456008", "area": 21.16, "population": 681, "sitz": "Samtgemeinde Uelsen", "gemeinde": "Halle", "str": "Itterbecker Stra\u00dfe 11"},
{"plz": "49843", "ort": "Uelsen", "name": null, "phone": null, "email": null, "ags": "03456011", "area": 41.08, "population": 1732, "sitz": "Samtgemeinde Uelsen", "gemeinde": "Itterbeck", "str": "Itterbecker Stra\u00dfe 11"},
{"plz": "49843", "ort": "Uelsen", "name": null, "phone": null, "email": null, "ags": "03456023", "area": 19.47, "population": 5771, "sitz": "Samtgemeinde Uelsen", "gemeinde": "Uelsen", "str": "Itterbecker Stra\u00dfe 11"},
{"plz": "49843", "ort": "Uelsen", "name": null, "phone": null, "email": null, "ags": "03456024", "area": 23.09, "population": 500, "sitz": "Samtgemeinde Uelsen", "gemeinde": "Wielen", "str": "Itterbecker Stra\u00dfe 11"},
{"plz": "49843", "ort": "Uelsen", "name": null, "phone": null, "email": null, "ags": "03456026", "area": 47.26, "population": 1615, "sitz": "Samtgemeinde Uelsen", "gemeinde": "Wilsum", "str": "Itterbecker Stra\u00dfe 11"},
{"plz": "49152", "ort": "Bad Essen", "name": null, "phone": null, "email": null, "ags": "03459003", "area": 103.33, "population": 15982, "sitz": "Gemeinde Bad Essen", "gemeinde": "Bad Essen", "str": "Lindenstra\u00dfe 41/43"},
{"plz": "49186", "ort": "Bad Iburg", "name": null, "phone": null, "email": null, "ags": "03459004", "area": 36.47, "population": 10559, "sitz": "Stadt Bad Iburg", "gemeinde": "Bad Iburg, Stadt", "str": "Am Gografenhof 4"},
{"plz": "49196", "ort": "Bad Laer", "name": null, "phone": null, "email": null, "ags": "03459005", "area": 46.81, "population": 9140, "sitz": "Gemeinde Bad Laer", "gemeinde": "Bad Laer", "str": "Glandorfer Stra\u00dfe 5"},
{"plz": "49214", "ort": "Bad Rothenfelde", "name": null, "phone": null, "email": null, "ags": "03459006", "area": 18.22, "population": 8477, "sitz": "Gemeinde Bad Rothenfelde", "gemeinde": "Bad Rothenfelde", "str": "Frankfurter Stra\u00dfe 3"},
{"plz": "49191", "ort": "Belm", "name": null, "phone": null, "email": null, "ags": "03459008", "area": 46.64, "population": 13896, "sitz": "Gemeinde Belm", "gemeinde": "Belm", "str": "Marktring 13"},
{"plz": "49143", "ort": "Bissendorf", "name": null, "phone": null, "email": null, "ags": "03459012", "area": 96.41, "population": 14680, "sitz": "Gemeinde Bissendorf", "gemeinde": "Bissendorf", "str": "Kirchplatz 1"},
{"plz": "49163", "ort": "Bohmte", "name": null, "phone": null, "email": null, "ags": "03459013", "area": 110.73, "population": 12741, "sitz": "Gemeinde Bohmte", "gemeinde": "Bohmte", "str": "Bremer Stra\u00dfe 4"},
{"plz": "49565", "ort": "Bramsche", "name": null, "phone": null, "email": null, "ags": "03459014", "area": 183.39, "population": 32103, "sitz": "Stadt Bramsche", "gemeinde": "Bramsche, Stadt", "str": "Hasestra\u00dfe 11"},
{"plz": "49201", "ort": "Dissen am Teutoburger Wald", "name": null, "phone": null, "email": null, "ags": "03459015", "area": 31.9, "population": 10369, "sitz": "Stadt Dissen am Teutoburger Wald", "gemeinde": "Dissen am Teutoburger Wald, Stadt", "str": "Gro\u00dfe Stra\u00dfe 33"},
{"plz": "49124", "ort": "Georgsmarienh\u00fctte", "name": null, "phone": null, "email": null, "ags": "03459019", "area": 55.49, "population": 31790, "sitz": "Stadt Georgsmarienh\u00fctte", "gemeinde": "Georgsmarienh\u00fctte, Stadt", "str": "Oeseder Stra\u00dfe 85"},
{"plz": "49170", "ort": "Hagen am Teutoburger Wald", "name": null, "phone": null, "email": null, "ags": "03459020", "area": 34.49, "population": 13471, "sitz": "Gemeinde Hagen am Teutoburger Wald", "gemeinde": "Hagen am Teutoburger Wald", "str": "Schulstra\u00dfe 7"},
{"plz": "49205", "ort": "Hasbergen", "name": null, "phone": null, "email": null, "ags": "03459021", "area": 21.72, "population": 11024, "sitz": "Gemeinde Hasbergen", "gemeinde": "Hasbergen", "str": "Martin-Luther-Stra\u00dfe 12"},
{"plz": "49176", "ort": "Hilter am Teutoburger Wald", "name": null, "phone": null, "email": null, "ags": "03459022", "area": 52.59, "population": 10480, "sitz": "Gemeinde Hilter am Teutoburger Wald", "gemeinde": "Hilter am Teutoburger Wald", "str": "Osnabr\u00fccker Stra\u00dfe 1"},
{"plz": "49324", "ort": "Melle", "name": null, "phone": null, "email": null, "ags": "03459024", "area": 253.95, "population": 46732, "sitz": "Stadt Melle", "gemeinde": "Melle, Stadt", "str": "Sch\u00fcrenkamp 16"},
{"plz": "49179", "ort": "Ostercappeln", "name": null, "phone": null, "email": null, "ags": "03459029", "area": 100.16, "population": 9890, "sitz": "Gemeinde Ostercappeln", "gemeinde": "Ostercappeln", "str": "Gildebrede 1"},
{"plz": "49134", "ort": "Wallenhorst", "name": null, "phone": null, "email": null, "ags": "03459033", "area": 47.17, "population": 22867, "sitz": "Gemeinde Wallenhorst", "gemeinde": "Wallenhorst", "str": "Rathausallee 1"},
{"plz": "49219", "ort": "Glandorf", "name": null, "phone": null, "email": null, "ags": "03459034", "area": 59.87, "population": 6619, "sitz": "Gemeinde Glandorf", "gemeinde": "Glandorf", "str": "M\u00fcnsterstra\u00dfe 11"},
{"plz": "49610", "ort": "Quakenbr\u00fcck", "name": null, "phone": null, "email": null, "ags": "03459007", "area": 79.11, "population": 4646, "sitz": "Samtgemeinde Artland", "gemeinde": "Badbergen", "str": "Markt 1"},
{"plz": "49610", "ort": "Quakenbr\u00fcck", "name": null, "phone": null, "email": null, "ags": "03459025", "area": 65.23, "population": 2491, "sitz": "Samtgemeinde Artland", "gemeinde": "Menslage", "str": "Markt 1"},
{"plz": "49610", "ort": "Quakenbr\u00fcck", "name": null, "phone": null, "email": null, "ags": "03459028", "area": 27.08, "population": 2983, "sitz": "Samtgemeinde Artland", "gemeinde": "Nortrup", "str": "Markt 1"},
{"plz": "49610", "ort": "Quakenbr\u00fcck", "name": null, "phone": null, "email": null, "ags": "03459030", "area": 17.96, "population": 13612, "sitz": "Samtgemeinde Artland", "gemeinde": "Quakenbr\u00fcck, Stadt", "str": "Markt 1"},
{"plz": "49593", "ort": "Bersenbr\u00fcck", "name": null, "phone": null, "email": null, "ags": "03459001", "area": 39.33, "population": 4108, "sitz": "Samtgemeinde Bersenbr\u00fcck", "gemeinde": "Alfhausen", "str": "Lindenstra\u00dfe 2"},
{"plz": "49593", "ort": "Bersenbr\u00fcck", "name": null, "phone": null, "email": null, "ags": "03459002", "area": 66.3, "population": 7768, "sitz": "Samtgemeinde Bersenbr\u00fcck", "gemeinde": "Ankum", "str": "Lindenstra\u00dfe 2"},
{"plz": "49593", "ort": "Bersenbr\u00fcck", "name": null, "phone": null, "email": null, "ags": "03459010", "area": 42.54, "population": 8810, "sitz": "Samtgemeinde Bersenbr\u00fcck", "gemeinde": "Bersenbr\u00fcck, Stadt", "str": "Lindenstra\u00dfe 2"},
{"plz": "49593", "ort": "Bersenbr\u00fcck", "name": null, "phone": null, "email": null, "ags": "03459016", "area": 27.4, "population": 1782, "sitz": "Samtgemeinde Bersenbr\u00fcck", "gemeinde": "Eggerm\u00fchlen", "str": "Lindenstra\u00dfe 2"},
{"plz": "49593", "ort": "Bersenbr\u00fcck", "name": null, "phone": null, "email": null, "ags": "03459018", "area": 36.36, "population": 2574, "sitz": "Samtgemeinde Bersenbr\u00fcck", "gemeinde": "Gehrde", "str": "Lindenstra\u00dfe 2"},
{"plz": "49593", "ort": "Bersenbr\u00fcck", "name": null, "phone": null, "email": null, "ags": "03459023", "area": 12.88, "population": 1816, "sitz": "Samtgemeinde Bersenbr\u00fcck", "gemeinde": "Kettenkamp", "str": "Lindenstra\u00dfe 2"},
{"plz": "49593", "ort": "Bersenbr\u00fcck", "name": null, "phone": null, "email": null, "ags": "03459031", "area": 30.59, "population": 3620, "sitz": "Samtgemeinde Bersenbr\u00fcck", "gemeinde": "Rieste", "str": "Lindenstra\u00dfe 2"},
{"plz": "49584", "ort": "F\u00fcrstenau", "name": null, "phone": null, "email": null, "ags": "03459009", "area": 66.78, "population": 3587, "sitz": "Samtgemeinde F\u00fcrstenau", "gemeinde": "Berge", "str": "Schlo\u00dfplatz 1"},
{"plz": "49584", "ort": "F\u00fcrstenau", "name": null, "phone": null, "email": null, "ags": "03459011", "area": 79.22, "population": 2997, "sitz": "Samtgemeinde F\u00fcrstenau", "gemeinde": "Bippen", "str": "Schlo\u00dfplatz 1"},
{"plz": "49584", "ort": "F\u00fcrstenau", "name": null, "phone": null, "email": null, "ags": "03459017", "area": 78.64, "population": 9621, "sitz": "Samtgemeinde F\u00fcrstenau", "gemeinde": "F\u00fcrstenau, Stadt", "str": "Schlo\u00dfplatz 1"},
{"plz": "49586", "ort": "Neuenkirchen", "name": null, "phone": null, "email": null, "ags": "03459026", "area": 53.05, "population": 3899, "sitz": "Samtgemeinde Neuenkirchen", "gemeinde": "Merzen", "str": "Alte Poststra\u00dfe 5-7"},
{"plz": "49586", "ort": "Neuenkirchen", "name": null, "phone": null, "email": null, "ags": "03459027", "area": 57.63, "population": 4605, "sitz": "Samtgemeinde Neuenkirchen", "gemeinde": "Neuenkirchen", "str": "Alte Poststra\u00dfe 5-7"},
{"plz": "49586", "ort": "Neuenkirchen", "name": null, "phone": null, "email": null, "ags": "03459032", "area": 42.35, "population": 1811, "sitz": "Samtgemeinde Neuenkirchen", "gemeinde": "Voltlage", "str": "Alte Poststra\u00dfe 5-7"},
{"plz": "49456", "ort": "Bakum", "name": null, "phone": null, "email": null, "ags": "03460001", "area": 78.88, "population": 6577, "sitz": "Gemeinde Bakum", "gemeinde": "Bakum", "str": "Kirchstra\u00dfe 3"},
{"plz": "49401", "ort": "Damme", "name": null, "phone": null, "email": null, "ags": "03460002", "area": 104.39, "population": 17366, "sitz": "Stadt Damme", "gemeinde": "Damme, Stadt", "str": "M\u00fchlenstra\u00dfe 18"},
{"plz": "49413", "ort": "Dinklage", "name": null, "phone": null, "email": null, "ags": "03460003", "area": 72.81, "population": 13290, "sitz": "Stadt Dinklage", "gemeinde": "Dinklage, Stadt", "str": "Am Markt 1"},
{"plz": "49424", "ort": "Goldenstedt", "name": null, "phone": null, "email": null, "ags": "03460004", "area": 88.91, "population": 10037, "sitz": "Gemeinde Goldenstedt", "gemeinde": "Goldenstedt", "str": "Hauptstra\u00dfe 39"},
{"plz": "49451", "ort": "Holdorf", "name": null, "phone": null, "email": null, "ags": "03460005", "area": 55, "population": 7455, "sitz": "Gemeinde Holdorf", "gemeinde": "Holdorf", "str": "Gro\u00dfe Stra\u00dfe 19"},
{"plz": "49393", "ort": "Lohne/Oldenburg", "name": null, "phone": null, "email": null, "ags": "03460006", "area": 91.11, "population": 27387, "sitz": "Stadt Lohne (Oldenburg)", "gemeinde": "Lohne (Oldenburg), Stadt", "str": "Vogtstra\u00dfe 26"},
{"plz": "49434", "ort": "Neuenkirchen-V\u00f6rden", "name": null, "phone": null, "email": null, "ags": "03460007", "area": 90.94, "population": 9021, "sitz": "Gemeinde Neuenkirchen-V\u00f6rden", "gemeinde": "Neuenkirchen-V\u00f6rden", "str": "K\u00fcsterstra\u00dfe 4"},
{"plz": "49439", "ort": "Steinfeld/Oldenburg", "name": null, "phone": null, "email": null, "ags": "03460008", "area": 60.05, "population": 10316, "sitz": "Gemeinde Steinfeld (Oldenburg)", "gemeinde": "Steinfeld (Oldenburg)", "str": "Am Rathausplatz 13"},
{"plz": "49377", "ort": "Vechta", "name": null, "phone": null, "email": null, "ags": "03460009", "area": 87.89, "population": 33309, "sitz": "Stadt Vechta", "gemeinde": "Vechta, Stadt", "str": "Burgstra\u00dfe 6"},
{"plz": "49429", "ort": "Visbek", "name": null, "phone": null, "email": null, "ags": "03460010", "area": 84.24, "population": 10047, "sitz": "Gemeinde Visbek", "gemeinde": "Visbek", "str": "Rathausplatz 1"},
{"plz": "40213", "ort": "D\u00fcsseldorf", "name": null, "phone": null, "email": null, "ags": "05111000", "area": 217.41, "population": 619477, "sitz": "Kreisfreie Stadt D\u00fcsseldorf", "gemeinde": "D\u00fcsseldorf, Stadt", "str": "Marktplatz 2"},
{"plz": "47051", "ort": "Duisburg", "name": null, "phone": null, "email": null, "ags": "05112000", "area": 232.79, "population": 495152, "sitz": "Kreisfreie Stadt Duisburg", "gemeinde": "Duisburg, Stadt", "str": "Burgplatz 19"},
{"prefix": "B\u00fcrgeramt", "name": "Duisburg Bezirksamt Mitte", "str": "Sonnenwall 73-75", "plz": "47051", "ort": "Duisburg", "phone": "0203-940-00", "email": "bza.mitte@stadt-duisburg.de"},
{"plz": "45121", "ort": "Essen", "name": null, "phone": null, "email": null, "ags": "05113000", "area": 210.34, "population": 579432, "sitz": "Kreisfreie Stadt Essen", "gemeinde": "Essen, Stadt", "str": "Porscheplatz 1"},
{"plz": "47798", "ort": "Krefeld", "name": null, "phone": null, "email": null, "ags": "05114000", "area": 137.78, "population": 227050, "sitz": "Kreisfreie Stadt Krefeld", "gemeinde": "Krefeld, Stadt", "str": "Von-der-Leyen-Platz 1"},
{"prefix": "B\u00fcrgeramt", "name": "Krefeld Mitte", "str": "Theaterplatz 1\nSeidenweberhaus", "plz": "47798", "ort": "Krefeld", "phone": "02151-86-0", "email": "fb31@krefeld.de"},
{"plz": "41061", "ort": "M\u00f6nchengladbach", "name": null, "phone": null, "email": null, "ags": "05116000", "area": 170.47, "population": 261001, "sitz": "Kreisfreie Stadt M\u00f6nchengladbach", "gemeinde": "M\u00f6nchengladbach, Stadt", "str": "Weiherstra\u00dfe 21"},
{"prefix": "B\u00fcrgeramt", "name": "M\u00f6nchengladbach Meldestelle Vitus-Center", "str": "Goebenstr. 4 - 8", "subdivisions": ["(Vitus-Center)", "Zimmer E01"], "plz": "41061", "ort": "M\u00f6nchengladbach", "phone": "02161-25-53122-bis-53130", "email": "einwohnermeldeangelegenheiten@moenchengladbach.de"},
{"plz": "45468", "ort": "M\u00fclheim an der Ruhr", "name": null, "phone": null, "email": null, "ags": "05117000", "area": 91.28, "population": 170739, "sitz": "Kreisfreie Stadt M\u00fclheim an der Ruhr", "gemeinde": "M\u00fclheim an der Ruhr, Stadt", "str": "Am Rathaus 1"},
{"plz": "46045", "ort": "Oberhausen", "name": null, "phone": null, "email": null, "ags": "05119000", "area": 77.09, "population": 208752, "sitz": "Kreisfreie Stadt Oberhausen", "gemeinde": "Oberhausen, Stadt", "str": "Schwartzstra\u00dfe 72"},
{"prefix": "B\u00fcrgeramt", "name": "Oberhausen Alt-Oberhausen", "str": "Schwartzstr. 72\nRathaus Oberhausen", "plz": "46045", "ort": "Oberhausen", "phone": "0208-825-3037", "email": "bzv-alt-oberhausen@oberhausen.de"},
{"plz": "42853", "ort": "Remscheid", "name": null, "phone": null, "email": null, "ags": "05120000", "area": 74.52, "population": 111770, "sitz": "Kreisfreie Stadt Remscheid", "gemeinde": "Remscheid, Stadt", "str": "Theodor-Heuss-Platz 1"},
{"prefix": "B\u00fcrgeramt", "name": "Remscheid", "str": "Elberfelder Str. 36", "plz": "42853", "ort": "Remscheid", "phone": "02191-16-00", "email": "meldebehoerde@remscheid.de"},
{"plz": "42651", "ort": "Solingen", "name": null, "phone": null, "email": null, "ags": "05122000", "area": 89.54, "population": 158957, "sitz": "Kreisfreie Stadt Solingen", "gemeinde": "Solingen, Klingenstadt", "str": "Walter-Scheel-Platz 1"},
{"prefix": "B\u00fcrgeramt", "name": "Solingen Clemens-Galerien", "str": "Mummstr. 10", "plz": "42651", "ort": "Solingen", "phone": "0212-290-0", "email": "buergerbuero@solingen.de"},
{"plz": "42275", "ort": "Wuppertal", "name": null, "phone": null, "email": null, "ags": "05124000", "area": 168.39, "population": 354572, "sitz": "Kreisfreie Stadt Wuppertal", "gemeinde": "Wuppertal, Stadt", "str": "Johannes-Rau-Platz 1"},
{"prefix": "B\u00fcrgeramt", "name": "Wuppertal ServiceCenter", "str": "Steinweg 20", "plz": "42275", "ort": "Wuppertal", "phone": "0202-563-0", "email": "ema-wuppertal@stadt.wuppertal.de"},
{"plz": "47551", "ort": "Bedburg-Hau", "name": null, "phone": null, "email": null, "ags": "05154004", "area": 61.31, "population": 13033, "sitz": "Gemeinde Bedburg-Hau", "gemeinde": "Bedburg-Hau", "str": "Rathausplatz 1"},
{"plz": "46446", "ort": "Emmerich am Rhein", "name": null, "phone": null, "email": null, "ags": "05154008", "area": 80.4, "population": 30854, "sitz": "Stadt Emmerich am Rhein", "gemeinde": "Emmerich am Rhein, Stadt", "str": "Geistmarkt 1"},
{"plz": "47608", "ort": "Geldern", "name": null, "phone": null, "email": null, "ags": "05154012", "area": 96.97, "population": 33733, "sitz": "Stadt Geldern", "gemeinde": "Geldern, Stadt", "str": "Issumer Tor 36"},
{"plz": "47574", "ort": "Goch", "name": null, "phone": null, "email": null, "ags": "05154016", "area": 115.43, "population": 34593, "sitz": "Stadt Goch", "gemeinde": "Goch, Stadt", "str": "Markt 2"},
{"plz": "47661", "ort": "Issum", "name": null, "phone": null, "email": null, "ags": "05154020", "area": 54.74, "population": 12201, "sitz": "Gemeinde Issum", "gemeinde": "Issum", "str": "Herrlichkeit 7-9"},
{"plz": "47546", "ort": "Kalkar", "name": null, "phone": null, "email": null, "ags": "05154024", "area": 88.2, "population": 13953, "sitz": "Stadt Kalkar", "gemeinde": "Kalkar, Stadt", "str": "Markt 20"},
{"plz": "47647", "ort": "Kerken", "name": null, "phone": null, "email": null, "ags": "05154028", "area": 58.17, "population": 12564, "sitz": "Gemeinde Kerken", "gemeinde": "Kerken", "str": "Dionysiusplatz 4"},
{"plz": "47623", "ort": "Kevelaer", "name": null, "phone": null, "email": null, "ags": "05154032", "area": 100.64, "population": 27891, "sitz": "Stadt Kevelaer", "gemeinde": "Kevelaer, Stadt", "str": "Peter-Pl\u00fcmpe-Platz 12"},
{"plz": "47533", "ort": "Kleve", "name": null, "phone": null, "email": null, "ags": "05154036", "area": 97.76, "population": 52470, "sitz": "Stadt Kleve", "gemeinde": "Kleve, Stadt", "str": "Minoritenplatz 1"},
{"plz": "47559", "ort": "Kranenburg", "name": null, "phone": null, "email": null, "ags": "05154040", "area": 76.89, "population": 11087, "sitz": "Gemeinde Kranenburg", "gemeinde": "Kranenburg", "str": "Klever Stra\u00dfe 4"},
{"plz": "46459", "ort": "Rees", "name": null, "phone": null, "email": null, "ags": "05154044", "area": 109.86, "population": 21045, "sitz": "Stadt Rees", "gemeinde": "Rees, Stadt", "str": "Markt 1"},
{"plz": "47509", "ort": "Rheurdt", "name": null, "phone": null, "email": null, "ags": "05154048", "area": 30.03, "population": 6566, "sitz": "Gemeinde Rheurdt", "gemeinde": "Rheurdt", "str": "Rathausstra\u00dfe 35"},
{"plz": "47638", "ort": "Straelen", "name": null, "phone": null, "email": null, "ags": "05154052", "area": 74, "population": 16232, "sitz": "Stadt Straelen", "gemeinde": "Straelen, Stadt", "str": "Rathausstra\u00dfe 1"},
{"plz": "47589", "ort": "Uedem", "name": null, "phone": null, "email": null, "ags": "05154056", "area": 60.93, "population": 8362, "sitz": "Gemeinde Uedem", "gemeinde": "Uedem", "str": "Mosterstra\u00dfe 2"},
{"plz": "47669", "ort": "Wachtendonk", "name": null, "phone": null, "email": null, "ags": "05154060", "area": 48.17, "population": 8192, "sitz": "Gemeinde Wachtendonk", "gemeinde": "Wachtendonk", "str": "Weinstra\u00dfe 1"},
{"plz": "47652", "ort": "Weeze", "name": null, "phone": null, "email": null, "ags": "05154064", "area": 79.49, "population": 11900, "sitz": "Gemeinde Weeze", "gemeinde": "Weeze", "str": "Cyriakusplatz 13-14"},
{"plz": "40699", "ort": "Erkrath", "name": null, "phone": null, "email": null, "ags": "05158004", "area": 26.88, "population": 43594, "sitz": "Stadt Erkrath", "gemeinde": "Erkrath, Fundort des Neanderthalers, Stadt", "str": "Bahnstra\u00dfe 16"},
{"plz": "42781", "ort": "Haan", "name": null, "phone": null, "email": null, "ags": "05158008", "area": 24.19, "population": 30298, "sitz": "Stadt Haan", "gemeinde": "Haan, Stadt", "str": "Kaiserstra\u00dfe 85"},
{"plz": "42579", "ort": "Heiligenhaus", "name": null, "phone": null, "email": null, "ags": "05158012", "area": 27.52, "population": 26367, "sitz": "Stadt Heiligenhaus", "gemeinde": "Heiligenhaus, Stadt", "str": "Hauptstra\u00dfe 157"},
{"plz": "40721", "ort": "Hilden", "name": null, "phone": null, "email": null, "ags": "05158016", "area": 25.95, "population": 55182, "sitz": "Stadt Hilden", "gemeinde": "Hilden, Stadt", "str": "Am Rathaus 1"},
{"plz": "40764", "ort": "Langenfeld (Rhld.)", "name": null, "phone": null, "email": null, "ags": "05158020", "area": 41.15, "population": 59223, "sitz": "Stadt Langenfeld (Rhld.)", "gemeinde": "Langenfeld (Rheinland), Stadt", "str": "Konrad-Adenauer-Platz 1"},
{"prefix": "B\u00fcrgeramt", "name": "Langenfeld", "str": "Konrad-Adenauer-Platz 1", "plz": "40764", "ort": "Langenfeld", "phone": "02173-794-0", "email": "buergerbuero@langenfeld.de"},
{"plz": "40822", "ort": "Mettmann", "name": null, "phone": null, "email": null, "ags": "05158024", "area": 42.56, "population": 38808, "sitz": "Stadt Mettmann", "gemeinde": "Mettmann, Stadt", "str": "Neanderstra\u00dfe 85"},
{"plz": "40789", "ort": "Monheim", "name": null, "phone": null, "email": null, "ags": "05158026", "area": 23.05, "population": 41913, "sitz": "Stadt Monheim am Rhein", "gemeinde": "Monheim am Rhein, Stadt", "str": "Rathausplatz 2"},
{"plz": "40878", "ort": "Ratingen", "name": null, "phone": null, "email": null, "ags": "05158028", "area": 88.74, "population": 86424, "sitz": "Stadt Ratingen", "gemeinde": "Ratingen, Stadt", "str": "Minoritenstra\u00dfe 2-6"},
{"prefix": "B\u00fcrgeramt", "name": "Ratingen Rathaus", "str": "Peter-Br\u00fcning-Platz 3", "plz": "40878", "ort": "Ratingen", "phone": "02102-550-0", "email": "buergerbuero@ratingen.de"},
{"prefix": "B\u00fcrgeramt", "name": "Ratingen Rathaus", "str": "Peter-Br\u00fcning-Platz 3", "plz": "40878", "ort": "Ratingen", "phone": "02102-550-0", "email": "buergerbuero@ratingen.de"},
{"plz": "42551", "ort": "Velbert", "name": null, "phone": null, "email": null, "ags": "05158032", "area": 74.9, "population": 81593, "sitz": "Stadt Velbert", "gemeinde": "Velbert, Stadt", "str": "Thomasstra\u00dfe 1"},
{"prefix": "B\u00fcrgeramt", "name": "Velbert Mitte", "str": "Thomasstr. 1\nRathaus", "plz": "42551", "ort": "Velbert", "phone": "02051-26-0", "email": "servicebuero-velbert-mitte@velbert.de"},
{"plz": "42489", "ort": "W\u00fclfrath", "name": null, "phone": null, "email": null, "ags": "05158036", "area": 32.27, "population": 21009, "sitz": "Stadt W\u00fclfrath", "gemeinde": "W\u00fclfrath, Stadt", "str": "Am Rathaus 1"},
{"plz": "41539", "ort": "Dormagen", "name": null, "phone": null, "email": null, "ags": "05162004", "area": 85.5, "population": 64553, "sitz": "Stadt Dormagen", "gemeinde": "Dormagen, Stadt", "str": "Paul-Wierich-Platz 2"},
{"prefix": "B\u00fcrgeramt", "name": "Dormagen", "str": "Paul-Wierich-Platz 2", "plz": "41539", "ort": "Dormagen", "phone": "02133-257-0", "email": "buergeramt@stadt-dormagen.de"},
{"plz": "41515", "ort": "Grevenbroich", "name": null, "phone": null, "email": null, "ags": "05162008", "area": 102.42, "population": 63922, "sitz": "Stadt Grevenbroich", "gemeinde": "Grevenbroich, Stadt", "str": "Am Markt 1"},
{"prefix": "B\u00fcrgeramt", "name": "Grevenbroich", "str": "Am Markt 3", "subdivisions": ["'Bernardushaus'", "EG"], "plz": "41515", "ort": "Grevenbroich", "phone": "02181-608-572", "email": "buergerbuero@grevenbroich.de"},
{"plz": "41363", "ort": "J\u00fcchen", "name": null, "phone": null, "email": null, "ags": "05162012", "area": 71.87, "population": 23611, "sitz": "Stadt J\u00fcchen", "gemeinde": "J\u00fcchen, Stadt", "str": "Am Rathaus 5"},
{"plz": "41564", "ort": "Kaarst", "name": null, "phone": null, "email": null, "ags": "05162016", "area": 37.39, "population": 43661, "sitz": "Stadt Kaarst", "gemeinde": "Kaarst, Stadt", "str": "Am Neumarkt 2"},
{"plz": "41352", "ort": "Korschenbroich", "name": null, "phone": null, "email": null, "ags": "05162020", "area": 55.26, "population": 33786, "sitz": "Stadt Korschenbroich", "gemeinde": "Korschenbroich, Stadt", "str": "Sebastianusstra\u00dfe 1"},
{"plz": "40670", "ort": "Meerbusch", "name": null, "phone": null, "email": null, "ags": "05162022", "area": 64.4, "population": 56855, "sitz": "Stadt Meerbusch", "gemeinde": "Meerbusch, Stadt", "str": "Neusser Feldweg 4"},
{"prefix": "B\u00fcrgeramt", "name": "Meerbusch Osterath", "str": "Hochstr. 12", "plz": "40670", "ort": "Meerbusch", "phone": "02150-916-166", "email": "buergerbuero@meerbusch.de"},
{"plz": "41460", "ort": "Neuss", "name": null, "phone": null, "email": null, "ags": "05162024", "area": 99.52, "population": 152731, "sitz": "Stadt Neuss", "gemeinde": "Neuss, Stadt", "str": "Markt 2"},
{"prefix": "B\u00fcrgeramt", "name": "Neuss", "str": "Markt 2", "plz": "41460", "ort": "Neuss", "phone": "02131-903-232", "email": "buergeramt@stadt.neuss.de"},
{"plz": "41569", "ort": "Rommerskirchen", "name": null, "phone": null, "email": null, "ags": "05162028", "area": 60.08, "population": 13377, "sitz": "Gemeinde Rommerskirchen", "gemeinde": "Rommerskirchen", "str": "Bahnstra\u00dfe 51"},
{"plz": "41379", "ort": "Br\u00fcggen", "name": null, "phone": null, "email": null, "ags": "05166004", "area": 61.2, "population": 15907, "sitz": "Gemeinde Br\u00fcggen", "gemeinde": "Br\u00fcggen, Burggemeinde", "str": "Klosterstra\u00dfe 38"},
{"plz": "47929", "ort": "Grefrath", "name": null, "phone": null, "email": null, "ags": "05166008", "area": 30.98, "population": 14734, "sitz": "Gemeinde Grefrath", "gemeinde": "Grefrath, Sport- und Freizeitgemeinde", "str": "Rathausplatz 3"},
{"plz": "47906", "ort": "Kempen", "name": null, "phone": null, "email": null, "ags": "05166012", "area": 68.8, "population": 34562, "sitz": "Stadt Kempen", "gemeinde": "Kempen, Stadt", "str": "Buttermarkt 1"},
{"plz": "41334", "ort": "Nettetal", "name": null, "phone": null, "email": null, "ags": "05166016", "area": 83.87, "population": 42508, "sitz": "Stadt Nettetal", "gemeinde": "Nettetal, Stadt", "str": "Doerkesplatz 11"},
{"plz": "41372", "ort": "Niederkr\u00fcchten", "name": null, "phone": null, "email": null, "ags": "05166020", "area": 67.07, "population": 15075, "sitz": "Gemeinde Niederkr\u00fcchten", "gemeinde": "Niederkr\u00fcchten", "str": "Laurentiusstra\u00dfe 19"},
{"plz": "41366", "ort": "Schwalmtal", "name": null, "phone": null, "email": null, "ags": "05166024", "area": 48.11, "population": 19062, "sitz": "Gemeinde Schwalmtal", "gemeinde": "Schwalmtal", "str": "Markt 20"},
{"plz": "47918", "ort": "T\u00f6nisvorst", "name": null, "phone": null, "email": null, "ags": "05166028", "area": 44.34, "population": 29257, "sitz": "Stadt T\u00f6nisvorst", "gemeinde": "T\u00f6nisvorst, Stadt", "str": "Bahnstra\u00dfe 15"},
{"plz": "41747", "ort": "Viersen", "name": null, "phone": null, "email": null, "ags": "05166032", "area": 91.1, "population": 77523, "sitz": "Stadt Viersen", "gemeinde": "Viersen, Stadt", "str": "Rathausmarkt 1"},
{"prefix": "B\u00fcrgeramt", "name": "Viersen", "str": "Rathausmarkt 1", "plz": "41747", "ort": "Viersen", "phone": "02162-101-0", "email": "buergerservice@viersen.de"},
{"plz": "47877", "ort": "Willich", "name": null, "phone": null, "email": null, "ags": "05166036", "area": 67.8, "population": 50133, "sitz": "Stadt Willich", "gemeinde": "Willich, Stadt", "str": "Hauptstra\u00dfe 6"},
{"plz": "46519", "ort": "Alpen", "name": null, "phone": null, "email": null, "ags": "05170004", "area": 59.6, "population": 12528, "sitz": "Gemeinde Alpen", "gemeinde": "Alpen", "str": "Rathausstra\u00dfe 5"},
{"plz": "46535", "ort": "Dinslaken", "name": null, "phone": null, "email": null, "ags": "05170008", "area": 47.66, "population": 67114, "sitz": "Stadt Dinslaken", "gemeinde": "Dinslaken, Stadt", "str": "Platz d' Agen 1"},
{"prefix": "B\u00fcrgeramt", "name": "Dinslaken Stadtmitte", "str": "Friedrich-Ebert-Str. 82-84", "plz": "46535", "ort": "Dinslaken", "phone": "02064-66-666", "email": "buergerbuero@dinslaken.de"},
{"plz": "46499", "ort": "Hamminkeln", "name": null, "phone": null, "email": null, "ags": "05170012", "area": 164.53, "population": 26900, "sitz": "Stadt Hamminkeln", "gemeinde": "Hamminkeln, Stadt", "str": "Br\u00fcner Stra\u00dfe 9"},
{"plz": "46569", "ort": "H\u00fcnxe", "name": null, "phone": null, "email": null, "ags": "05170016", "area": 106.86, "population": 13611, "sitz": "Gemeinde H\u00fcnxe", "gemeinde": "H\u00fcnxe", "str": "Dorstener Stra\u00dfe 24"},
{"plz": "47475", "ort": "Kamp-Lintfort", "name": null, "phone": null, "email": null, "ags": "05170020", "area": 63.14, "population": 37847, "sitz": "Stadt Kamp-Lintfort", "gemeinde": "Kamp-Lintfort, Stadt", "str": "Am Rathaus 2"},
{"plz": "47441", "ort": "Moers", "name": null, "phone": null, "email": null, "ags": "05170024", "area": 67.68, "population": 103725, "sitz": "Stadt Moers", "gemeinde": "Moers, Stadt", "str": "Rathausplatz 1"},
{"prefix": "B\u00fcrgeramt", "name": "Moers Innenstadt", "str": "Rathausplatz 1", "plz": "47441", "ort": "Moers", "phone": "02841-201-0", "email": "buergerservice@moers.de"},
{"plz": "47506", "ort": "Neukirchen-Vluyn", "name": null, "phone": null, "email": null, "ags": "05170028", "area": 43.5, "population": 27613, "sitz": "Stadt Neukirchen-Vluyn", "gemeinde": "Neukirchen-Vluyn, Stadt", "str": "Hans-B\u00f6ckler-Stra\u00dfe 26"},
{"plz": "47495", "ort": "Rheinberg", "name": null, "phone": null, "email": null, "ags": "05170032", "area": 75.24, "population": 30863, "sitz": "Stadt Rheinberg", "gemeinde": "Rheinberg, Stadt", "str": "Kirchplatz 10"},
{"plz": "46514", "ort": "Schermbeck", "name": null, "phone": null, "email": null, "ags": "05170036", "area": 110.71, "population": 13464, "sitz": "Gemeinde Schermbeck", "gemeinde": "Schermbeck", "str": "Weseler Stra\u00dfe 2"},
{"plz": "47665", "ort": "Sonsbeck", "name": null, "phone": null, "email": null, "ags": "05170040", "area": 55.41, "population": 8689, "sitz": "Gemeinde Sonsbeck", "gemeinde": "Sonsbeck", "str": "Herrenstra\u00dfe 2"},
{"plz": "46562", "ort": "Voerde", "name": null, "phone": null, "email": null, "ags": "05170044", "area": 53.49, "population": 35889, "sitz": "Stadt Voerde (Niederrhein)", "gemeinde": "Voerde (Niederrhein), Stadt", "str": "Rathausplatz 20"},
{"plz": "46483", "ort": "Wesel", "name": null, "phone": null, "email": null, "ags": "05170048", "area": 122.56, "population": 60688, "sitz": "Stadt Wesel", "gemeinde": "Wesel, Stadt", "str": "Klever-Tor-Platz 1"},
{"prefix": "B\u00fcrgeramt", "name": "Wesel", "str": "Klever-Tor-Platz 1\nTeam 74", "plz": "46483", "ort": "Wesel", "phone": "0281-2030", "email": "team74@wesel.de"},
{"plz": "46509", "ort": "Xanten", "name": null, "phone": null, "email": null, "ags": "05170052", "area": 72.43, "population": 21502, "sitz": "Stadt Xanten", "gemeinde": "Xanten, Stadt", "str": "Karthaus 2"},
{"plz": "41812", "ort": "Erkelenz", "name": null, "phone": null, "email": null, "ags": "05370004", "area": 117.34, "population": 43492, "sitz": "Stadt Erkelenz", "gemeinde": "Erkelenz, Stadt", "str": "Johannismarkt 17"},
{"plz": "41836", "ort": "H\u00fcckelhoven", "name": null, "phone": null, "email": null, "ags": "05370020", "area": 61.27, "population": 40712, "sitz": "Stadt H\u00fcckelhoven", "gemeinde": "H\u00fcckelhoven, Stadt", "str": "Rathausplatz 1"},
{"plz": "41849", "ort": "Wassenberg", "name": null, "phone": null, "email": null, "ags": "05370036", "area": 42.43, "population": 18952, "sitz": "Stadt Wassenberg", "gemeinde": "Wassenberg, Stadt", "str": "Roermonder Stra\u00dfe 25-27"},
{"plz": "41844", "ort": "Wegberg", "name": null, "phone": null, "email": null, "ags": "05370040", "area": 84.34, "population": 28213, "sitz": "Stadt Wegberg", "gemeinde": "Wegberg, Stadt", "str": "Rathausplatz 25"},
{"plz": "42499", "ort": "H\u00fcckeswagen", "name": null, "phone": null, "email": null, "ags": "05374016", "area": 50.52, "population": 14706, "sitz": "Stadt H\u00fcckeswagen", "gemeinde": "H\u00fcckeswagen, Schloss-Stadt", "str": "Auf'm Schlo\u00df 1"},
{"plz": "42477", "ort": "Radevormwald", "name": null, "phone": null, "email": null, "ags": "05374036", "area": 53.86, "population": 21952, "sitz": "Stadt Radevormwald", "gemeinde": "Radevormwald, Stadt auf der H\u00f6he", "str": "Hohenfuhrstra\u00dfe 13"},
{"plz": "42799", "ort": "Leichlingen (Rhld.)", "name": null, "phone": null, "email": null, "ags": "05378016", "area": 37.26, "population": 27868, "sitz": "Stadt Leichlingen (Rhld.)", "gemeinde": "Leichlingen (Rheinland), Bl\u00fctenstadt", "str": "Am B\u00fcscherhof 1"},
{"plz": "42929", "ort": "Wermelskirchen", "name": null, "phone": null, "email": null, "ags": "05378032", "area": 74.81, "population": 34480, "sitz": "Stadt Wermelskirchen", "gemeinde": "Wermelskirchen, Stadt", "str": "Telegrafenstra\u00dfe 29-33"},
{"plz": "46236", "ort": "Bottrop", "name": null, "phone": null, "email": null, "ags": "05512000", "area": 100.62, "population": 117311, "sitz": "Kreisfreie Stadt Bottrop", "gemeinde": "Bottrop, Stadt", "str": "Ernst-Wilczok-Platz 1"},
{"prefix": "B\u00fcrgeramt", "name": "Bottrop", "str": "Ernst-Wilczok-Platz 1\nRathaus", "plz": "46236", "ort": "Bottrop", "phone": "02041-703-0", "email": "buergerbuero@bottrop.de"},
{"plz": "45879", "ort": "Gelsenkirchen", "name": null, "phone": null, "email": null, "ags": "05513000", "area": 104.94, "population": 260126, "sitz": "Kreisfreie Stadt Gelsenkirchen", "gemeinde": "Gelsenkirchen, Stadt", "str": "Ebertstra\u00dfe 11"},
{"prefix": "B\u00fcrgeramt", "name": "Gelsenkirchen Hans-Sachs-Haus", "str": "Ebertstr. 11", "plz": "45879", "ort": "Gelsenkirchen", "phone": "0209-1692-100", "email": "buergercenter@gelsenkirchen.de"},
{"plz": "48143", "ort": "M\u00fcnster", "name": null, "phone": null, "email": null, "ags": "05515000", "area": 303.28, "population": 317713, "sitz": "Kreisfreie Stadt M\u00fcnster", "gemeinde": "M\u00fcnster, Stadt", "str": "Klemensstra\u00dfe 10"},
{"prefix": "B\u00fcrgeramt", "name": "M\u00fcnster Mitte", "str": "Klemensstr. 10\nStadthaus 1", "plz": "48143", "ort": "M\u00fcnster", "phone": "0251-492-0", "email": "buergerbuero-mitte@stadt-muenster.de"},
{"plz": "48683", "ort": "Ahaus", "name": null, "phone": null, "email": null, "ags": "05554004", "area": 151.24, "population": 39658, "sitz": "Stadt Ahaus", "gemeinde": "Ahaus, Stadt", "str": "Rathausplatz 1"},
{"plz": "46395", "ort": "Bocholt", "name": null, "phone": null, "email": null, "ags": "05554008", "area": 119.4, "population": 71074, "sitz": "Stadt Bocholt", "gemeinde": "Bocholt, Stadt", "str": "Kaiser- Wilhelm-Stra\u00dfe 52-58"},
{"prefix": "B\u00fcrgeramt", "name": "Bocholt", "str": "Berliner Platz 1", "plz": "46395", "ort": "Bocholt", "phone": "02871-953-456-(Termintelefon)", "email": "buergerbuero@mail.bocholt.de"},
{"prefix": "B\u00fcrgerb\u00fcro", "name": "der Stadt Bocholt", "str": "Neutorplatz 3 (1. Obergeschoss)", "plz": "46395", "ort": "Bocholt", "phone": "02871-953-2400", "email": "buergerbuero@bocholt.de"},
{"name": "Stadtverwaltung Bocholt", "str": "Kaiser-Wilhelm-Str. 52-58", "plz": "46395", "ort": "Bocholt", "phone": "02871-953-0", "email": "stadtverwaltung@bocholt.de"},
{"plz": "46325", "ort": "Borken", "name": null, "phone": null, "email": null, "ags": "05554012", "area": 153.24, "population": 42974, "sitz": "Stadt Borken", "gemeinde": "Borken, Stadt", "str": "Im Piepershagen 17"},
{"plz": "48712", "ort": "Gescher", "name": null, "phone": null, "email": null, "ags": "05554016", "area": 80.84, "population": 17186, "sitz": "Stadt Gescher", "gemeinde": "Gescher, Glockenstadt", "str": "Marktplatz 1"},
{"plz": "48599", "ort": "Gronau (Westf.)", "name": null, "phone": null, "email": null, "ags": "05554020", "area": 78.82, "population": 49031, "sitz": "Stadt Gronau (Westf.)", "gemeinde": "Gronau (Westf.), Stadt", "str": "Konrad-Adenauer-Stra\u00dfe 1"},
{"plz": "48619", "ort": "Heek", "name": null, "phone": null, "email": null, "ags": "05554024", "area": 69.43, "population": 8628, "sitz": "Gemeinde Heek", "gemeinde": "Heek", "str": "Bahnhofstra\u00dfe 60"},
{"plz": "46359", "ort": "Heiden", "name": null, "phone": null, "email": null, "ags": "05554028", "area": 53.39, "population": 8194, "sitz": "Gemeinde Heiden", "gemeinde": "Heiden", "str": "Rathausplatz 1"},
{"plz": "46419", "ort": "Isselburg", "name": null, "phone": null, "email": null, "ags": "05554032", "area": 42.8, "population": 10928, "sitz": "Stadt Isselburg", "gemeinde": "Isselburg, Stadt", "str": "Minervastra\u00dfe 12"},
{"plz": "48739", "ort": "Legden", "name": null, "phone": null, "email": null, "ags": "05554036", "area": 56.28, "population": 7409, "sitz": "Gemeinde Legden", "gemeinde": "Legden", "str": "Amtshausstra\u00dfe 1"},
{"plz": "46348", "ort": "Raesfeld", "name": null, "phone": null, "email": null, "ags": "05554040", "area": 57.95, "population": 11574, "sitz": "Gemeinde Raesfeld", "gemeinde": "Raesfeld", "str": "Weseler Stra\u00dfe 19"},
{"plz": "48734", "ort": "Reken", "name": null, "phone": null, "email": null, "ags": "05554044", "area": 78.74, "population": 15092, "sitz": "Gemeinde Reken", "gemeinde": "Reken", "str": "Kirchstra\u00dfe 14"},
{"plz": "46414", "ort": "Rhede", "name": null, "phone": null, "email": null, "ags": "05554048", "area": 78.9, "population": 19336, "sitz": "Stadt Rhede", "gemeinde": "Rhede, Stadt", "str": "Rathausplatz 9"},
{"plz": "48624", "ort": "Sch\u00f6ppingen", "name": null, "phone": null, "email": null, "ags": "05554052", "area": 68.81, "population": 6623, "sitz": "Gemeinde Sch\u00f6ppingen", "gemeinde": "Sch\u00f6ppingen", "str": "Amtsstra\u00dfe 2"},
{"plz": "48703", "ort": "Stadtlohn", "name": null, "phone": null, "email": null, "ags": "05554056", "area": 79.25, "population": 20458, "sitz": "Stadt Stadtlohn", "gemeinde": "Stadtlohn, Stadt", "str": "Markt 3"},
{"plz": "46354", "ort": "S\u00fcdlohn", "name": null, "phone": null, "email": null, "ags": "05554060", "area": 45.29, "population": 9461, "sitz": "Gemeinde S\u00fcdlohn", "gemeinde": "S\u00fcdlohn", "str": "Winterswyker Stra\u00dfe 1"},
{"plz": "46342", "ort": "Velen", "name": null, "phone": null, "email": null, "ags": "05554064", "area": 70.75, "population": 13198, "sitz": "Stadt Velen", "gemeinde": "Velen, Stadt", "str": "Ramsdorfer Stra\u00dfe 19"},
{"plz": "48691", "ort": "Vreden", "name": null, "phone": null, "email": null, "ags": "05554068", "area": 135.83, "population": 22758, "sitz": "Stadt Vreden", "gemeinde": "Vreden, Stadt", "str": "Burgstra\u00dfe 14"},
{"plz": "48727", "ort": "Billerbeck", "name": null, "phone": null, "email": null, "ags": "05558008", "area": 91.36, "population": 11525, "sitz": "Stadt Billerbeck", "gemeinde": "Billerbeck, Stadt", "str": "Markt 1"},
{"plz": "48653", "ort": "Coesfeld", "name": null, "phone": null, "email": null, "ags": "05558012", "area": 141.36, "population": 36382, "sitz": "Stadt Coesfeld", "gemeinde": "Coesfeld, Stadt", "str": "Markt 8"},
{"plz": "48249", "ort": "D\u00fclmen", "name": null, "phone": null, "email": null, "ags": "05558016", "area": 184.83, "population": 46877, "sitz": "Stadt D\u00fclmen", "gemeinde": "D\u00fclmen, Stadt", "str": "Markt 1"},
{"plz": "48329", "ort": "Havixbeck", "name": null, "phone": null, "email": null, "ags": "05558020", "area": 53.17, "population": 11940, "sitz": "Gemeinde Havixbeck", "gemeinde": "Havixbeck", "str": "Willi-Richter-Platz 1"},
{"plz": "48301", "ort": "Nottuln", "name": null, "phone": null, "email": null, "ags": "05558032", "area": 85.67, "population": 19672, "sitz": "Gemeinde Nottuln", "gemeinde": "Nottuln", "str": "Stiftsplatz 7-8"},
{"plz": "48720", "ort": "Rosendahl", "name": null, "phone": null, "email": null, "ags": "05558040", "area": 94.49, "population": 10806, "sitz": "Gemeinde Rosendahl", "gemeinde": "Rosendahl", "str": "Hauptstra\u00dfe 30"},
{"plz": "48308", "ort": "Senden", "name": null, "phone": null, "email": null, "ags": "05558044", "area": 109.45, "population": 20495, "sitz": "Gemeinde Senden", "gemeinde": "Senden", "str": "M\u00fcnsterstra\u00dfe 30"},
{"plz": "44575", "ort": "Castrop-Rauxel", "name": null, "phone": null, "email": null, "ags": "05562004", "area": 51.68, "population": 73078, "sitz": "Stadt Castrop-Rauxel", "gemeinde": "Castrop-Rauxel, Stadt", "str": "Europaplatz 1"},
{"prefix": "B\u00fcrgeramt", "name": "Castrop-Rauxel", "str": "Europaplatz 1\nRathaus", "plz": "44575", "ort": "Castrop-Rauxel", "phone": "02305-106-2333", "email": "buergerbuero@castrop-rauxel.de"},
{"plz": "45711", "ort": "Datteln", "name": null, "phone": null, "email": null, "ags": "05562008", "area": 66.1, "population": 34876, "sitz": "Stadt Datteln", "gemeinde": "Datteln, Stadt", "str": "Genthiner Stra\u00dfe 8"},
{"plz": "46284", "ort": "Dorsten", "name": null, "phone": null, "email": null, "ags": "05562012", "area": 171.29, "population": 74551, "sitz": "Stadt Dorsten", "gemeinde": "Dorsten, Stadt", "str": "Halterner Stra\u00dfe 5"},
{"prefix": "B\u00fcrgeramt", "name": "Dorsten", "str": "Halterner Str. 5\nErdgeschoss des RathausesZimmer 23", "plz": "46284", "ort": "Dorsten", "phone": "02362-66-0", "email": "buergerbuero@dorsten.de"},
{"plz": "45964", "ort": "Gladbeck", "name": null, "phone": null, "email": null, "ags": "05562014", "area": 35.96, "population": 75343, "sitz": "Stadt Gladbeck", "gemeinde": "Gladbeck, Stadt", "str": "Willy-Brandt-Platz 2"},
{"prefix": "B\u00fcrgeramt", "name": "Gladbeck", "str": "Willy-Brandt-Platz 2", "plz": "45964", "ort": "Gladbeck", "phone": "02043-992-999", "email": "buergeramt@stadt-gladbeck.de"},
{"plz": "45721", "ort": "Haltern am See", "name": null, "phone": null, "email": null, "ags": "05562016", "area": 159.12, "population": 37808, "sitz": "Stadt Haltern am See", "gemeinde": "Haltern am See, Stadt", "str": "Dr.-Conrads-Stra\u00dfe 1"},
{"plz": "45699", "ort": "Herten", "name": null, "phone": null, "email": null, "ags": "05562020", "area": 37.33, "population": 61910, "sitz": "Stadt Herten", "gemeinde": "Herten, Stadt", "str": "Kurt-Schumacher-Stra\u00dfe 2"},
{"prefix": "B\u00fcrgeramt", "name": "Herten", "str": "Kurt-Schumacher-Str. 2", "subdivisions": ["Erdgeschoss", "Raum 031"], "plz": "45699", "ort": "Herten", "phone": "02366-303-500", "email": "buergerbuero@herten.de"},
{"plz": "45772", "ort": "Marl", "name": null, "phone": null, "email": null, "ags": "05562024", "area": 87.75, "population": 83697, "sitz": "Stadt Marl", "gemeinde": "Marl, Stadt", "str": "Carl-Duisberg-Stra\u00dfe 165"},
{"plz": "45739", "ort": "Oer-Erkenschwick", "name": null, "phone": null, "email": null, "ags": "05562028", "area": 38.66, "population": 31395, "sitz": "Stadt Oer-Erkenschwick", "gemeinde": "Oer-Erkenschwick, Stadt", "str": "Rathausplatz 1"},
{"plz": "45657", "ort": "Recklinghausen", "name": null, "phone": null, "email": null, "ags": "05562032", "area": 66.5, "population": 110714, "sitz": "Stadt Recklinghausen", "gemeinde": "Recklinghausen, Stadt", "str": "Rathausplatz 3-4"},
{"prefix": "B\u00fcrgeramt", "name": "Recklinghausen", "str": "Rathausplatz 4\nStadthaus A / Raum 0.05", "plz": "45657", "ort": "Recklinghausen", "phone": "02361-50-0", "email": "b\u00fcrgeramt@recklinghausen.de"},
{"plz": "45731", "ort": "Waltrop", "name": null, "phone": null, "email": null, "ags": "05562036", "area": 47.09, "population": 29429, "sitz": "Stadt Waltrop", "gemeinde": "Waltrop, Stadt", "str": "M\u00fcnsterstra\u00dfe 1"},
{"plz": "48341", "ort": "Altenberge", "name": null, "phone": null, "email": null, "ags": "05566004", "area": 62.96, "population": 10371, "sitz": "Gemeinde Altenberge", "gemeinde": "Altenberge", "str": "Kirchstra\u00dfe 25"},
{"plz": "48282", "ort": "Emsdetten", "name": null, "phone": null, "email": null, "ags": "05566008", "area": 72.06, "population": 35927, "sitz": "Stadt Emsdetten", "gemeinde": "Emsdetten, Stadt", "str": "Am Markt 1"},
{"plz": "48268", "ort": "Greven", "name": null, "phone": null, "email": null, "ags": "05566012", "area": 140.26, "population": 37700, "sitz": "Stadt Greven", "gemeinde": "Greven, Stadt", "str": "Rathausstra\u00dfe 6"},
{"plz": "48477", "ort": "H\u00f6rstel", "name": null, "phone": null, "email": null, "ags": "05566016", "area": 107.54, "population": 20506, "sitz": "Stadt H\u00f6rstel", "gemeinde": "H\u00f6rstel, Stadt", "str": "Kalixtusstra\u00dfe 6"},
{"plz": "48496", "ort": "Hopsten", "name": null, "phone": null, "email": null, "ags": "05566020", "area": 99.83, "population": 7704, "sitz": "Gemeinde Hopsten", "gemeinde": "Hopsten", "str": "Bunte Stra\u00dfe 35"},
{"plz": "48612", "ort": "Horstmar", "name": null, "phone": null, "email": null, "ags": "05566024", "area": 44.76, "population": 6849, "sitz": "Stadt Horstmar", "gemeinde": "Horstmar, Stadt der Burgmannsh\u00f6fe", "str": "Kirchplatz 1-3"},
{"plz": "49477", "ort": "Ibbenb\u00fcren", "name": null, "phone": null, "email": null, "ags": "05566028", "area": 108.87, "population": 51888, "sitz": "Stadt Ibbenb\u00fcren", "gemeinde": "Ibbenb\u00fcren, Stadt", "str": "Alte M\u00fcnsterstra\u00dfe 16"},
{"plz": "49549", "ort": "Ladbergen", "name": null, "phone": null, "email": null, "ags": "05566032", "area": 52.35, "population": 6821, "sitz": "Gemeinde Ladbergen", "gemeinde": "Ladbergen", "str": "Jahnstra\u00dfe5"},
{"plz": "48366", "ort": "Laer", "name": null, "phone": null, "email": null, "ags": "05566036", "area": 35.26, "population": 6668, "sitz": "Gemeinde Laer", "gemeinde": "Laer", "str": "M\u00fchlenhoek 1"},
{"plz": "49525", "ort": "Lengerich", "name": null, "phone": null, "email": null, "ags": "05566040", "area": 90.79, "population": 22527, "sitz": "Stadt Lengerich", "gemeinde": "Lengerich, Stadt", "str": "Tecklenburger Stra\u00dfe 2-4"},
{"plz": "49536", "ort": "Lienen", "name": null, "phone": null, "email": null, "ags": "05566044", "area": 73.44, "population": 8715, "sitz": "Gemeinde Lienen", "gemeinde": "Lienen", "str": "Hauptstra\u00dfe 14"},
{"plz": "49504", "ort": "Lotte", "name": null, "phone": null, "email": null, "ags": "05566048", "area": 37.69, "population": 14109, "sitz": "Gemeinde Lotte", "gemeinde": "Lotte", "str": "Westerkappelner Stra\u00dfe 19"},
{"plz": "48629", "ort": "Metelen", "name": null, "phone": null, "email": null, "ags": "05566052", "area": 40.28, "population": 6417, "sitz": "Gemeinde Metelen", "gemeinde": "Metelen", "str": "Sendplatz 18"},
{"plz": "49497", "ort": "Mettingen", "name": null, "phone": null, "email": null, "ags": "05566056", "area": 40.6, "population": 11882, "sitz": "Gemeinde Mettingen", "gemeinde": "Mettingen", "str": "Markt 6-8"},
{"plz": "48485", "ort": "Neuenkirchen", "name": null, "phone": null, "email": null, "ags": "05566060", "area": 48.44, "population": 13865, "sitz": "Gemeinde Neuenkirchen", "gemeinde": "Neuenkirchen", "str": "Hauptstra\u00dfe 16"},
{"plz": "48356", "ort": "Nordwalde", "name": null, "phone": null, "email": null, "ags": "05566064", "area": 51.6, "population": 9711, "sitz": "Gemeinde Nordwalde", "gemeinde": "Nordwalde", "str": "Bispingallee 44"},
{"plz": "48607", "ort": "Ochtrup", "name": null, "phone": null, "email": null, "ags": "05566068", "area": 105.63, "population": 19893, "sitz": "Stadt Ochtrup", "gemeinde": "Ochtrup, Stadt", "str": "Prof.-G\u00e4rtner-Stra\u00dfe 10"},
{"plz": "49509", "ort": "Recke", "name": null, "phone": null, "email": null, "ags": "05566072", "area": 53.69, "population": 11227, "sitz": "Gemeinde Recke", "gemeinde": "Recke", "str": "Hauptstra\u00dfe 28"},
{"plz": "48431", "ort": "Rheine", "name": null, "phone": null, "email": null, "ags": "05566076", "area": 145, "population": 76948, "sitz": "Stadt Rheine", "gemeinde": "Rheine, Stadt", "str": "Klosterstra\u00dfe 14"},
{"prefix": "B\u00fcrgeramt", "name": "Rheine", "str": "Klosterstr. 14", "plz": "48431", "ort": "Rheine", "phone": "05971-939-348", "email": "buergerbuero@rheine.de"},
{"plz": "48369", "ort": "Saerbeck", "name": null, "phone": null, "email": null, "ags": "05566080", "area": 59.03, "population": 7064, "sitz": "Gemeinde Saerbeck", "gemeinde": "Saerbeck, NRW-Klimakommune", "str": "Ferri\u00e9res-Stra\u00dfe 11"},
{"plz": "48565", "ort": "Steinfurt", "name": null, "phone": null, "email": null, "ags": "05566084", "area": 111.67, "population": 34645, "sitz": "Stadt Steinfurt", "gemeinde": "Steinfurt, Stadt", "str": "Emsdettener Stra\u00dfe 40"},
{"plz": "49545", "ort": "Tecklenburg", "name": null, "phone": null, "email": null, "ags": "05566088", "area": 70.49, "population": 9229, "sitz": "Stadt Tecklenburg", "gemeinde": "Tecklenburg, Stadt", "str": "Landrat-Schultz-Stra\u00dfe 1"},
{"plz": "49492", "ort": "Westerkappeln", "name": null, "phone": null, "email": null, "ags": "05566092", "area": 85.83, "population": 11249, "sitz": "Gemeinde Westerkappeln", "gemeinde": "Westerkappeln", "str": "Gro\u00dfe Stra\u00dfe 13"},
{"plz": "48493", "ort": "Wettringen", "name": null, "phone": null, "email": null, "ags": "05566096", "area": 57.69, "population": 8261, "sitz": "Gemeinde Wettringen", "gemeinde": "Wettringen", "str": "Kirchstra\u00dfe 19"},
{"plz": "48361", "ort": "Beelen", "name": null, "phone": null, "email": null, "ags": "05570012", "area": 31.35, "population": 6159, "sitz": "Gemeinde Beelen", "gemeinde": "Beelen", "str": "Warendorfer Stra\u00dfe 9"},
{"plz": "48317", "ort": "Drensteinfurt", "name": null, "phone": null, "email": null, "ags": "05570016", "area": 106.6, "population": 15607, "sitz": "Stadt Drensteinfurt", "gemeinde": "Drensteinfurt, Stadt", "str": "Landsbergplatz 7"},
{"plz": "48351", "ort": "Everswinkel", "name": null, "phone": null, "email": null, "ags": "05570024", "area": 69.06, "population": 9634, "sitz": "Gemeinde Everswinkel", "gemeinde": "Everswinkel", "str": "Am Magnusplatz 30"},
{"plz": "48346", "ort": "Ostbevern", "name": null, "phone": null, "email": null, "ags": "05570032", "area": 89.65, "population": 11229, "sitz": "Gemeinde Ostbevern", "gemeinde": "Ostbevern", "str": "Am Rathaus 1"},
{"plz": "48336", "ort": "Sassenberg", "name": null, "phone": null, "email": null, "ags": "05570036", "area": 78.08, "population": 14258, "sitz": "Stadt Sassenberg", "gemeinde": "Sassenberg, Stadt", "str": "Sch\u00fcrenstra\u00dfe 17"},
{"plz": "48324", "ort": "Sendenhorst", "name": null, "phone": null, "email": null, "ags": "05570040", "area": 96.95, "population": 13279, "sitz": "Stadt Sendenhorst", "gemeinde": "Sendenhorst, Stadt", "str": "Kirchstra\u00dfe 1"},
{"plz": "48291", "ort": "Telgte", "name": null, "phone": null, "email": null, "ags": "05570044", "area": 90.9, "population": 19982, "sitz": "Stadt Telgte", "gemeinde": "Telgte, Stadt", "str": "Ba\u00dffeld 4-6"},
{"plz": "48231", "ort": "Warendorf", "name": null, "phone": null, "email": null, "ags": "05570052", "area": 176.88, "population": 37146, "sitz": "Stadt Warendorf", "gemeinde": "Warendorf, Stadt", "str": "Lange Kesselstra\u00dfe 4-6"},
{"plz": "44787", "ort": "Bochum", "name": null, "phone": null, "email": null, "ags": "05911000", "area": 145.66, "population": 363441, "sitz": "Kreisfreie Stadt Bochum", "gemeinde": "Bochum, Stadt", "str": "Willy-Brandt-Platz 2-6"},
{"prefix": "B\u00fcrgeramt", "name": "Bochum Mitte", "str": "Willy-Brandt-Platz 2-6\nRathaus Bochum", "plz": "44787", "ort": "Bochum", "phone": "0234-9101-950", "email": "buergerbuero-mitte@bochum.de"},
{"plz": "44135", "ort": "Dortmund", "name": null, "phone": null, "email": null, "ags": "05913000", "area": 280.71, "population": 586852, "sitz": "Kreisfreie Stadt Dortmund", "gemeinde": "Dortmund, Stadt", "str": "Friedensplatz 1"},
{"plz": "44623", "ort": "Herne", "name": null, "phone": null, "email": null, "ags": "05916000", "area": 51.42, "population": 156621, "sitz": "Kreisfreie Stadt Herne", "gemeinde": "Herne, Stadt", "str": "Friedrich-Ebert-Platz 2"},
{"prefix": "B\u00fcrgeramt", "name": "Herne Mitte", "str": "Friedrich-Ebert-Platz 5", "plz": "44623", "ort": "Herne", "phone": "02323-161-633", "email": "einwohneramt@herne.de"},
{"plz": "45525", "ort": "Hattingen", "name": null, "phone": null, "email": null, "ags": "05954016", "area": 71.66, "population": 54061, "sitz": "Stadt Hattingen", "gemeinde": "Hattingen, Stadt", "str": "Rathausplatz 1"},
{"plz": "45549", "ort": "Sprockh\u00f6vel", "name": null, "phone": null, "email": null, "ags": "05954028", "area": 47.94, "population": 24659, "sitz": "Stadt Sprockh\u00f6vel", "gemeinde": "Sprockh\u00f6vel, Stadt", "str": "Rathausplatz 4"},
{"plz": "44532", "ort": "L\u00fcnen", "name": null, "phone": null, "email": null, "ags": "05978024", "area": 59.39, "population": 85721, "sitz": "Stadt L\u00fcnen", "gemeinde": "L\u00fcnen, Stadt", "str": "Willy-Brandt-Platz 1"},
{"prefix": "B\u00fcrgeramt", "name": "L\u00fcnen L\u00fcnen", "str": "Willy-Brandt-Platz 1", "subdivisions": ["Raum 33", "EG"], "plz": "44532", "ort": "L\u00fcnen", "phone": "02306-104-1561", "email": "buergerbuero@luenen.de"},
{"prefix": "B\u00fcrgeramt", "name": "D\u00fcsseldorf Dienstleistungszentrum (Hauptstelle)", "str": "Willi-Becker-Allee 7", "plz": "40227", "ort": "D\u00fcsseldorf", "phone": "0211-89-91", "email": "b\u00fcrgeramt@duesseldorf.de"},
{"prefix": "B\u00fcrgeramt", "name": "D\u00fcsseldorf Garath", "str": "Frankfurter Str. 231", "plz": "40595", "ort": "D\u00fcsseldorf", "phone": "0211-89-91", "email": "b\u00fcrgeramt@duesseldorf.de"},
{"prefix": "B\u00fcrgeramt", "name": "D\u00fcsseldorf Gerresheim", "str": "Neusser Tor 8", "plz": "40625", "ort": "D\u00fcsseldorf", "phone": "0211-89-91", "email": "b\u00fcrgeramt@duesseldorf.de"},
{"prefix": "B\u00fcrgeramt", "name": "D\u00fcsseldorf Kaiserswerth", "str": "Friedrich-von-Spee-Str. 30", "plz": "40489", "ort": "D\u00fcsseldorf", "phone": "0211-89-91", "email": "b\u00fcrgeramt@duesseldorf.de"},
{"prefix": "B\u00fcrgeramt", "name": "D\u00fcsseldorf Oberkassel", "str": "Luegallee 65\nEingang Friesenstr.", "plz": "40545", "ort": "D\u00fcsseldorf", "phone": "0211-89-91", "email": "b\u00fcrgeramt@duesseldorf.de"},
{"prefix": "B\u00fcrgeramt", "name": "D\u00fcsseldorf Rath", "str": "M\u00fcnsterstr. 508", "plz": "40472", "ort": "D\u00fcsseldorf", "phone": "0211-89-91", "email": "b\u00fcrgeramt@duesseldorf.de"},
{"prefix": "B\u00fcrgeramt", "name": "D\u00fcsseldorf Wersten", "str": "Burscheider Str. 29", "plz": "40591", "ort": "D\u00fcsseldorf", "phone": "0211-89-91", "email": "b\u00fcrgeramt@duesseldorf.de"},
{"prefix": "B\u00fcrgeramt", "name": "D\u00fcsseldorf Unterbach", "str": "Breidenplatz 8", "plz": "40627", "ort": "D\u00fcsseldorf", "phone": "0211-89-91", "email": "b\u00fcrgeramt@duesseldorf.de"},
{"prefix": "B\u00fcrgeramt", "name": "D\u00fcsseldorf Benrath", "str": "Benrodestr. 46", "plz": "40597", "ort": "D\u00fcsseldorf", "phone": "0211-89-91", "email": "b\u00fcrgeramt@duesseldorf.de"},
{"prefix": "B\u00fcrgeramt", "name": "D\u00fcsseldorf Eller", "str": "Gertrudisplatz 8", "plz": "40229", "ort": "D\u00fcsseldorf", "phone": "0211-89-91", "email": "b\u00fcrgeramt@duesseldorf.de"},
{"prefix": "B\u00fcrgeramt", "name": "D\u00fcsseldorf Bilk", "str": "Bachstr. 145", "plz": "40217", "ort": "D\u00fcsseldorf", "phone": "0211-89-91", "email": "b\u00fcrgeramt@duesseldorf.de"},
{"prefix": "B\u00fcrgeramt", "name": "D\u00fcsseldorf im Str.nverkehrsamt", "str": "H\u00f6herweg 101", "plz": "40233", "ort": "D\u00fcsseldorf", "phone": "0211-89-91", "email": "b\u00fcrgeramt@duesseldorf.de"},
{"prefix": "B\u00fcrgeramt", "name": "Dortmund", "str": "S\u00fcdwall 2-4", "plz": "44122", "ort": "Dortmund", "phone": "0231-50-13331", "email": "buergerdienste@stadtdo.de"},
{"prefix": "B\u00fcrgeramt", "name": "Dortmund Brackel", "str": "Brackeler Hellweg 170", "plz": "44309", "ort": "Dortmund", "phone": "0231-50-13331", "email": "bvst-brackel@dortmund.de"},
{"prefix": "B\u00fcrgeramt", "name": "Dortmund Eving", "str": "August-Wagner-Platz 2-4", "plz": "44339", "ort": "Dortmund", "phone": "0231-50-13331", "email": "bvst-eving@dortmund.de"},
{"prefix": "B\u00fcrgeramt", "name": "Dortmund H\u00f6rde", "str": "H\u00f6rder Bahnhofstr. 16", "plz": "44263", "ort": "Dortmund", "phone": "0231-50-13331", "email": "bvst-hoerde@dortmund.de"},
{"prefix": "B\u00fcrgeramt", "name": "Dortmund Huckarde", "str": "Rahmer Str. 15", "plz": "44369", "ort": "Dortmund", "phone": "0231-50-13331", "email": "bvst-huckarde@dortmund.de"},
{"prefix": "B\u00fcrgeramt", "name": "Dortmund L\u00fctgendortmund", "str": "Limbecker Str. 31", "plz": "44388", "ort": "Dortmund", "phone": "0231-50-13331", "email": "bvst-luetgendortmund@stadtdo.de"},
{"prefix": "B\u00fcrgeramt", "name": "Dortmund Mengede", "str": "Am Amtshaus 1", "plz": "44359", "ort": "Dortmund", "phone": "0231-50-13331", "email": "bvst-mengede@stadtdo.de"},
{"prefix": "B\u00fcrgeramt", "name": "Dortmund Scharnhorst", "str": "Gleiwitzstr. 277", "plz": "44328", "ort": "Dortmund", "phone": "0231-50-13331", "email": "bvst-scharnhorst@stadtdo.de"},
{"prefix": "B\u00fcrgeramt", "name": "Dortmund Aplerbeck", "str": "Aplerbecker Marktplatz 21", "plz": "44287", "ort": "Dortmund", "phone": "0231-50-11150", "email": "bvst-aplerbeck@stadtdo.de"},
{"prefix": "B\u00fcrgeramt", "name": "Dortmund Hombruch", "str": "Harkortstr. 58\nDom\u00e4nenstr. 1 barrierefreier Zugang", "plz": "44225", "ort": "Dortmund", "phone": "0231-50-11150", "email": "bvst-hombruch@stadtdo.de"},
{"prefix": "B\u00fcrgeramt", "name": "Essen Kettwig", "str": "B\u00fcrgermeister-Fiedler-Platz 1\nRathaus", "plz": "45219", "ort": "Essen", "phone": "0201-8833-222", "email": "buergeramt@einwohneramt.essen.de"},
{"prefix": "B\u00fcrgeramt", "name": "Essen Gildehof, Innenstadt", "str": "Hollestr. 3\nErdgeschoss", "plz": "45127", "ort": "Essen", "phone": "0201-8833-222", "email": "buergeramt@einwohneramt.essen.de"},
{"prefix": "B\u00fcrgeramt", "name": "Essen Borbeck", "str": "Rudolf-Heinrich-Str. 1", "plz": "45355", "ort": "Essen", "phone": "0201-8833-222", "email": "buergeramt@einwohneramt.essen.de"},
{"prefix": "B\u00fcrgeramt", "name": "Essen Frohnhausen", "str": "Freytagstr. 29", "plz": "45144", "ort": "Essen", "phone": "0201-8833-222", "email": "buergeramt@einwohneramt.essen.de"},
{"prefix": "B\u00fcrgeramt", "name": "Essen Kupferdreh", "str": "Kupferdreher Str. 86", "plz": "45257", "ort": "Essen", "phone": "0201-8833-222", "email": "buergeramt@einwohneramt.essen.de"},
{"prefix": "B\u00fcrgeramt", "name": "Essen R\u00fcttenscheid", "str": "Alfredstr. 148", "plz": "45131", "ort": "Essen", "phone": "0201-88-33-222", "email": "buergeramt@einwohneramt.essen.de"},
{"prefix": "B\u00fcrgeramt", "name": "Essen Steele", "str": "Kaiser-Otto-Platz 1-5\n3. OG", "plz": "45276", "ort": "Essen", "phone": "0201-8833-222", "email": "buergeramt@einwohneramt.essen.de"},
{"prefix": "B\u00fcrgeramt", "name": "Essen Stoppenberg", "str": "Schwanhildenstr. 25", "plz": "45141", "ort": "Essen", "phone": "0201-8833-222", "email": "buergeramt@einwohneramt.essen.de"},
{"prefix": "B\u00fcrgeramt", "name": "Essen Altenessen", "str": "Altenessener Str. 196", "plz": "45326", "ort": "Essen", "phone": "0201-8833-222", "email": "buergeramt@einwohneramt.essen.de"},
{"prefix": "B\u00fcrgeramt", "name": "Duisburg Bezirksamt Walsum", "str": "Friedrich-Ebert-Str. 152", "plz": "47179", "ort": "Duisburg", "phone": "0203-94-000", "email": "bza.walsum@stadt-duisburg.de"},
{"prefix": "B\u00fcrgeramt", "name": "Duisburg Bezirksamt Hamborn", "str": "Duisburger Str. 213", "plz": "47166", "ort": "Duisburg", "phone": "0203-94-000", "email": "bza.hamborn@stadt-duisburg.de"},
{"prefix": "B\u00fcrgeramt", "name": "Duisburg Bezirksamt Meiderich/Beeck", "str": "Von-der-Mark-Str. 36", "plz": "47137", "ort": "Duisburg", "phone": "0203-94-000", "email": "bza.meiderich@stadt-duisburg.de"},
{"prefix": "B\u00fcrgeramt", "name": "Duisburg Bezirksamt Homberg/Ruhrort/Baerl", "str": "Bismarckplatz 1", "plz": "47198", "ort": "Duisburg", "phone": "0203-94-000", "email": "bza.homberg@stadt-duisburg.de"},
{"prefix": "B\u00fcrgeramt", "name": "Duisburg Bezirksamt Rheinhausen", "str": "K\u00f6rnerplatz 1", "plz": "47226", "ort": "Duisburg", "phone": "02065-905-0", "email": "bza.rheinhausen@stadt-duisburg.de"},
{"prefix": "B\u00fcrgeramt", "name": "Duisburg Bezirksamt S\u00fcd", "str": "Sittardsberger Allee 14", "plz": "47249", "ort": "Duisburg", "phone": "0203-94-000", "email": "bza.sued@stadt-duisburg.de"},
{"prefix": "B\u00fcrgeramt", "name": "Bochum Wattenscheid", "str": "Friedrich-Ebert-Str. 7\nRathaus Wattenscheid", "plz": "44866", "ort": "Bochum", "phone": "0234-9106-200", "email": "buergerbuero-wattenscheid@bochum.de"},
{"prefix": "B\u00fcrgeramt", "name": "Bochum Gerthe", "str": "Heinrichstr. 42\nim Amtshaus Gerthe", "plz": "44805", "ort": "Bochum", "phone": "0234-910-1950", "email": "buergerbuero-gerthe@bochum.de"},
{"prefix": "B\u00fcrgeramt", "name": "Bochum Langendreer", "str": "Carl-von-Ossietzky-Platz 1\nAltes Amtsgericht Langendreer", "plz": "44892", "ort": "Bochum", "phone": "0234-9109-499", "email": "buergerbuero-langendreer@bochum.de"},
{"prefix": "B\u00fcrgeramt", "name": "Bochum Weitmar", "str": "Hattinger Str. 389\nneben dem Amtshaus", "plz": "44795", "ort": "Bochum", "phone": "0234-910-8988", "email": "buergerbuero-weitmar@bochum.de"},
{"prefix": "B\u00fcrgeramt", "name": "Bochum Querenburg", "str": "Querenburger H\u00f6he 256\nUni-Center", "plz": "44801", "ort": "Bochum", "phone": "0234-910-1950-(Terminvereinbarung)", "email": "buergerbuero-querenburg@bochum.de"},
{"prefix": "B\u00fcrgeramt", "name": "Bochum", "str": "Bulksm\u00fchle 17", "plz": "44809", "ort": "Bochum", "phone": "0234-910-8282", "email": "strassenverkehrsamt@bochum.de"},
{"prefix": "B\u00fcrgeramt", "name": "Wuppertal Cronenberg", "str": "Rathausplatz 4", "plz": "42349", "ort": "Wuppertal", "phone": "0202-563-7425", "email": "buergerbuero-cronenberg@stadt.wuppertal.de"},
{"prefix": "B\u00fcrgeramt", "name": "Wuppertal Langerfeld", "str": "Schwelmer Str. 15", "plz": "42389", "ort": "Wuppertal", "phone": "0202-563-6265", "email": "buergerbuero-langerfeld@stadt.wuppertal.de"},
{"prefix": "B\u00fcrgeramt", "name": "Wuppertal Ronsdorf", "str": "Marktstr. 21", "plz": "42369", "ort": "Wuppertal", "phone": "0202-563-7220", "email": "buergerbuero-ronsdorf@stadt.wuppertal.de"},
{"prefix": "B\u00fcrgeramt", "name": "Wuppertal Vohwinkel", "str": "Rubensstr. 4", "plz": "42329", "ort": "Wuppertal", "phone": "0202-563-7345", "email": "buergerbuero-vohwinkel@stadt.wuppertal.de"},
{"prefix": "B\u00fcrgeramt", "name": "Wuppertal Au\u00dfenstelle Beyenburg", "str": "Am Kriegermal 22", "plz": "42399", "ort": "Wuppertal", "phone": "0202-563-4974", "email": "buergerbuero-langerfeld@stadt.wuppertal.de"},
{"prefix": "B\u00fcrgeramt", "name": "M\u00fcnster Bezirksverwaltung Hiltrup", "str": "Patronatsstr. 20", "plz": "48165", "ort": "M\u00fcnster", "phone": "0251-492-1631", "email": "bezirksverwaltung-hiltrup@stadt-muenster.de"},
{"prefix": "B\u00fcrgeramt", "name": "M\u00fcnster Bezirksverwaltung Nord", "str": "Idenbrockplatz 8\nim B\u00fcrgerhaus Kinderhaus", "plz": "48159", "ort": "M\u00fcnster", "phone": "0251-492-1651", "email": "bezirksverwaltung-nord@stadt-muenster.de"},
{"prefix": "B\u00fcrgeramt", "name": "M\u00fcnster Bezirksverwaltung Ost", "str": "Vennemannstr. 5", "plz": "48157", "ort": "M\u00fcnster", "phone": "0251-21097-0", "email": "bezirksverwaltung-ost@stadt-muenster.de"},
{"prefix": "B\u00fcrgeramt", "name": "M\u00fcnster Coerde", "str": "Hamannplatz 39", "plz": "48157", "ort": "M\u00fcnster", "phone": "0251-492-1659", "email": "buergerbuero-coerde@stadt-muenster.de"},
{"prefix": "B\u00fcrgeramt", "name": "M\u00fcnster Bezirksverwaltung S\u00fcdost", "str": "M\u00fcnsterstr. 7", "plz": "48167", "ort": "M\u00fcnster", "phone": "02506-9319-0", "email": "bezirksverwaltung-suedost@stadt-muenster.de"},
{"prefix": "B\u00fcrgeramt", "name": "M\u00fcnster Gremmendorf", "str": "Albersloher Weg 550\n(1. OG)", "plz": "48167", "ort": "M\u00fcnster", "phone": "0251-492-1668", "email": "buergerbuero-gremmendorf@stadt-muenster.de"},
{"prefix": "B\u00fcrgeramt", "name": "M\u00fcnster Bezirksverwaltung West", "str": "Pantaleonplatz 7", "plz": "48161", "ort": "M\u00fcnster", "phone": "02534-58854-0", "email": "bezirksverwaltung-west@stadt-muenster.de"},
{"prefix": "B\u00fcrgeramt", "name": "M\u00fcnster Gievenbeck", "str": "R\u00fcschhausweg 17", "plz": "48161", "ort": "M\u00fcnster", "phone": "0251-492-1647", "email": "buergerbuero-gievenbeck@stadt-muenster.de"},
{"prefix": "B\u00fcrgeramt", "name": "M\u00f6nchengladbach Meldestelle Rheydt", "str": "Markt 11e", "subdivisions": ["Rathaus Rheydt Eingang F", "Zimmer 146"], "plz": "41236", "ort": "M\u00f6nchengladbach", "phone": "02161-25-8130-bis-8139", "email": "buergerservice_meldewesen@moenchengladbach.de"},
{"prefix": "B\u00fcrgeramt", "name": "M\u00f6nchengladbach Au\u00dfenstelle Odenkirchen", "str": "Wingertsplatz 1\nZimmer 3", "plz": "41199", "ort": "M\u00f6nchengladbach", "phone": "02161-25-7710", "email": "buergerservice_meldewesen@moenchengladbach.de"},
{"prefix": "B\u00fcrgeramt", "name": "M\u00f6nchengladbach Au\u00dfenstelle Hardt", "str": "Vorster Str. 443\nZimmer 1", "plz": "41169", "ort": "M\u00f6nchengladbach", "phone": "02161-25-7210", "email": "buergerservice_meldewesen@moenchengladbach.de"},
{"prefix": "B\u00fcrgeramt", "name": "M\u00f6nchengladbach Au\u00dfenstelle Giesenkirchen", "str": "Konstantinplatz 19\nZimmer 3", "plz": "41238", "ort": "M\u00f6nchengladbach", "phone": "02161-25-7810", "email": "buergerservice_meldewesen@moenchengladbach.de"},
{"prefix": "B\u00fcrgeramt", "name": "M\u00f6nchengladbach Au\u00dfenstelle Neuwerk", "str": "Liebfrauenstr. 52\nZimmer 4", "plz": "41066", "ort": "M\u00f6nchengladbach", "phone": "02161-25-7510", "email": "buergerservice_meldewesen@moenchengladbach.de"},
{"prefix": "B\u00fcrgeramt", "name": "M\u00f6nchengladbach Au\u00dfenstelle Rheindahlen", "str": "Plektrudisstr. 25 - 27\nZimmer 2", "plz": "41179", "ort": "M\u00f6nchengladbach", "phone": "02161-25-7110", "email": "buergerservice_meldewesen@moenchengladbach.de"},
{"prefix": "B\u00fcrgeramt", "name": "M\u00f6nchengladbach Au\u00dfenstelle Wickrath", "str": "Klosterstr. 8\nZimmer 8", "plz": "41189", "ort": "M\u00f6nchengladbach", "phone": "02161-25-7910", "email": "buergerservice_meldewesen@moenchengladbach.de"},
{"prefix": "B\u00fcrgeramt", "name": "Gelsenkirchen Rathaus Buer", "str": "Goldbergstr. 12", "plz": "45894", "ort": "Gelsenkirchen", "phone": "0209-1692-100", "email": "buergercenter@gelsenkirchen.de"},
{"prefix": "B\u00fcrgeramt", "name": "Gelsenkirchen Cranger Str.", "str": "Crangerstr. 262", "plz": "45891", "ort": "Gelsenkirchen", "phone": "0209-1692-100", "email": "buergercenter@gelsenkirchen.de"},
{"prefix": "B\u00fcrgeramt", "name": "Gelsenkirchen Vorburg Schloss Horst", "str": "Turfstr. 21", "plz": "45899", "ort": "Gelsenkirchen", "phone": "0209-1692-100", "email": "buergercenter@gelsenkirchen.de"},
{"prefix": "B\u00fcrgeramt", "name": "Krefeld Fischeln", "str": "K\u00f6lner Str. 517", "plz": "47807", "ort": "Krefeld", "phone": "02151-30-900", "email": "fb31@krefeld.de"},
{"prefix": "B\u00fcrgeramt", "name": "Krefeld S\u00fcd", "str": "Virchowstr. 130\nFabrik Heeder", "plz": "47805", "ort": "Krefeld", "phone": "02151-861-650", "email": "fb31@krefeld.de"},
{"prefix": "B\u00fcrgeramt", "name": "Krefeld Oppum", "str": "Hochfelder Str. 122", "plz": "47809", "ort": "Krefeld", "phone": "02151-547-051", "email": "fb31@krefeld.de"},
{"prefix": "B\u00fcrgeramt", "name": "Krefeld Linn", "str": "Rheinbabenstr. 110", "plz": "47809", "ort": "Krefeld", "phone": "02151-572-031", "email": "fb31@krefeld.de"},
{"prefix": "B\u00fcrgeramt", "name": "Krefeld Bockum", "str": "Uerdinger Str. 585\nRathaus gegen\u00fcber des Bockumer Platzes", "plz": "47800", "ort": "Krefeld", "phone": "02151-587-90", "email": "fb31@krefeld.de"},
{"prefix": "B\u00fcrgeramt", "name": "Krefeld Uerdingen", "str": "Am Marktplatz 1", "plz": "47829", "ort": "Krefeld", "phone": "02151-861-621", "email": "fb31@krefeld.de"},
{"prefix": "B\u00fcrgeramt", "name": "Krefeld Nord", "str": "Moritzplatz 8", "plz": "47803", "ort": "Krefeld", "phone": "02151-756-260", "email": "fb31@krefeld.de"},
{"prefix": "B\u00fcrgeramt", "name": "Krefeld H\u00fcls", "str": "H\u00fclser Markt 11", "plz": "47839", "ort": "Krefeld", "phone": "02151-748-90", "email": "fb31@krefeld.de"},
{"prefix": "B\u00fcrgeramt", "name": "Krefeld Traar", "str": "Kemmerhofstr. 321\nRathausmarkt", "plz": "47802", "ort": "Krefeld", "phone": "02151-564-855", "email": "fb31@krefeld.de"},
{"prefix": "B\u00fcrgeramt", "name": "Oberhausen Sterkrade", "str": "Bahnhofstr. 66\nTechnisches Rathaus (Geb\u00e4udeteil B)", "plz": "46145", "ort": "Oberhausen", "phone": "0208-825-3170", "email": "bzv-sterkrade@oberhausen.de"},
{"prefix": "B\u00fcrgeramt", "name": "Oberhausen Osterfeld", "str": "Bottroper Str. 183\nRathaus Osterfeld", "plz": "46117", "ort": "Oberhausen", "phone": "0208-825-8141", "email": "bzv-osterfeld@oberhausen.de"},
{"prefix": "B\u00fcrgeramt", "name": "M\u00fclheim", "str": "L\u00f6hstr. 22-26", "plz": "45466", "ort": "M\u00fclheim", "phone": "0208-455-0"},
{"prefix": "B\u00fcrgeramt", "name": "Osnabr\u00fcck", "str": "Natruper-Tor-Wall 2\nStadthaus 1", "plz": "49076", "ort": "Osnabr\u00fcck", "phone": "0541-323-0", "email": "buergeramt@osnabrueck.de"},
{"prefix": "B\u00fcrgeramt", "name": "Solingen Ohligs", "str": "Kieler Str. 15", "plz": "42697", "ort": "Solingen", "phone": "0212-290-0", "email": "buergerbuero@solingen.de"},
{"prefix": "B\u00fcrgeramt", "name": "Solingen H\u00f6hscheid", "str": "Gasstr. 22\nVerwaltungsgeb\u00e4ude", "plz": "42657", "ort": "Solingen", "phone": "0212-290-0", "email": "buergerbuero@solingen.de"},
{"prefix": "B\u00fcrgeramt", "name": "Solingen H\u00f6hscheid mit Kfz-Zulassung", "str": "Gasstr. 22", "plz": "42657", "ort": "Solingen", "phone": "0212-290-0", "email": "buergerbuero@solingen.de"},
{"prefix": "B\u00fcrgeramt", "name": "Herne Wanne", "str": "Rathausstr. 6\nRathaus", "plz": "44649", "ort": "Herne", "phone": "02323-163-076", "email": "einwohneramt@herne.de"},
{"prefix": "B\u00fcrgeramt", "name": "Marl", "str": "Creiler Platz 1", "plz": "45768", "ort": "Marl", "phone": "02365-99-0", "email": "buergerbuero@marl.de"},
{"prefix": "B\u00fcrgeramt", "name": "Velbert Langenberg", "str": "Donnerstr. 13", "plz": "42555", "ort": "Velbert", "phone": "02052-912-213", "email": "servicebuero-langenberg@velbert.de"},
{"prefix": "B\u00fcrgeramt", "name": "Velbert Neviges", "str": "Elberfelder Str. 64", "plz": "42553", "ort": "Velbert", "phone": "02051-26-0", "email": "servicebuero-velbert-mitte@velbert.de"},
{"prefix": "B\u00fcrgeramt", "name": "Rheine Au\u00dfenstelle Mesum", "str": "Nielandstr. 7", "plz": "48432", "ort": "Rheine", "phone": "05975-93-141", "email": "ausmesum@rheine.de"},
{"prefix": "B\u00fcrgeramt", "name": "Dinslaken Hiesfeld", "str": "Jahnplatz 1\nKiosk - Eingang Marschallstra\u00dfe", "plz": "46539", "ort": "Dinslaken", "phone": "02064-66-666", "email": "buergerbuero.hiesfeld@dinslaken.de"},
{"prefix": "B\u00fcrgeramt", "name": "Herten-Westerholt Bezirksverwaltungsstelle Westerholt", "str": "Kuhstr. 49", "subdivisions": ["Freizeit- und Begegnungsst\u00e4tte", "Erdgeschoss"], "plz": "45701", "ort": "Herten-Westerholt", "phone": "02366-303-165", "email": "buergerbuero@herten.de"},
{"prefix": "B\u00fcrgeramt", "name": "Meerbusch B\u00fcderich", "str": "Dr. Franz-Sch\u00fctz-Platz 1", "plz": "40667", "ort": "Meerbusch", "phone": "02150-916-166", "email": "buergerbuero@meerbusch.de"},
{"prefix": "B\u00fcrgeramt", "name": "Meerbusch Lank-Latum", "str": "Wittenberger Str. 21\nim B\u00fcrgerhaus", "plz": "40668", "ort": "Meerbusch", "phone": "02150-916-166", "email": "buergerbuero@meerbusch.de"}]