{"67059": ["Ludwigshafen", "Ludwigshafen (Rheinland-Pfalz)", "Ludwigshafen am Rhein", "Ludwigshafen-N\u00f6rdliche Innenstadt", "Ludwigshafen-S\u00fcdliche Innenstadt", "Mundenheim"], 
"67061": ["Ludwigshafen am Rhein", "Ludwigshafen-S\u00fcdliche Innenstadt"], 
"67063": ["Friesenheim", "Ludwigshafen am Rhein", "Ludwigshafen-N\u00f6rdliche Innenstadt"], 
"67065": ["Ludwigshafen am Rhein", "Ludwigshafen-Gartenstadt", "Ludwigshafen-N\u00f6rdliche Innenstadt", "Ludwigshafen-S\u00fcdliche Innenstadt", "Maudach", "Mundenheim", "Rheing\u00f6nheim"], 
"67067": ["Ludwigshafen am Rhein", "Ludwigshafen-Gartenstadt", "Maudach", "Rheing\u00f6nheim"], 
"67069": ["Ludwigshafen am Rhein", "Ludwigshafen-Oppau"], 
"67071": ["Ludwigshafen am Rhein", "Oggersheim", "Ruchheim"], 
"67098": ["Annaberg", "Bad D\u00fcrkheim", "Bad D\u00fcrkheim (Rheinland-Pfalz)", "Freinsheim", "Freinsheim (Rheinland-Pfalz)", "Grethen", "Hardenburg", "Hausen", "Lindemannsruhe", "Mundhardterhof", "Seebach", "Trift"], 
"67105": ["Schifferstadt", "Schifferstadt (Rheinland-Pfalz)"], 
"67112": ["Mutterstadt", "Mutterstadt (Rheinland-Pfalz)"], 
"67117": ["Limburgerhof", "Limburgerhof (Rheinland-Pfalz)"], 
"67122": ["Altrip", "Altrip (Rheinland-Pfalz)"], 
"67125": ["Dannstadt", "Dannstadt-Schauernheim", "Dannstadt-Schauernheim (Rheinland-Pfalz)", "Schauernheim"], 
"67126": ["Assenheim", "Hochdorf", "Hochdorf-Assenheim", "Hochdorf-Assenheim (Rheinland-Pfalz)"], 
"67127": ["Gronau (R\u00f6dersheim-Gronau)", "R\u00f6dersheim", "R\u00f6dersheim-Gronau", "R\u00f6dersheim-Gronau (Rheinland-Pfalz)"], 
"67133": ["Maxdorf", "Maxdorf (Rheinland-Pfalz)"], 
"67134": ["Birkenheide", "Birkenheide (Rheinland-Pfalz)"], 
"67136": ["Fu\u00dfg\u00f6nheim", "Fu\u00dfg\u00f6nheim (Rheinland-Pfalz)"], 
"67141": ["Neuhofen", "Neuhofen (Rheinland-Pfalz)"], 
"67146": ["Deidesheim", "Deidesheim (Rheinland-Pfalz)"], 
"67147": ["Forst", "Forst (Rheinland-Pfalz)", "Forst an der Weinstra\u00dfe"], 
"67149": ["Meckenheim", "Meckenheim (Rheinland-Pfalz)"], 
"67150": ["Niederkirchen", "Niederkirchen (Rheinland-Pfalz)", "Niederkirchen bei Deidesheim"], 
"67152": ["Ruppertsberg", "Ruppertsberg (Rheinland-Pfalz)"], 
"67157": ["Silbertal", "Wachenheim", "Wachenheim (Rheinland-Pfalz)", "Wachenheim an der Weinstra\u00dfe"], 
"67158": ["Ellerstadt", "Ellerstadt (Rheinland-Pfalz)"], 
"67159": ["Friedelsheim", "Friedelsheim (Rheinland-Pfalz)"], 
"67161": ["G\u00f6nnheim", "G\u00f6nnheim (Rheinland-Pfalz)"], 
"67165": ["Waldsee", "Waldsee (Rheinland-Pfalz)"], 
"67166": ["Otterstadt", "Otterstadt (Rheinland-Pfalz)"], 
"67167": ["Erpolzheim", "Erpolzheim (Rheinland-Pfalz)"], 
"67169": ["Kallstadt", "Kallstadt (Rheinland-Pfalz)"], 
"67227": ["Frankenthal", "Frankenthal (Pfalz)", "Frankenthal (Rheinland-Pfalz)"], 
"67229": ["Gerolsheim", "Gerolsheim (Rheinland-Pfalz)", "Gro\u00dfkarlbach", "Gro\u00dfkarlbach (Rheinland-Pfalz)", "Laumersheim", "Laumersheim (Rheinland-Pfalz)"], 
"67240": ["Bobenheim-Roxheim", "Bobenheim-Roxheim (Rheinland-Pfalz)", "Roxheim"], 
"67245": ["Lambsheim", "Lambsheim (Rheinland-Pfalz)"], 
"67246": ["Dirmstein", "Dirmstein (Rheinland-Pfalz)"], 
"67251": ["Freinsheim", "Freinsheim (Rheinland-Pfalz)"], 
"67256": ["Weisenheim", "Weisenheim (Rheinland-Pfalz)", "Weisenheim am Sand"], 
"67258": ["He\u00dfheim", "He\u00dfheim (Rheinland-Pfalz)"], 
"67259": ["Beindersheim", "Beindersheim (Rheinland-Pfalz)", "Gro\u00dfniedesheim", "Gro\u00dfniedesheim (Rheinland-Pfalz)", "Heuchelheim", "Heuchelheim (Rheinland-Pfalz)", "Heuchelheim bei Frankenthal", "Kleinniedesheim", "Kleinniedesheim (Rheinland-Pfalz)"], 
"67269": ["Gr\u00fcnstadt", "Gr\u00fcnstadt (Rheinland-Pfalz)"], 
"67271": ["Battenberg", "Battenberg (Pfalz)", "Battenberg (Rheinland-Pfalz)", "Kindenheim", "Kindenheim (Rheinland-Pfalz)", "Kleinkarlbach", "Kleinkarlbach (Rheinland-Pfalz)", "Mertesheim", "Mertesheim (Rheinland-Pfalz)", "Nackterhof", "Neuleiningen", "Neuleiningen (Rheinland-Pfalz)", "Neuleiningen-Tal", "Obers\u00fclzen", "Obers\u00fclzen (Rheinland-Pfalz)"], 
"67273": ["Bobenheim", "Bobenheim (Rheinland-Pfalz)", "Bobenheim am Berg", "Dackenheim", "Dackenheim (Rheinland-Pfalz)", "Herxheim", "Herxheim (Rheinland-Pfalz)", "Herxheim am Berg", "Weisenheim", "Weisenheim (Rheinland-Pfalz)", "Weisenheim am Berg"], 
"67278": ["Bockenheim", "Bockenheim (Rheinland-Pfalz)", "Bockenheim an der Weinstra\u00dfe", "Gro\u00dfbockenheim"], 
"67280": ["Ebertsheim", "Ebertsheim (Rheinland-Pfalz)", "Quirnheim", "Quirnheim (Rheinland-Pfalz)"], 
"67281": ["Bissersheim", "Bissersheim (Rheinland-Pfalz)", "Bruchm\u00fchle", "Kirchheim", "Kirchheim (Rheinland-Pfalz)", "Kirchheim an der Weinstra\u00dfe"], 
"67283": ["Colgenstein-Heidesheim", "Neuoffstein", "Obrigheim", "Obrigheim (Pfalz)", "Obrigheim (Rheinland-Pfalz)"], 
"67292": ["Bolanderhof", "Haide", "Heubergerhof", "Kirchheimbolanden", "Kirchheimbolanden (Rheinland-Pfalz)", "Neuhof", "Oberthierwasen", "Unterthierwasen"], 
"67294": ["Bischheim", "Bischheim (Rheinland-Pfalz)", "Gauersheim", "Gauersheim (Rheinland-Pfalz)", "Hessenh\u00fctte", "Ilbesheim", "Ilbesheim (Rheinland-Pfalz)", "Josefsm\u00fchle", "Mauchenheim", "Mauchenheim (Rheinland-Pfalz)", "Morschheim", "Morschheim (Rheinland-Pfalz)", "Oberwiesen", "Oberwiesen (Rheinland-Pfalz)", "Orbis", "Orbis (Rheinland-Pfalz)", "Pfalzfeld", "Rittersheim", "Rittersheim (Rheinland-Pfalz)", "Stetten", "Stetten (Rheinland-Pfalz)", "Steuerwaldsm\u00fchle"], 
"67295": ["Bolanden", "Bolanden (Rheinland-Pfalz)", "Weierhof"], 
"67297": ["Elbisheimerhof", "Froschauerhof", "Heyerhof", "Marnheim", "Marnheim (Rheinland-Pfalz)"], 
"67304": ["Eisenberg", "Eisenberg (Pfalz)", "Eisenberg (Rheinland-Pfalz)", "G\u00f6llheimer H\u00e4uschen", "Kerzenheim", "Kerzenheim (Rheinland-Pfalz)", "Stauf", "Steinborn"], 
"67305": ["Ochsenbusch", "Ramsen", "Ramsen (Rheinland-Pfalz)"], 
"67307": ["G\u00f6llheim", "G\u00f6llheim (Rheinland-Pfalz)"], 
"67308": ["Albisheim", "Albisheim (Pfrimm)", "Albisheim (Rheinland-Pfalz)", "Biedesheim", "Biedesheim (Rheinland-Pfalz)", "Bubenheim", "Bubenheim (Rheinland-Pfalz)", "Einselthum", "Einselthum (Rheinland-Pfalz)", "Harxheim", "Immesheim", "Immesheim (Rheinland-Pfalz)", "Kleinm\u00fchle", "Lautersheim", "Lautersheim (Rheinland-Pfalz)", "Niefernheim", "Ottersheim", "Ottersheim (Rheinland-Pfalz)", "R\u00fcssingen", "R\u00fcssingen (Rheinland-Pfalz)", "Wiesenm\u00fchle", "Zell", "Zellertal", "Zellertal (Rheinland-Pfalz)"], 
"67310": ["Hettenleidelheim", "Hettenleidelheim (Rheinland-Pfalz)"], 
"67311": ["Tiefenthal", "Tiefenthal (Rheinland-Pfalz)"], 
"67316": ["Altleiningen", "Altleiningen (Rheinland-Pfalz)", "Carlsberg", "Carlsberg (Rheinland-Pfalz)", "Hertlingshausen", "Junghof", "Neuhof", "Neuwoog"], 
"67317": ["Altleiningen", "H\u00f6ningen", "Maihof-Drahtzug"], 
"67319": ["Lauberhof", "Wattenheim", "Wattenheim (Rheinland-Pfalz)"], 
"67346": ["Angelhof I u. II", "Speyer", "Speyer (Rheinland-Pfalz)"], 
"67354": ["Berghausen", "Heiligenstein", "Mechtersheim", "R\u00f6merberg", "R\u00f6merberg (Rheinland-Pfalz)"], 
"67360": ["Lingenfeld", "Lingenfeld (Rheinland-Pfalz)"], 
"67361": ["Freisbach", "Freisbach (Rheinland-Pfalz)"], 
"67363": ["Lustadt", "Lustadt (Rheinland-Pfalz)"], 
"67365": ["Schwegenheim", "Schwegenheim (Rheinland-Pfalz)"], 
"67366": ["Weingarten", "Weingarten (Pfalz)", "Weingarten (Rheinland-Pfalz)"], 
"67368": ["Westheim", "Westheim (Pfalz)", "Westheim (Rheinland-Pfalz)"], 
"67373": ["Dudenhofen", "Dudenhofen (Rheinland-Pfalz)"], 
"67374": ["Hanhofen", "Hanhofen (Rheinland-Pfalz)"], 
"67376": ["Harthausen", "Harthausen (Rheinland-Pfalz)"], 
"67377": ["Gommersheim", "Gommersheim (Rheinland-Pfalz)"], 
"67378": ["Zeiskam", "Zeiskam (Rheinland-Pfalz)"], 
"67433": ["Neustadt", "Neustadt (Rheinland-Pfalz)", "Neustadt an der Weinstra\u00dfe"], 
"67434": ["Hambach an der Weinstra\u00dfe", "Neustadt an der Weinstra\u00dfe"], 
"67435": ["Benjental", "Deidesheim", "Deidesheim (Rheinland-Pfalz)", "Looganlage", "Mu\u00dfbach an der Weinstra\u00dfe", "Neustadt an der Weinstra\u00dfe"], 
"67454": ["Ha\u00dfloch", "Ha\u00dfloch (Rheinland-Pfalz)"], 
"67459": ["B\u00f6hl", "B\u00f6hl-Iggelheim", "B\u00f6hl-Iggelheim (Rheinland-Pfalz)", "Iggelheim"], 
"67466": ["Breitenstein", "Erfenstein", "Esthal", "Esthal (Rheinland-Pfalz)", "Grevenhausen", "Lambrecht", "Lambrecht (Pfalz)", "Lambrecht (Rheinland-Pfalz)", "Luhrbach"], 
"67468": ["Erlenbacher Forsthaus", "Frankeneck", "Frankeneck (Rheinland-Pfalz)", "Frankenstein", "Frankenstein (Rheinland-Pfalz)", "Lambertskreuz", "Neidenfels", "Neidenfels (Rheinland-Pfalz)", "Sattelm\u00fchle"], 
"67471": ["Appenthal", "Elmstein", "Elmstein (Rheinland-Pfalz)", "Erlenbach", "Harzofen", "Helmbach", "Iggelbach", "M\u00fcckenwiese", "R\u00f6derthal", "Speyerbrunn", "Stilles Tal"], 
"67472": ["Esthal"], 
"67473": ["Lindenberg", "Lindenberg (Rheinland-Pfalz)"], 
"67475": ["Weidenthal", "Weidenthal (Rheinland-Pfalz)"], 
"67480": ["Edenkoben", "Edenkoben (Rheinland-Pfalz)"], 
"67482": ["Altdorf", "Altdorf (Rheinland-Pfalz)", "B\u00f6bingen", "B\u00f6bingen (Rheinland-Pfalz)", "Freimersheim", "Freimersheim (Pfalz)", "Freimersheim (Rheinland-Pfalz)", "Venningen", "Venningen (Rheinland-Pfalz)"], 
"67483": ["Edesheim", "Edesheim (Rheinland-Pfalz)", "Gro\u00dffischlingen", "Gro\u00dffischlingen (Rheinland-Pfalz)", "Kleinfischlingen", "Kleinfischlingen (Rheinland-Pfalz)"], 
"67487": ["Alsterweiler", "Maikammer", "Maikammer (Rheinland-Pfalz)", "Sankt Martin", "Sankt Martin (Rheinland-Pfalz)", "St. Martin"], 
"67489": ["Kirrweiler", "Kirrweiler (Pfalz)", "Kirrweiler (Rheinland-Pfalz)"], 
"67547": ["Karl-Marx-Siedlung", "Worms", "Worms (Rheinland-Pfalz)"], 
"67549": ["Hochheim", "Leiselheim", "Neuhausen", "Pfiffligheim", "Worms"], 
"67550": ["Abenheim", "Herrnsheim", "Ibersheim", "Rheind\u00fcrkheim", "Worms"], 
"67551": ["Heppenheim", "Horchheim", "Pfeddersheim", "Weinsheim", "Wiesoppenheim", "Worms"], 
"67574": ["Osthofen", "Osthofen (Rheinland-Pfalz)"], 
"67575": ["Eich", "Eich (Rheinland-Pfalz)"], 
"67577": ["Alsheim", "Alsheim (Rheinland-Pfalz)", "Hangen-Wahlheim"], 
"67578": ["Gimbsheim", "Gimbsheim (Rheinland-Pfalz)"], 
"67580": ["Hamm", "Hamm (Rheinland-Pfalz)", "Hamm am Rhein"], 
"67582": ["Mettenheim", "Mettenheim (Rheinland-Pfalz)"], 
"67583": ["Guntersblum", "Guntersblum (Rheinland-Pfalz)"], 
"67585": ["Dorn-D\u00fcrkheim", "Dorn-D\u00fcrkheim (Rheinland-Pfalz)"], 
"67586": ["Hillesheim", "Hillesheim (Rheinland-Pfalz)"], 
"67587": ["Wintersheim", "Wintersheim (Rheinland-Pfalz)"], 
"67590": ["Monsheim", "Monsheim (Rheinland-Pfalz)"], 
"67591": ["Hohen-S\u00fclzen", "Hohen-S\u00fclzen (Rheinland-Pfalz)", "M\u00f6lsheim", "M\u00f6lsheim (Rheinland-Pfalz)", "M\u00f6rstadt", "M\u00f6rstadt (Rheinland-Pfalz)", "Offstein", "Wachenheim"], 
"67592": ["Fl\u00f6rsheim-Dalsheim"], 
"67593": ["Bermersheim", "Westhofen"], 
"67595": ["Bechtheim"], 
"67596": ["Dittelsheim-He\u00dfloch", "Frettenheim"], 
"67598": ["Gundersheim"], 
"67599": ["Gundheim"], 
"67655": ["Kaiserslautern", "Kaiserslautern (Rheinland-Pfalz)"], 
"67656": ["Kaiserslautern"], 
"67657": ["Eselsf\u00fcrth", "Kaiserslautern"], 
"67658": ["Kaiserslautern"], 
"67659": ["Fischerr\u00fcck", "Kaiserslautern", "Morlautern"], 
"67660": ["Kaiserslautern"], 
"67661": ["Breitenau", "Espensteig", "Kaiserslautern", "Kindsbach, Forsthaus", "St\u00fcterhof", "Vogelweh"], 
"67662": ["Kaiserslautern"], 
"67663": ["Kaiserslautern"], 
"67677": ["Altenhof", "Enkenbach-Alsenborn", "Enkenbach-Alsenborn (Rheinland-Pfalz)", "Schorlenberg"], 
"67678": ["Mehlingen", "Mehlingen (Rheinland-Pfalz)"], 
"67680": ["Eichenbacherm\u00fchle", "Neuhemsbach", "Neuhemsbach (Rheinland-Pfalz)"], 
"67681": ["Sembach", "Sembach (Rheinland-Pfalz)", "Wartenberg-Rohrbach", "Wartenberg-Rohrbach (Rheinland-Pfalz)"], 
"67685": ["Erzenhausen", "Erzenhausen (Rheinland-Pfalz)", "Eulenbis", "Eulenbis (Rheinland-Pfalz)", "M\u00fcckenhof", "M\u00fcckenm\u00fchle", "Schwedelbach", "Schwedelbach (Rheinland-Pfalz)", "Weilerbach", "Weilerbach (Rheinland-Pfalz)"], 
"67686": ["Mackenbach", "Mackenbach (Rheinland-Pfalz)"], 
"67688": ["Rodenbach", "Rodenbach (Rheinland-Pfalz)"], 
"67691": ["Hochspeyer", "Hochspeyer (Rheinland-Pfalz)", "Klaftertalerhof"], 
"67693": ["Fischbach", "Fischbach (Rheinland-Pfalz)", "Waldleiningen", "Waldleiningen (Rheinland-Pfalz)"], 
"67697": ["Otterberg"], 
"67699": ["Heiligenmoschel", "Schneckenhausen", "Sickingerhof"], 
"67700": ["Neuhof (Niederkirchen)", "Niederkirchen", "Niederkirchen (Rheinland-Pfalz)", "W\u00f6rsbach"], 
"67701": ["Schallodenbach", "Schallodenbach (Rheinland-Pfalz)"], 
"67705": ["Finsterbrunnertal", "Langensohl", "Neuhof (Trippstadt)", "Stelzenberg", "Stelzenberg (Rheinland-Pfalz)", "Trippstadt", "Trippstadt (Rheinland-Pfalz)", "Unterhammer (Trippstadt)"], 
"67706": ["Krickenbach", "Krickenbach (Rheinland-Pfalz)", "Linden", "Linden (Rheinland-Pfalz)", "L\u00e4ndlerhof"], 
"67707": ["Karlsthal Bahnhof", "Schopp", "Schopp (Rheinland-Pfalz)"], 
"67714": ["Burgalben", "Heidelsburg", "Hollertal", "Hundsweihers\u00e4gem\u00fchle", "Waldfischbach", "Waldfischbach-Burgalben", "Waldfischbach-Burgalben (Rheinland-Pfalz)"], 
"67715": ["Geiselberg", "Geiselberg (Rheinland-Pfalz)"], 
"67716": ["Heltersberg", "Heltersberg (Rheinland-Pfalz)"], 
"67718": ["Schmalenberg", "Schmalenberg (Rheinland-Pfalz)"], 
"67722": ["Hochstein", "Potzbach", "Winnweiler", "Winnweiler (Rheinland-Pfalz)"], 
"67724": ["Gehrweiler", "Gehrweiler (Rheinland-Pfalz)", "Gonbach", "Gonbach (Rheinland-Pfalz)", "Gundersweiler", "Gundersweiler (Rheinland-Pfalz)", "H\u00f6ringen", "Messersbacherhof"], 
"67725": ["Breunigweiler", "B\u00f6rrstadt", "R\u00f6derhof"], 
"67727": ["Lohnsfeld"], 
"67728": ["M\u00fcnchweiler an der Alsenz"], 
"67729": ["Sippersfeld"], 
"67731": ["Otterbach"], 
"67732": ["Hirschhorn"], 
"67734": ["Katzweiler", "Sulzbachtal"], 
"67735": ["Mehlbach"], 
"67737": ["Frankelbach", "Olsbr\u00fccken", "Winterbach"], 
"67742": ["Adenbach", "Buborn", "B\u00f6sodenbacherhof", "Deimberg", "Ginsweiler", "Hausweiler", "Heinzenhausen", "Herren-Sulzbach", "Lauterecken", "Sch\u00f6nbornerhof"], 
"67744": ["Cronenberg", "Hohen\u00f6llen", "Homberg", "Hoppst\u00e4dten", "Kappeln", "Kirrweiler", "Lohnweiler", "L\u00f6llbach", "Medard", "Rathskirchen", "Rudolphskirchen", "Schweinschied", "Seelen", "Wiesweiler"], 
"67745": ["Grumbach"], 
"67746": ["Langweiler", "Merzweiler", "Unterjeckenbach"], 
"67748": ["Odenbach"], 
"67749": ["Nerzweiler", "Offenbach am Glan", "Offenbach-Hundheim"], 
"67752": ["Oberweiler-Tiefenbach", "Reckweilerhof", "Ro\u00dfbach", "Rutsweiler an der Lauter", "Wolfstein"], 
"67753": ["Aschbach", "Ein\u00f6llen", "Hefersweiler", "Reipoltskirchen", "Relsberg", "Rothselberg"], 
"67754": ["E\u00dfweiler"], 
"67756": ["Hinzweiler", "Oberweiler im Tal"], 
"67757": ["Kreimbach", "Kreimbach-Kaulbach"], 
"67759": ["Nu\u00dfbach", "Reichsthal"], 
"67806": ["Bisterschied", "Bisterschied (Rheinland-Pfalz)", "D\u00f6rnbach", "D\u00f6rrmoschel", "D\u00f6rrmoschel (Rheinland-Pfalz)", "Felsbergerhof", "Imsweiler", "Imsweiler (Rheinland-Pfalz)", "Karlsh\u00f6he", "Katzenbach", "Katzenbach (Rheinland-Pfalz)", "Kolbenm\u00fchle", "Kreuzhof", "Marienthal", "Obermittweilerhof", "Rockenhausen", "Rockenhausen (Rheinland-Pfalz)", "Schacherhof", "Simonshof", "Spreiterhof", "Teschenmoschel", "Teschenmoschel (Rheinland-Pfalz)", "Untermittweilerhof", "Wolfsm\u00fchle"], 
"67808": ["Bayerfeld-Steckweiler", "Bayerfeld-Steckweiler (Rheinland-Pfalz)", "Bennhausen", "Bennhausen (Rheinland-Pfalz)", "Falkenstein", "Falkenstein (Rheinland-Pfalz)", "Felsbergerhof", "Imsbach", "Imsbach (Rheinland-Pfalz)", "Imsweiler", "J\u00e4gerlust, Forsthaus", "Langheckerhof", "M\u00f6rsfeld", "M\u00f6rsfeld (Rheinland-Pfalz)", "Neubau", "Ransweiler", "Ransweiler (Rheinland-Pfalz)", "Ruppertsecken", "Ruppertsecken (Rheinland-Pfalz)", "Schiersfeld", "Schiersfeld (Rheinland-Pfalz)", "Schweisweiler", "Schweisweiler (Rheinland-Pfalz)", "Sch\u00f6nborn", "Sch\u00f6nborn (Rheinland-Pfalz)", "Stahlberg", "Stahlberg (Rheinland-Pfalz)", "Steinbach", "Steinbach (Rheinland-Pfalz)", "Steinbach am Donnersberg", "Sulzhof", "Unter-Gerbacherhof", "Weitersweiler", "Weitersweiler (Rheinland-Pfalz)", "W\u00fcrzweiler", "W\u00fcrzweiler (Rheinland-Pfalz)"], 
"67811": ["Dielkirchen", "Dielkirchen (Rheinland-Pfalz)", "Hanauerhof", "Hoferhof"], 
"67813": ["Gerbach", "Gerbach (Rheinland-Pfalz)", "Sankt Alban", "Sankt Alban (Rheinland-Pfalz)", "Schwarzengraben", "St. Alban"], 
"67814": ["Dannenfels", "Dannenfels (Rheinland-Pfalz)", "Jakobsweiler", "Jakobsweiler (Rheinland-Pfalz)"], 
"67816": ["Dreisen", "Dreisen (Rheinland-Pfalz)", "Herfingerhof", "M\u00fchlbusch", "Standenb\u00fchl", "Standenb\u00fchl (Rheinland-Pfalz)"], 
"67817": ["Imsbach"], 
"67819": ["Kriegsfeld", "Kriegsfeld (Rheinland-Pfalz)"], 
"67821": ["Alsenz", "Alsenz (Rheinland-Pfalz)", "Oberndorf", "Oberndorf (Rheinland-Pfalz)"], 
"67822": ["Bremricherhof", "Finkenbach-Gersweiler", "Finkenbach-Gersweiler (Rheinland-Pfalz)", "Gaugrehweiler", "Gaugrehweiler (Rheinland-Pfalz)", "Gutenbacherhof", "Hengstbacherhof", "Kalkofen", "Kalkofen (Rheinland-Pfalz)", "Mannweiler", "Mannweiler-C\u00f6lln", "Mannweiler-C\u00f6lln (Rheinland-Pfalz)", "M\u00fcnsterappel", "M\u00fcnsterappel (Rheinland-Pfalz)", "Niederhausen", "Niederhausen (Rheinland-Pfalz)", "Niederhausen an der Appel", "Niedermoschel", "Niedermoschel (Rheinland-Pfalz)", "Oberhausen", "Oberhausen (Rheinland-Pfalz)", "Oberhausen an der Appel", "Schmalfelderhof", "Stolzenbergerhof", "Waldgrehweiler", "Waldgrehweiler (Rheinland-Pfalz)", "Winterborn", "Winterborn (Rheinland-Pfalz)"], 
"67823": ["Bergm\u00fchle", "Lettweiler", "Lettweiler (Rheinland-Pfalz)", "Obermoschel", "Obermoschel (Rheinland-Pfalz)", "Schiersfeld", "Sitters", "Sitters (Rheinland-Pfalz)", "Unkenbach", "Unkenbach (Rheinland-Pfalz)"], 
"67824": ["Feilbingert", "Feilbingert (Rheinland-Pfalz)"], 
"67826": ["Duchroth", "Duchroth (Rheinland-Pfalz)", "Hallgarten", "Hallgarten (Rheinland-Pfalz)", "Montforterhof"], 
"67827": ["Becherbach", "Becherbach (Rheinland-Pfalz)"], 
"67829": ["Callbach", "Callbach (Rheinland-Pfalz)", "Reiffelbach", "Reiffelbach (Rheinland-Pfalz)", "Schmittweiler", "Schmittweiler (Rheinland-Pfalz)"]}