{"64283": ["Darmstadt"], 
"64285": ["Darmstadt", "Darmstadt-Bessungen"], 
"64287": ["Darmstadt"], 
"64289": ["Darmstadt", "Darmstadt-Kranichstein", "Kranichstein"], 
"64291": ["Arheilgen", "Darmstadt", "Darmstadt-Arheilgen", "Darmstadt-Wixhausen", "Wixhausen"], 
"64293": ["Darmstadt"], 
"64295": ["Darmstadt", "Darmstadt-Bessungen"], 
"64297": ["Darmstadt", "Darmstadt-Eberstadt", "Eberstadt"], 
"64319": ["Eich", "Hessen-Pfungstadt", "Pfungstadt"], 
"64331": ["Gr\u00e4fenhausen", "Hessen-Weiterstadt", "Weiterstadt"], 
"64342": ["Jugenheim", "Malchen", "Ober-Beerbach", "Seeheim", "Seeheim-Jugenheim", "Seeheim-Jugenheim (Hessen)", "Steigerts", "Stettbach (Seeheim-Jugenheim)"], 
"64347": ["Griesheim", "Hessen-Griesheim"], 
"64354": ["Hessen-Reinheim", "Reinheim"], 
"64367": ["Frankenhausen", "Hessen-M\u00fchltal", "In der Mordach", "M\u00fchltal", "Nieder-Beerbach", "Nieder-Ramstadt", "Traisa", "Trautheim", "Waschenbach"], 
"64372": ["Modau", "Ober-Ramstadt", "Ober-Ramstadt (Hessen)", "Rohrbach", "Wembach-Hahn"], 
"64380": ["Gundernhausen", "Hessen-Ro\u00dfdorf", "Ro\u00dfdorf"], 
"64385": ["Gumpener Kreuz", "Hessen-Reichelsheim", "Reichelsheim", "Reichelsheim (Odenwald)"], 
"64390": ["Erzhausen", "Hessen-Erzhausen"], 
"64395": ["Bierbach", "Brensbach", "Gro\u00df-Bieberau", "Gro\u00df-Bieberau (Hessen)", "Hessen-Brensbach", "Hippelsbach", "Hundertmorgen", "Kilsbach", "Mummenroth", "Otzberg", "Stierbach"], 
"64397": ["Allertshofen", "Asbach", "Brandau", "Ernsthofen", "Herchenrode", "Hessen-Modautal", "Hottenbacher Hof", "Hoxhohl", "Klein-Bieberau", "L\u00fctzelbach", "Modautal", "Neunkirchen (Modautal)", "Neutsch", "Webern"], 
"64401": ["Gro\u00df-Bieberau", "Gro\u00df-Bieberau (Hessen)"], 
"64404": ["Bickenbach", "Hessen-Bickenbach"], 
"64405": ["Fischbachtal", "Hessen-Fischbachtal"], 
"64407": ["Fr\u00e4nkisch-Crumbach", "Fr\u00e4nkisch-Crumbach (Hessen)"], 
"64409": ["Grube Messel", "Hessen-Messel", "Messel"], 
"64521": ["Gro\u00df-Gerau"], 
"64546": ["M\u00f6rfelden", "M\u00f6rfelden-Walldorf", "M\u00f6rfelden-Walldorf (Gro\u00df-Gerau)"], 
"64560": ["Riedstadt", "Riedstadt (Gro\u00df-Gerau)"], 
"64569": ["Nauheim", "Nauheim (Gro\u00df-Gerau)"], 
"64572": ["B\u00fcttelborn", "B\u00fcttelborn (Gro\u00df-Gerau)"], 
"64579": ["Gernsheim", "Gernsheim (Gro\u00df-Gerau)"], 
"64584": ["Biebesheim", "Biebesheim (Gro\u00df-Gerau)", "Biebesheim am Rhein"], 
"64589": ["Stockstadt", "Stockstadt (Gro\u00df-Gerau)", "Stockstadt am Rhein"], 
"64625": ["Bensheim", "Hessen-Bensheim"], 
"64646": ["Heppenheim", "Heppenheim (Bergstra\u00dfe)", "Hessen-Heppenheim"], 
"64653": ["Hessen-Lorsch", "Lorsch"], 
"64658": ["Faustenbach", "F\u00fcrth", "Hessen-F\u00fcrth"], 
"64665": ["Alsbach", "Alsbach-H\u00e4hnlein", "Alsbach-H\u00e4hnlein (Hessen)", "H\u00e4hnlein", "Sandwiese"], 
"64668": ["Hessen-Rimbach", "Rimbach"], 
"64673": ["Hessen-Zwingenberg", "Zwingenberg"], 
"64678": ["Hessen-Lindenfels", "Lindenfels", "Litzelr\u00f6der"], 
"64683": ["Einhausen", "Hessen-Einhausen"], 
"64686": ["Hessen-Lautertal", "Lautertal", "Lautertal (Odenwald)"], 
"64689": ["Grasellenbach", "Hessen-Grasellenbach", "Scharbach", "Tromm"], 
"64711": ["Bullau", "Erbach", "Erbach im Odenwald", "Ro\u00dfbach"], 
"64720": ["647-Michelstadt", "Michelstadt"], 
"64732": ["Bad K\u00f6nig", "Bad K\u00f6nig (647)"], 
"64739": ["647-H\u00f6chst", "H\u00f6chst", "H\u00f6chst im Odenwald"], 
"64743": ["647-Erbach", "Beerfelden", "Erbach", "Marbach"], 
"64747": ["647-Breuberg", "Breuberg", "M\u00fchlhausen"], 
"64750": ["647-L\u00fctzelbach", "Hengmantel", "L\u00fctzelbach"], 
"64753": ["647-Brombachtal", "Brombachtal", "W\u00fcnschbach"], 
"64754": ["647-Eberbach", "Badisch Sch\u00f6llenbach", "Eberbach"], 
"64756": ["647-Mossautal", "Mossautal"], 
"64757": ["647-Hirschhorn", "Hirschhorn", "Unter-Hainbrunn"], 
"64760": ["647-Oberzent", "Oberzent"], 
"64807": ["Dieburg", "Dieburg (Darmstadt-Dieburg)"], 
"64823": ["Gro\u00df-Umstadt", "Gro\u00df-Umstadt (Darmstadt-Dieburg)"], 
"64832": ["Babenhausen", "Babenhausen (Darmstadt-Dieburg)"], 
"64839": ["Altheim", "M\u00fcnster", "M\u00fcnster (Darmstadt-Dieburg)", "M\u00fcnster (Hessen)"], 
"64846": ["Gro\u00df-Zimmern", "Gro\u00df-Zimmern (Darmstadt-Dieburg)"], 
"64850": ["Mosbach (Schaafheim)", "Radheim", "Schaafheim", "Schaafheim (Darmstadt-Dieburg)"], 
"64853": ["Habitzheim", "Hering", "Lengfeld (Odenwald)", "Nieder-Klingen", "Ober-Klingen", "Ober-Nauses", "Otzberg", "Otzberg (Darmstadt-Dieburg)"], 
"64859": ["Eppertshausen", "Eppertshausen (Darmstadt-Dieburg)"]}