[{"plz": "22041", "ort": "Hamburg", "name": "Hamburg Wandsbek", "street": "Schloßstr. 60\nRaum: Kundenzentrum", "phone": "040-42828-0", "email": "kundenzentrum@wandsbek.hamburg.de"}, 
{"plz": "22111", "ort": "Hamburg", "name": "Hamburg Billstedt", "street": "Öjendorfer Weg 9\nRaum: EG", "phone": "040-42854-0", "email": "kundenzentrum-billstedt@hamburg-mitte.hamburg.de"}, 
{"plz": "22113", "ort": "Oststeinbek", "name": "Oststeinbek", "street": "Möllner Landstraße 20"}, 
{"plz": "22143", "ort": "Hamburg", "name": "Hamburg Rahlstedt", "street": "Rahlstedter Strasse 151-157\nRaum: Kundenzentrum", "phone": "040-42881-3923", "email": "kundenzentrum-rahlstedt@wandsbek.hamburg.de"}, 
{"plz": "22179", "ort": "Hamburg", "name": "Hamburg Bramfeld", "street": "Herthastr. 20", "phone": "040-42881-4114", "email": "kundenzentrum-bramfeld@wandsbek.hamburg.de"}, 
{"plz": "22305", "ort": "Hamburg", "name": "Hamburg Barmbek-Uhlenhorst", "street": "Poppenhusenstr. 6\nRaum: Kundenzentrum", "phone": "040-42804-5252", "email": "kundenzentrum-barmbek-u@hamburg-nord.hamburg.de"}, 
{"plz": "22335", "ort": "Hamburg", "name": "Hamburg Fuhlsbüttel", "street": "Hummelsbütteler Landstr. 46\nRaum: Kundenzentrum", "phone": "040-42804-4222"}, 
{"plz": "22359", "ort": "Hamburg", "name": "Hamburg Walddörfer", "street": "Eulenkrugstr. 55-57\nRaum: Kundenzentrum", "phone": "040-42881-5616", "email": "kundenzentrum-walddoerfer@wandsbek.hamburg.de"}, 
{"plz": "22391", "ort": "Hamburg", "name": "Hamburg Alstertal", "street": "Wentzelplatz 7\nRaum: Kundenzentrum", "phone": "040-42881-5353", "email": "kundenzentrum-alstertal@wandsbek.hamburg.de"}, 
{"plz": "22415", "ort": "Hamburg", "name": "Hamburg Langenhorn", "street": "Langenhorner Markt 7\nRaum: Kundenzentrum", "phone": "040-42804-4222", "email": "kundenzentrum-langenhorn@hamburg-nord.hamburg.de"}, 
{"plz": "22453", "ort": "Hamburg", "name": "Hamburg Lokstedt", "street": "Garstedter Weg 11\nRaum: Kundenzentrum", "phone": "040-42801-4600", "email": "kundenzentrum-lokstedt@eimsbuettel.hamburg.de"}, 
{"plz": "22587", "ort": "Hamburg", "name": "Hamburg Blankenese", "street": "Sülldorfer Kirchenweg 2a\nRaum EG", "phone": "040-42811-5656", "email": "kundenzentrum-blankenese@altona.hamburg.de"}, 
{"plz": "22765", "ort": "Hamburg", "name": "Hamburg Altona", "street": "Ottenser Marktplatz 10\nRaum: EG", "phone": "040-42811-3636", "email": "kundenzentrum@altona.hamburg.de"}, 
{"plz": "22846", "ort": "Norderstedt", "name": "Norderstedt", "street": "Rathausallee 50\nRaum 45", "phone": "040-53595-445", "email": "meldeamt@norderstedt.de"}, 
{"plz": "22846", "ort": "Norderstedt", "name": "Norderstedt, Stadt", "street": "Rathausallee 50"}, 
{"plz": "22869", "ort": "Schenefeld", "name": "Schenefeld, Stadt", "street": "Holstenplatz 3-5"}, 
{"plz": "22880", "ort": "Wedel", "name": "Wedel, Stadt", "street": "Rathausplatz 3-5"}, 
{"plz": "22885", "ort": "Barsbüttel", "name": "Barsbüttel", "street": "Stiefenhoferplatz 1"}, 
{"plz": "22926", "ort": "Ahrensburg", "name": "Ahrensburg, Stadt", "street": "Manfred-Samusch-Straße 5"}, 
{"plz": "22927", "ort": "Großhansdorf", "name": "Großhansdorf", "street": "Barkholt 64"}, 
{"plz": "22941", "ort": "Bargteheide", "name": "Bargfeld-Stegen", "street": "Eckhorst 34"}, 
{"plz": "22941", "ort": "Bargteheide", "name": "Bargteheide, Stadt", "street": "Rathausstraße 26"}, 
{"plz": "22946", "ort": "Trittau", "name": "Hohenfelde", "street": "Europaplatz 5"}, 
{"plz": "22949", "ort": "Ammersbek", "name": "Ammersbek", "street": "Am Gutshof 3"}, 
{"plz": "22962", "ort": "Siek", "name": "Stapelfeld", "street": "Hauptstraße 49"}]