{"23552": ["Innenstadt", "L\u00fcbeck", "L\u00fcbeck-Innenstadt"], 
"23554": ["Innenstadt", "L\u00fcbeck", "L\u00fcbeck-Innenstadt", "Sankt Lorenz Nord", "Sankt Lorenz Nord (L\u00fcbeck)", "Sankt Lorenz S\u00fcd", "Sankt Lorenz S\u00fcd (L\u00fcbeck)"], 
"23556": ["Buntekuh", "L\u00fcbeck", "L\u00fcbeck-Buntekuh", "Sankt Lorenz Nord", "Sankt Lorenz Nord (L\u00fcbeck)", "Sankt Lorenz S\u00fcd", "Sankt Lorenz S\u00fcd (L\u00fcbeck)"], 
"23558": ["Buntekuh", "L\u00fcbeck", "L\u00fcbeck-Buntekuh", "Sankt Lorenz Nord", "Sankt Lorenz Nord (L\u00fcbeck)", "Sankt Lorenz S\u00fcd", "Sankt Lorenz S\u00fcd (L\u00fcbeck)"], 
"23560": ["L\u00fcbeck", "L\u00fcbeck-Moisling", "Moisling", "Sankt J\u00fcrgen", "Sankt J\u00fcrgen (L\u00fcbeck)"], 
"23562": ["L\u00fcbeck", "Sankt J\u00fcrgen", "Sankt J\u00fcrgen (L\u00fcbeck)"], 
"23564": ["L\u00fcbeck", "Sankt Gertrud", "Sankt Gertrud (L\u00fcbeck)", "Sankt J\u00fcrgen", "Sankt J\u00fcrgen (L\u00fcbeck)"], 
"23566": ["L\u00fcbeck", "Sankt Gertrud", "Sankt Gertrud (L\u00fcbeck)", "Sankt J\u00fcrgen", "Sankt J\u00fcrgen (L\u00fcbeck)"], 
"23568": ["L\u00fcbeck", "L\u00fcbeck-Schlutup", "Sankt Gertrud", "Sankt Gertrud (L\u00fcbeck)", "Schlutup"], 
"23569": ["K\u00fccknitz", "L\u00fcbeck", "L\u00fcbeck-K\u00fccknitz", "L\u00fcbeck-Travem\u00fcnde", "Travem\u00fcnde"], 
"23570": ["L\u00fcbeck", "L\u00fcbeck-Travem\u00fcnde", "Travem\u00fcnde"], 
"23611": ["Bad Schwartau", "Bad Schwartau (Schleswig-Holstein)", "Ratekau", "Ratekau (Schleswig-Holstein)", "Sereetz", "Sereetzerfeld", "Sielbek", "Swartau"], 
"23612": ["Stockelsd\u00f6rp"], 
"23617": ["Stockelsdorf", "Stockelsdorf (Schleswig-Holstein)", "Stockelsd\u00f6rp"], 
"23619": ["Badendorf", "Badendorf (Schleswig-Holstein)", "Goldenerhahn", "Hamberge", "Hamberge (Schleswig-Holstein)", "Heilshoop", "Heilshoop (Schleswig-Holstein)", "Herrenbranden", "M\u00f6nkhagen", "M\u00f6nkhagen (Schleswig-Holstein)", "Rehhorst", "Rehhorst (Schleswig-Holstein)", "Zarpen", "Zarpen (Schleswig-Holstein)"], 
"23623": ["Ahrensb\u00f6k", "Ahrensb\u00f6k (Schleswig-Holstein)", "Dunkelsdorf", "Jeshop"], 
"23626": ["Ratekau"], 
"23627": ["Gro\u00df Gr\u00f6nau", "Gro\u00df Gr\u00f6nau (Schleswig-Holstein)", "Gro\u00df Sarau", "Gro\u00df Sarau (Schleswig-Holstein)", "Klein Gr\u00f6nau"], 
"23628": ["Klempau", "Klempau (Schleswig-Holstein)", "Krummesse", "Krummesse (Schleswig-Holstein)"], 
"23629": ["Sarkwitz", "Scharbeutz", "Scharbeutz (Schleswig-Holstein)"], 
"23669": ["Neuhof", "Niendorf", "Oeverdiek", "Timmendorfer Strand", "Timmendorfer Strand (Schleswig-Holstein)"], 
"23683": ["Haffkrug", "Scharbeutz"], 
"23684": ["P\u00f6nitz", "Scharbeutz"], 
"23689": ["Hobbersdorf", "Luschendorf", "Luschendorferhof", "Pansdorf", "Rohlsdorf", "Rohlsdorfer Beek", "Techau"], 
"23701": ["Eutin", "Eutin (Schleswig-Holstein)", "S\u00fcsel", "S\u00fcsel (Schleswig-Holstein)"], 
"23714": ["Benz", "Kirchn\u00fcchel", "Kirchn\u00fcchel (Schleswig-Holstein)", "Malente", "Malente (Schleswig-Holstein)", "Malkwitz"], 
"23715": ["Bosau", "Bosau (Schleswig-Holstein)", "Liensfeld"], 
"23717": ["B\u00f6kensberg", "Kasseedorf", "Kasseedorf (Schleswig-Holstein)"], 
"23719": ["Glasau", "Glasau (Schleswig-Holstein)"], 
"23730": ["Altenkrempe", "Altenkrempe (Schleswig-Holstein)", "Bentfeld", "Logeberg", "Merkendorf", "Neustadt", "Neustadt (Schleswig-Holstein)", "Neustadt in Holstein", "Pelzerhaken", "Schashagen", "Schashagen (Schleswig-Holstein)", "Sierksdorf", "Sierksdorf (Schleswig-Holstein)"], 
"23738": ["Beschendorf", "Beschendorf (Schleswig-Holstein)", "Damlos", "Damlos (Schleswig-Holstein)", "Harmsdorf", "Harmsdorf (Schleswig-Holstein)", "Kabelhorst", "Kabelhorst (Schleswig-Holstein)", "Lensahn", "Lensahn (Schleswig-Holstein)", "Manhagen", "Manhagen (Schleswig-Holstein)", "Riepsdorf", "Riepsdorf (Schleswig-Holstein)"], 
"23743": ["Gr\u00f6mitz", "Gr\u00f6mitz (Schleswig-Holstein)", "Morest"], 
"23744": ["Sch\u00f6nwalde", "Sch\u00f6nwalde (Schleswig-Holstein)", "Sch\u00f6nwalde am Bungsberg"], 
"23746": ["Kellenhusen", "Kellenhusen (Ostsee)", "Kellenhusen (Schleswig-Holstein)", "Rittbruch"], 
"23747": ["Dahme", "Dahme (Schleswig-Holstein)", "Gruberhagen"], 
"23749": ["Grube", "Grube (Schleswig-Holstein)"], 
"23758": ["Dazendorf", "Gremersdorf", "Gremersdorf (Schleswig-Holstein)", "G\u00f6hl", "G\u00f6hl (Schleswig-Holstein)", "Oldenburg", "Oldenburg (Schleswig-Holstein)", "Oldenburg in Holstein", "Techelwitz", "Wandelwitz", "Wangels", "Wangels (Schleswig-Holstein)"], 
"23769": ["Albertsdorf (Fehmarn)", "Avendorf", "Bisdorf auf Fehmarn", "Bojendorf", "Burg auf Fehmarn", "D\u00e4nschendorf auf Fehmarn", "Fehmarn", "Fehmarn (Schleswig-Holstein)", "Gammendorf", "Katharinenhof", "Klausdorf", "Landkirchen auf Fehmarn", "Lemkenhafen", "Marienleuchte", "Niendorf auf Fehmarn", "Orth (Fehmarn)", "Petersdorf auf Fehmarn", "Puttgarden", "Staberdorf", "Strukkamp", "Teschendorf", "Wenkendorf", "Westermarkelsdorf", "Wulfen (Fehmarn)"], 
"23774": ["Heiligenhafen", "Heiligenhafen (Schleswig-Holstein)"], 
"23775": ["Gro\u00dfenbrode", "Gro\u00dfenbrode (Schleswig-Holstein)"], 
"23777": ["Heringsdorf", "Heringsdorf (Schleswig-Holstein)", "Wulfshof"], 
"23779": ["Neukirchen", "Neukirchen (Schleswig-Holstein)", "Neuseegalendorf"], 
"23795": ["Bad Segeberg", "Bad Segeberg (Schleswig-Holstein)", "Fahrenkrug", "Fahrenkrug (Schleswig-Holstein)", "Gro\u00df R\u00f6nnau", "Gro\u00df R\u00f6nnau (Schleswig-Holstein)", "H\u00f6gersdorf", "H\u00f6gersdorf (Schleswig-Holstein)", "Klein Gladebr\u00fcgge", "Klein Gladebr\u00fcgge (Schleswig-Holstein)", "Klein R\u00f6nnau", "Klein R\u00f6nnau (Schleswig-Holstein)", "L\u00fctt R\u00f6nnau", "M\u00f6zen", "M\u00f6zen (Schleswig-Holstein)", "Negernb\u00f6tel", "Negernb\u00f6tel (Schleswig-Holstein)", "Schackendorf", "Schackendorf (Schleswig-Holstein)", "Schieren", "Schieren (Schleswig-Holstein)", "Schwissel", "Schwissel (Schleswig-Holstein)", "Stipsdorf", "Stipsdorf (Schleswig-Holstein)", "Traventhal", "Traventhal (Schleswig-Holstein)", "Weede", "Weede (Schleswig-Holstein)"], 
"23812": ["Glash\u00fctte", "Wahlstedt", "Wahlstedt (Schleswig-Holstein)"], 
"23813": ["Blunk", "Blunk (Schleswig-Holstein)", "Nehms", "Nehms (Schleswig-Holstein)"], 
"23815": ["Geschendorf", "Geschendorf (Schleswig-Holstein)", "Strukdorf", "Strukdorf (Schleswig-Holstein)", "Westerrade", "Westerrade (Schleswig-Holstein)"], 
"23816": ["Bebensee", "Bebensee (Schleswig-Holstein)", "Gro\u00df Niendorf", "Gro\u00df Niendorf (Schleswig-Holstein)", "Heiderfeld", "Leezen", "Leezen (Schleswig-Holstein)", "Neversdorf", "Neversdorf (Schleswig-Holstein)"], 
"23818": ["Neueng\u00f6rs", "Neueng\u00f6rs (Schleswig-Holstein)"], 
"23820": ["Pronstorf", "Pronstorf (Schleswig-Holstein)"], 
"23821": ["Rohlstorf", "Rohlstorf (Schleswig-Holstein)"], 
"23823": ["Seedorf", "Seedorf (Schleswig-Holstein)"], 
"23824": ["Damsdorf", "Damsdorf (Schleswig-Holstein)", "Tensfeld", "Tensfeld (Schleswig-Holstein)"], 
"23826": ["Bark", "Bark (Schleswig-Holstein)", "Fredesdorf", "Fredesdorf (Schleswig-Holstein)", "Todesfelde", "Todesfelde (Schleswig-Holstein)"], 
"23827": ["Krems II", "Krems II (Schleswig-Holstein)", "Travenhorst", "Travenhorst (Schleswig-Holstein)", "Wensin", "Wensin (Schleswig-Holstein)"], 
"23829": ["K\u00fckels", "K\u00fckels (Schleswig-Holstein)", "Wittenborn", "Wittenborn (Schleswig-Holstein)"], 
"23843": ["Bad Oldesloe", "Bad Oldesloe (Schleswig-Holstein)", "Neritz", "Neritz (Schleswig-Holstein)", "R\u00fcmpel", "R\u00fcmpel (Schleswig-Holstein)", "Travenbr\u00fcck", "Travenbr\u00fcck (Schleswig-Holstein)"], 
"23845": ["Bahrenhof", "Bahrenhof (Schleswig-Holstein)", "Borstel", "B\u00fchnsdorf", "B\u00fchnsdorf (Schleswig-Holstein)", "Dreggers", "Dreggers (Schleswig-Holstein)", "Grabau", "Grabau (Schleswig-Holstein)", "Itzstedt", "Itzstedt (Schleswig-Holstein)", "Oering", "Oering (Schleswig-Holstein)", "Seth", "Seth (Schleswig-Holstein)", "S\u00fclfeld", "S\u00fclfeld (Schleswig-Holstein)", "Wakendorf I", "Wakendorf I (Schleswig-Holstein)"], 
"23847": ["Bliestorf", "Bliestorf (Schleswig-Holstein)", "D\u00fcchelsdorf", "D\u00fcchelsdorf (Schleswig-Holstein)", "Grinau", "Grinau (Schleswig-Holstein)", "Gro\u00df Boden", "Gro\u00df Boden (Schleswig-Holstein)", "Kastorf", "Kastorf (Schleswig-Holstein)", "Lasbek", "Lasbek (Schleswig-Holstein)", "Meddewade", "Meddewade (Schleswig-Holstein)", "P\u00f6litz", "P\u00f6litz (Schleswig-Holstein)", "Rethwisch", "Rethwisch (Schleswig-Holstein)", "Schiphorst", "Schiphorst (Schleswig-Holstein)", "Sch\u00fcrens\u00f6hlen", "Sch\u00fcrens\u00f6hlen (Schleswig-Holstein)", "Siebenb\u00e4umen", "Siebenb\u00e4umen (Schleswig-Holstein)", "Sierksrade", "Sierksrade (Schleswig-Holstein)", "Steinhorst", "Steinhorst (Schleswig-Holstein)", "Stubben", "Stubben (Schleswig-Holstein)", "Westerau", "Westerau (Schleswig-Holstein)"], 
"23858": ["Barnitz", "Barnitz (Schleswig-Holstein)", "Feldhorst", "Feldhorst (Schleswig-Holstein)", "Heidekamp", "Heidekamp (Schleswig-Holstein)", "Reinfeld", "Reinfeld (Holstein)", "Reinfeld (Schleswig-Holstein)", "Wesenberg", "Wesenberg (Schleswig-Holstein)"], 
"23860": ["Gro\u00df Schenkenberg", "Gro\u00df Schenkenberg (Schleswig-Holstein)", "Klein Wesenberg", "Klein Wesenberg (Schleswig-Holstein)"], 
"23863": ["Bargfeld-Stegen", "Bargfeld-Stegen (Schleswig-Holstein)", "Kayhude", "Kayhude (Schleswig-Holstein)", "Nienwohld", "Nienwohld (Schleswig-Holstein)"], 
"23866": ["Nahe", "Nahe (Schleswig-Holstein)"], 
"23867": ["S\u00fclfeld"], 
"23869": ["Elmenhorst", "Elmenhorst (Schleswig-Holstein)"], 
"23879": ["Dr\u00fcsen", "M\u00f6lln", "M\u00f6lln (Schleswig-Holstein)"], 
"23881": ["Alt M\u00f6lln", "Alt M\u00f6lln (Schleswig-Holstein)", "Alt-M\u00f6lln", "Borstorf", "Borstorf (Schleswig-Holstein)", "Breitenfelde", "Breitenfelde (Schleswig-Holstein)", "B\u00e4lau", "B\u00e4lau (Schleswig-Holstein)", "Koberg", "Koberg (Schleswig-Holstein)", "Lankau", "Lankau (Schleswig-Holstein)", "Neu-Lankau", "Niendorf", "Niendorf (Schleswig-Holstein)"], 
"23883": ["Bresahn", "Brunsmark", "Brunsmark (Schleswig-Holstein)", "Dargow", "Grambek", "Grambek (Schleswig-Holstein)", "Hollenbek", "Hollenbek (Schleswig-Holstein)", "Horst", "Horst (Schleswig-Holstein)", "Klein Zecher", "Klein Zecher (Schleswig-Holstein)", "Lehmrade", "Lehmrade (Schleswig-Holstein)", "Salem", "Salem (Schleswig-Holstein)", "Schmilau", "Schmilau (Schleswig-Holstein)", "Seedorf", "Seedorf (Schleswig-Holstein)", "Sterley", "Sterley (Schleswig-Holstein)", "Torfkaten"], 
"23896": ["Nusse", "Nusse (Schleswig-Holstein)", "Panten", "Panten (Schleswig-Holstein)", "Poggensee", "Poggensee (Schleswig-Holstein)", "Ritzerau", "Ritzerau (Schleswig-Holstein)", "Walksfelde", "Walksfelde (Schleswig-Holstein)"], 
"23898": ["Duvensee", "Duvensee (Schleswig-Holstein)", "Klinkrade", "Klinkrade (Schleswig-Holstein)", "K\u00fchsen", "K\u00fchsen (Schleswig-Holstein)", "Labenz", "Labenz (Schleswig-Holstein)", "L\u00fcchow", "L\u00fcchow (Schleswig-Holstein)", "Sandesneben", "Sandesneben (Schleswig-Holstein)", "Sirksfelde", "Sirksfelde (Schleswig-Holstein)", "Wentorf", "Wentorf (Schleswig-Holstein)"], 
"23899": ["Besenthal", "Besenthal (Schleswig-Holstein)", "Gudow", "Gudow (Schleswig-Holstein)"], 
"23909": ["239-Albsfelde", "239-B\u00e4k", "239-Fredeburg", "239-Giesensdorf", "239-Mechow", "239-Ratzeburg", "239-R\u00f6mnitz", "239-Schmilau", "Albsfelde", "B\u00e4k", "Farchau", "Farchauerm\u00fchle", "Fredeburg", "Giesensdorf", "Hundebusch", "Mechow", "Ratzeburg", "R\u00f6mnitz", "Sande", "Schmilau", "S\u00f6hren", "Wei\u00dfer Hirsch"], 
"23911": ["239-Buchholz", "239-Einhaus", "239-Harmsdorf", "239-Kittlitz", "239-Kulpin", "239-Mustin", "239-Pogeez", "239-Salem", "239-Ziethen", "Buchholz", "Einhaus", "Gro\u00df Disnack", "Gro\u00df Disnack (239)", "Harmsdorf", "Kittlitz", "Kulpin", "Mustin", "Pogeez", "Salem", "Schmilau", "Ziethen"], 
"23919": ["239-Behlendorf", "239-Berkenthin", "239-G\u00f6ldenitz", "239-Niendorf", "239-Rondeshagen", "Behlendorf", "Berkenthin", "G\u00f6ldenitz", "Niendorf", "Niendorf bei Berkenthin", "Rondeshagen"], 
"23923": ["239-L\u00fcdersdorf", "239-Menzendorf", "239-Roduchelstorf", "239-Sch\u00f6nberg", "239-Selmsdorf", "Boitin-Resdorf", "Dorf Wahrsow", "Duvennest", "Gro\u00df Neuleben", "Gro\u00df Siemz", "Herrnburg", "Hof Selmsdorf", "Hof Wahrsow", "Klein Neuleben", "Lauen", "Lockwisch", "L\u00fcdersdorf", "Menzendorf", "Niendorf", "Palingen", "Roduchelstorf", "Schattin", "Sch\u00f6nberg", "Selmsdorf", "Siemz-Niendorf", "Siemz-Niendorf (239)", "S\u00fclsdorf", "Teschow", "Wahrsow", "Westerbeck", "Zarnewenz"], 
"23936": ["239-Bernstorf", "239-Grevesm\u00fchlen", "239-Grieben", "239-Roggenstorf", "239-R\u00fcting", "239-Stepenitztal", "239-Upahl", "239-Warnow", "Alt-Greschendorf", "Barendorf", "Bernstorf", "Blieschendorf", "Bl\u00fcssen", "Boienhagen", "B\u00f6rzow", "B\u00f6ssow", "B\u00fcttlingen", "Diedrichshagen", "Everstorf", "Friedrichshagen", "Gostorf", "Grenzhausen", "Grevenstein", "Grevesm\u00fchlen", "Grieben", "Gro\u00dfenhof", "Hamberge", "Hanshagen", "Hilgendorf", "Hoikendorf", "Kirch Mummendorf", "Mallentin", "Meierstorf", "Naschendorf", "Neu Degtow", "Neu Greschendorf", "Papenhusen", "Pl\u00fcschow", "Pohnstorf", "Questin", "Rankendorf", "Rodenberg", "Roggenstorf", "R\u00fcschenbeck", "R\u00fcting", "R\u00fcting Steinfort", "Santow", "Schildberg", "Sch\u00f6nhof (Testorf-Steinfort)", "Stepenitztal", "Teschow", "Testorf-Steinfort", "Testorf-Steinfort (239)", "Thorstorf", "Tramm", "Upahl", "Waldeck", "Warnow", "Wotenitz"], 
"23942": ["239-Dassow", "Barendorf", "Dassow", "D\u00f6nkendorf", "Gro\u00df Schwansee", "Harkensee", "Kalkhorst", "Klein Schwansee", "Neuenhagen", "P\u00f6tenitz", "Rosenhagen", "Volkstorf"], 
"23946": ["239-Boltenhagen", "239-Kl\u00fctz", "Boltenhagen", "Kl\u00fctz", "Ostseebad Boltenhagen", "Tarnewitzerhagen"], 
"23948": ["239-Damshagen", "239-Kalkhorst", "Arpshagen", "Brook", "Christinenfeld", "Damshagen", "Dorf Gutow", "Dorf Reppenhagen", "Elmenhorst", "Eulenkrug", "Gantenbeck", "Goldbeck", "Gro\u00df Schwansee", "Gro\u00dfenhof", "Grundshagen", "Hof Gutow", "Hof Reppenhagen", "Hofzumfelde", "Hohen Sch\u00f6nberg", "Kalkhorst", "Klein Pravtshagen", "Kl\u00fctz", "Kussow", "K\u00fchlenstein", "Moor", "Nedderhagen", "Neuenhagen", "Niederkl\u00fctz", "Oberhof", "Oberkl\u00fctz", "Parin", "Pohnstorf", "Rolofshagen", "Steinbeck", "Stellshagen", "Warnkenhagen", "Welzin", "Wohlenberg"], 
"23952": ["Hansestadt Wismar"], 
"23966": ["239-Bobitz", "239-Wismar", "Bobitz", "Gro\u00df Krankow", "Hansestadt Wismar", "Tressow", "Wismar"], 
"23968": ["239-Barnekow", "239-G\u00e4gelow", "239-Hohenkirchen", "239-Zierow", "Barnekow", "Gressow", "Gro\u00df Woltersdorf", "G\u00e4gelow", "Hohenkirchen", "Jamel", "Klein Woltersdorf", "Kr\u00f6nkenhagen", "Neu Weitendorf", "Proseken", "Stofferstorf", "Vo\u00dfkuhl", "Weitendorf", "Wismar", "Wolde", "Zierow"], 
"23970": ["239-Benz", "239-Hornstorf", "Benz", "Hansestadt Wismar", "Hornstorf", "Kritzow", "R\u00fcggow", "Wismar"], 
"23972": ["239-L\u00fcbow", "239-Metelsdorf", "Dorf Mecklenburg", "Dorf Mecklenburg (239)", "Gro\u00df Stieten", "Gro\u00df Stieten (239)", "L\u00fcbow", "Metelsdorf"], 
"23974": ["239-Blowatz", "239-Boiensdorf", "239-Krusenhagen", "239-Neuburg", "Blowatz", "Boiensdorf", "Hageb\u00f6k", "Hornstorf", "Krusenhagen", "M\u00fcckenfang", "Nantrow", "Neuburg", "Rohlstorf"], 
"23992": ["239-Glasin", "239-L\u00fcbberstorf", "239-Neukloster", "239-Passee", "239-Zurow", "239-Z\u00fcsow", "Alt Poorstorf", "Babst", "B\u00e4belin", "Charlottenfelde", "Fahren", "Glasin", "Goldberg", "Gro\u00df Tessin", "H\u00f6ltingsdorf", "Kahlenberg", "Klein Warin", "Klein Warin Lager", "Krassow", "Langenst\u00fcck", "L\u00fcbberstorf", "L\u00fcdersdorf", "Nakenstorf", "Neu Babst", "Neu Poorstorf", "Neukloster", "Neum\u00fchle", "Passee", "Perniek", "Pinnowhof", "Poischendorf", "Poischendorf Molkerei", "Reinstorf", "Schmakentin", "Strameu\u00df", "Teplitz", "Tollow", "T\u00fczen", "Wakendorf", "Warnkenhagen", "Zurow", "Zweihausen", "Z\u00fcsow"], 
"23996": ["Bad Kleinen", "Bad Kleinen (239)", "Beidendorf", "Bobitz", "Dalliendorf", "Dambeck", "Grapen-Stieten", "Hohen Viecheln", "Hohen Viecheln (239)", "H\u00e4dchenshof", "K\u00e4selow", "Lutterstorf", "Moltow", "Naudin", "Neu Saunstorf", "Neu Viecheln", "Neuhof", "Rastorf", "Saunstorf", "Scharfstorf", "Wendisch Rambow"], 
"23999": ["Insel Poel", "Insel Poel (239)", "Kirchdorf", "Poel", "Timmendorf"]}