[{"plz": "83013", "ort": "Rosenheim", "name": "Rosenheim", "street": "Postfach 1209"}, 
{"plz": "83022", "ort": "Rosenheim", "name": "Rosenheim", "street": "Königstr. 15", "phone": "08031-365-01", "email": "buergeramt@rosenheim.de"}, 
{"plz": "83038", "ort": "Bad Aibling", "name": "Bad Aibling, St", "street": "Postfach 1408"}, 
{"plz": "83044", "ort": "Bruckmühl", "name": "Bruckmühl, M", "street": "Postfach 1149"}, 
{"plz": "83059", "ort": "Kolbermoor", "name": "Kolbermoor, St", "street": "Rathausplatz 1"}, 
{"plz": "83064", "ort": "Raubling", "name": "Raubling", "street": "Bahnhofstraße 31"}, 
{"plz": "83065", "ort": "Stephanskirchen", "name": "Stephanskirchen", "street": "Postfach 1162"}, 
{"plz": "83075", "ort": "Bad Feilnbach", "name": "Bad Feilnbach", "street": "Rathausplatz 1"}, 
{"plz": "83076", "ort": "Oberaudorf", "name": "Oberaudorf", "street": "Postfach 1180"}, 
{"plz": "83083", "ort": "Riedering", "name": "Riedering", "street": "Söllhubener Straße 6"}, 
{"plz": "83085", "ort": "Kiefersfelden", "name": "Kiefersfelden", "street": "Postfach 60"}, 
{"plz": "83089", "ort": "Bad Endorf", "name": "Bad Endorf, M", "street": "Bahnhofstraße 6"}, 
{"plz": "83098", "ort": "Brannenburg", "name": "Brannenburg", "street": "Schulweg 2"}, 
{"plz": "83099", "ort": "Rohrdorf", "name": "Rohrdorf", "street": "Postfach 61"}, 
{"plz": "83104", "ort": "Tuntenhausen", "name": "Tuntenhausen", "street": "Graf-Arco-Straße 18"}, 
{"plz": "83109", "ort": "Großkarolinenfeld", "name": "Großkarolinenfeld", "street": "Karolinenplatz 12"}, 
{"plz": "83112", "ort": "Frasdorf", "name": "Frasdorf", "street": "Hauptstraße 32"}, 
{"plz": "83115", "ort": "Neubeuern", "name": "Neubeuern, M", "street": "Schlossstraße 4"}, 
{"plz": "83119", "ort": "Obing", "name": "Pittenhart", "street": "Kienberger Straße 5"}, 
{"plz": "83122", "ort": "Samerberg", "name": "Samerberg", "street": "Dorfplatz 3"}, 
{"plz": "83123", "ort": "Amerang", "name": "Amerang", "street": "Wasserburger Straße 11"}, 
{"plz": "83125", "ort": "Eggstätt", "name": "Eggstätt", "street": "Obinger Straße 7"}, 
{"plz": "83126", "ort": "Flintsbach a.Inn", "name": "Flintsbach a.Inn", "street": "Kirchstraße 9"}, 
{"plz": "83128", "ort": "Halfing", "name": "Schonstett", "street": "Wasserburger Straße 1"}, 
{"plz": "83129", "ort": "Höslwang", "name": "Höslwang", "street": "Kirchplatz 12"}, 
{"plz": "83131", "ort": "Nußdorf a.Inn", "name": "Nußdorf a.Inn", "street": "Brannenburger Straße 10"}, 
{"plz": "83134", "ort": "Prutting", "name": "Prutting", "street": "Kirchstraße 5"}, 
{"plz": "83135", "ort": "Schechen", "name": "Schechen", "street": "Rosenheimer Straße 13"}, 
{"plz": "83137", "ort": "Schonstett", "name": "Schonstett", "street": "Hauptstraße 1"}, 
{"plz": "83139", "ort": "Söchtenau", "name": "Söchtenau", "street": "Dorfplatz 3"}, 
{"plz": "83203", "ort": "Prien a.Chiemsee", "name": "Prien a.Chiemsee, M", "street": "Postfach 1363"}, 
{"plz": "83219", "ort": "Grassau", "name": "Grassau, M", "street": "Postfach 1120"}, 
{"plz": "83225", "ort": "Aschau i.Chiemgau", "name": "Aschau i.Chiemgau", "street": "Kampenwandstraße 36"}, 
{"plz": "83233", "ort": "Bernau a.Chiemsee", "name": "Bernau a.Chiemsee", "street": "Rathausplatz 1"}, 
{"plz": "83236", "ort": "Übersee", "name": "Übersee", "street": "Kirchweg 1"}, 
{"plz": "83242", "ort": "Reit im Winkl", "name": "Reit im Winkl", "street": "Rathausplatz 1"}, 
{"plz": "83243", "ort": "Unterwössen", "name": "Unterwössen", "street": "Postfach 1150"}, 
{"plz": "83250", "ort": "Marquartstein", "name": "Staudach-Egerndach", "street": "Rathausplatz 1"}, 
{"plz": "83251", "ort": "Rimsting", "name": "Rimsting", "street": "Postfach 7"}, 
{"plz": "83254", "ort": "Breitbrunn a.Chiemsee", "name": "Breitbrunn a.Chiemsee", "street": "Gollenshausener Straße 1"}, 
{"plz": "83259", "ort": "Schleching", "name": "Schleching", "street": "Kirchplatz 1"}, 
{"plz": "83278", "ort": "Traunstein", "name": "Traunstein, GKSt", "street": "Stadtplatz 39"}, 
{"plz": "83294", "ort": "Traunreut", "name": "Traunreut, St", "street": "Postfach 1480"}, 
{"plz": "83303", "ort": "Trostberg", "name": "Trostberg, St", "street": "Postfach 1264"}, 
{"plz": "83309", "ort": "Siegsdorf", "name": "Siegsdorf", "street": "Postfach 1163"}, 
{"plz": "83315", "ort": "Teisendorf", "name": "Teisendorf, M", "street": "Postfach 1230"}, 
{"plz": "83318", "ort": "Ruhpolding", "name": "Ruhpolding", "street": "Postfach 1180"}, 
{"plz": "83325", "ort": "Waging a.See", "name": "Waging a.See, M", "street": "Postfach 1155"}, 
{"plz": "83330", "ort": "Inzell", "name": "Inzell", "street": "Postfach 1160"}, 
{"plz": "83339", "ort": "Chieming", "name": "Chieming", "street": "Hauptstraße 20"}, 
{"plz": "83342", "ort": "Tacherting", "name": "Tacherting", "street": "Trostberger Straße 9"}, 
{"plz": "83346", "ort": "Bergen", "name": "Vachendorf", "street": "Hochfellnstraße 14"}, 
{"plz": "83349", "ort": "Palling", "name": "Palling", "street": "Bräuanger 1"}, 
{"plz": "83350", "ort": "Altenmarkt a.d.Alz", "name": "Altenmarkt a.d.Alz", "street": "Postfach 1140"}, 
{"plz": "83355", "ort": "Grabenstätt", "name": "Grabenstätt", "street": "Schloßstraße 15"}, 
{"plz": "83358", "ort": "Seebruck", "name": "Seeon-Seebruck", "street": "Römerstraße 10"}, 
{"plz": "83362", "ort": "Surberg", "name": "Surberg", "street": "Burgstraße 2"}, 
{"plz": "83365", "ort": "Nußdorf", "name": "Nußdorf", "street": "Dorfplatz 15"}, 
{"plz": "83367", "ort": "Petting", "name": "Petting", "street": "Hauptstraße 34"}, 
{"plz": "83383", "ort": "Freilassing", "name": "Freilassing, St", "street": "Postfach 1620"}, 
{"plz": "83404", "ort": "Ainring", "name": "Ainring", "street": "Salzburger Straße 48"}, 
{"plz": "83410", "ort": "Laufen", "name": "Laufen, St", "street": "Rathausplatz 1"}, 
{"plz": "83411", "ort": "Fridolfing", "name": "Fridolfing", "street": "Postfach 9"}, 
{"plz": "83416", "ort": "Saaldorf-Surheim", "name": "Saaldorf-Surheim", "street": "Moosweg 2"}, 
{"plz": "83417", "ort": "Kirchanschöring", "name": "Kirchanschöring", "street": "Rathausplatz 2"}, 
{"plz": "83421", "ort": "Bad Reichenhall", "name": "Bad Reichenhall, GKSt", "street": "Postfach 1164"}, 
{"plz": "83451", "ort": "Piding", "name": "Piding", "street": "Thomastraße 2"}, 
{"plz": "83454", "ort": "Anger", "name": "Anger", "street": "Dorfplatz 4"}, 
{"plz": "83457", "ort": "Bayerisch Gmain", "name": "Bayerisch Gmain", "street": "Großgmainer Straße 12"}, 
{"plz": "83458", "ort": "Schneizlreuth", "name": "Schneizlreuth", "street": "Berchtesgadener Straße 12"}, 
{"plz": "83471", "ort": "Berchtesgaden", "name": "Schönau a.Königssee", "street": "Rathausplatz 1"}, 
{"plz": "83483", "ort": "Bischofswiesen", "name": "Bischofswiesen", "street": "Rathausplatz 2"}, 
{"plz": "83486", "ort": "Ramsau b.Berchtesgaden", "name": "Ramsau b.Berchtesgaden", "street": "Im Tal 2"}, 
{"plz": "83487", "ort": "Marktschellenberg", "name": "Marktschellenberg, M", "street": "Salzburger Straße 2"}, 
{"plz": "83506", "ort": "Wasserburg a.Inn", "name": "Wasserburg a.Inn, St", "street": "Postfach 1680"}, 
{"plz": "83527", "ort": "Haag i.OB", "name": "Haag i.OB, M", "street": "Marktplatz 7"}, 
{"plz": "83530", "ort": "Schnaitsee", "name": "Schnaitsee", "street": "Marktplatz 4"}, 
{"plz": "83533", "ort": "Edling", "name": "Edling", "street": "Rathausplatz 2"}, 
{"plz": "83536", "ort": "Gars a.Inn", "name": "Gars a.Inn, M", "street": "Hauptstraße 3"}, 
{"plz": "83537", "ort": "Pfaffing", "name": "Albaching", "street": "Postfach 27"}, 
{"plz": "83541", "ort": "Rott a.Inn", "name": "Rott a.Inn", "street": "Postfach 100"}, 
{"plz": "83547", "ort": "Babensham", "name": "Babensham", "street": "Raiffeisenstraße 3"}, 
{"plz": "83549", "ort": "Eiselfing", "name": "Eiselfing", "street": "Am Pfarrstadl 1"}, 
{"plz": "83556", "ort": "Griesstätt", "name": "Griesstätt", "street": "Innstraße 4"}, 
{"plz": "83558", "ort": "Maitenbeth", "name": "Rechtmehring", "street": "Haager Straße 5"}, 
{"plz": "83558", "ort": "Maitenbeth", "name": "Rechtmehring", "street": "Kirchplatz 9"}, 
{"plz": "83564", "ort": "Soyen", "name": "Soyen", "street": "Riedener Straße 11"}, 
{"plz": "83569", "ort": "Vogtareuth", "name": "Vogtareuth", "street": "Rosenheimer Straße 5"}, 
{"plz": "83601", "ort": "Holzkirchen", "name": "Holzkirchen, M", "street": "Postfach 1161"}, 
{"plz": "83620", "ort": "Feldkirchen-Westerham", "name": "Feldkirchen-Westerham", "street": "Ollingerstraße 10"}, 
{"plz": "83623", "ort": "Dietramszell", "name": "Dietramszell", "street": "Am Richteranger 10"}, 
{"plz": "83624", "ort": "Otterfing", "name": "Otterfing", "street": "Münchner Straße 13"}, 
{"plz": "83626", "ort": "Valley", "name": "Valley", "street": "Pfarrweg 1"}, 
{"plz": "83627", "ort": "Warngau", "name": "Warngau", "street": "Taubenbergstraße 33"}, 
{"plz": "83629", "ort": "Weyarn", "name": "Weyarn", "street": "Ignaz-Günther-Straße 5"}, 
{"plz": "83631", "ort": "Bad Tölz", "name": "Bad Tölz, St", "street": "Postfach 1140"}, 
{"plz": "83646", "ort": "Wackersberg", "name": "Wackersberg", "street": "Bachstraße 8"}, 
{"plz": "83658", "ort": "Lenggries", "name": "Lenggries", "street": "Postfach 1460"}, 
{"plz": "83666", "ort": "Waakirchen", "name": "Waakirchen", "street": "Tegernseer Straße 7"}, 
{"plz": "83668", "ort": "Bad Heilbrunn", "name": "Bad Heilbrunn", "street": "Postfach 88"}, 
{"plz": "83671", "ort": "Benediktbeuern", "name": "Benediktbeuern", "street": "Prälatenstraße 7"}, 
{"plz": "83674", "ort": "Gaißach", "name": "Gaißach", "street": "Bahnhofstraße 8"}, 
{"plz": "83676", "ort": "Jachenau", "name": "Jachenau", "street": "Dorf 51 1/2"}, 
{"plz": "83677", "ort": "Reichersbeuern", "name": "Reichersbeuern", "street": "Postfach 1145"}, 
{"plz": "83682", "ort": "Tegernsee", "name": "Tegernsee, St", "street": "Postfach 1451"}, 
{"plz": "83700", "ort": "Rottach-Egern", "name": "Rottach-Egern", "street": "Nördliche Hauptstraße 9"}, 
{"plz": "83701", "ort": "Gmund a.Tegernsee", "name": "Gmund a.Tegernsee", "street": "Postfach 86"}, 
{"plz": "83704", "ort": "Bad Wiessee", "name": "Bad Wiessee", "street": "Postfach 109"}, 
{"plz": "83708", "ort": "Kreuth", "name": "Kreuth", "street": "Nördliche Hauptstraße 14"}, 
{"plz": "83711", "ort": "Miesbach", "name": "Miesbach, St", "street": "Postfach 29"}, 
{"plz": "83722", "ort": "Schliersee", "name": "Schliersee, M", "street": "Postfach 146"}, 
{"plz": "83728", "ort": "Fischbachau", "name": "Fischbachau", "street": "Postfach 5"}, 
{"plz": "83734", "ort": "Hausham", "name": "Hausham", "street": "Schlierseer Straße 18"}, 
{"plz": "83735", "ort": "Bayrischzell", "name": "Bayrischzell", "street": "Kirchplatz 2"}, 
{"plz": "83737", "ort": "Irschenberg", "name": "Irschenberg", "street": "Kirchplatz 2"}]