[{"plz": "89073", "ort": "Ulm", "name": "Ulm Melde- und Ausweiswesen", "street": "Kornhausplatz 4", "phone": "0731-161-3322", "email": "telefonservice-bd@ulm.de"}, 
{"plz": "89073", "ort": "Ulm", "name": "Ulm, Universitätsstadt", "street": "Marktplatz 1"}, 
{"plz": "89077", "ort": "Ulm", "name": "Ulm Dienstleistungszentrum Söflingen", "street": "Klosterhof 14", "phone": "0731-161-1164", "email": "telefonservice-bd@ulm.de"}, 
{"plz": "89079", "ort": "Ulm", "name": "Ulm Ortsverwaltung Ermingen", "street": "Waldstr. 29", "phone": "07304-6697", "email": "ov-er@ulm.de"}, 
{"plz": "89079", "ort": "Ulm", "name": "Ulm Ortsverwaltung Einsingen", "street": "Katharinenstr. 1", "phone": "07305-931-060", "email": "ov-ei@ulm.de"}, 
{"plz": "89079", "ort": "Ulm", "name": "Ulm", "street": "Dorfstr. 10", "phone": "07305-7269", "email": "ov-eg@ulm.de"}, 
{"plz": "89079", "ort": "Ulm", "name": "Ulm Ortsverwaltung Gögglingen-Donaustetten", "street": "Riedlenstr. 16", "phone": "07305-9609-0", "email": "ov-goe-do@ulm.de"}, 
{"plz": "89081", "ort": "Ulm", "name": "Ulm Ortsverwaltung Mähringen", "street": "Rathausweg 1", "phone": "0731-53221", "email": "ov-ma@ulm.de"}, 
{"plz": "89081", "ort": "Ulm", "name": "Ulm Ortsverwaltung Jungingen", "street": "Albstr. 5", "phone": "0731-1611-220", "email": "ov-ju@ulm.de"}, 
{"plz": "89081", "ort": "Ulm", "name": "Ulm Ortsverwaltung Lehr", "street": "Loherstr. 18", "phone": "0731-60-481", "email": "ov-le@ulm.de"}, 
{"plz": "89129", "ort": "Langenau", "name": "Langenau, Stadt", "street": "Postfach 268"}, 
{"plz": "89129", "ort": "Langenau", "name": "Langenau, Stadt", "street": "Marktplatz 1"}, 
{"plz": "89129", "ort": "Nerenstetten", "name": "Nerenstetten", "street": "Schulstraße 8"}, 
{"plz": "89129", "ort": "Öllingen", "name": "Öllingen", "street": "Hauptstraße 42"}, 
{"plz": "89129", "ort": "Setzingen", "name": "Setzingen", "street": "Kirchstraße 4"}, 
{"plz": "89134", "ort": "Blaustein", "name": "Blaustein, Stadt", "street": "Marktplatz 2"}, 
{"plz": "89143", "ort": "Blaubeuren", "name": "Blaubeuren, Stadt", "street": "Karlstraße 2"}, 
{"plz": "89150", "ort": "Laichingen", "name": "Laichingen, Stadt", "street": "Bahnhofstraße 5"}, 
{"plz": "89150", "ort": "Laichingen", "name": "Laichingen, Stadt", "street": "Bahnhofstraße 26"}, 
{"plz": "89155", "ort": "Erbach", "name": "Erbach, Stadt", "street": "Erlenbachstraße 50"}, 
{"plz": "89160", "ort": "Dornstadt", "name": "Beimerstetten", "street": "Kirchplatz 2"}, 
{"plz": "89165", "ort": "Dietenheim", "name": "Dietenheim, Stadt", "street": "Königstraße 63"}, 
{"plz": "89168", "ort": "Niederstotzingen", "name": "Niederstotzingen, Stadt", "street": "Im Städtle 26"}, 
{"plz": "89171", "ort": "Illerkirchberg", "name": "Illerkirchberg", "street": "Schloßstraße 7"}, 
{"plz": "89171", "ort": "Illerkirchberg", "name": "Illerkirchberg", "street": "Hauptstraße 49"}, 
{"plz": "89173", "ort": "Lonsee", "name": "Lonsee", "street": "Hindenburgstraße 16"}, 
{"plz": "89173", "ort": "Lonsee", "name": "Amstetten", "street": "Rathaus"}, 
{"plz": "89174", "ort": "Altheim (Alb)", "name": "Altheim (Alb)", "street": "Schmiedgasse 15"}, 
{"plz": "89176", "ort": "Asselfingen", "name": "Asselfingen", "street": "Lindenstraße 6"}, 
{"plz": "89177", "ort": "Ballendorf", "name": "Ballendorf", "street": "Mehrstetter Straße 13"}, 
{"plz": "89177", "ort": "Börslingen", "name": "Börslingen", "street": "Hauptstraße 25"}, 
{"plz": "89179", "ort": "Beimerstetten", "name": "Beimerstetten", "street": "Kirchgasse 1"}, 
{"plz": "89180", "ort": "Berghülen", "name": "Berghülen", "street": "Hauptstraße 2"}, 
{"plz": "89182", "ort": "Bernstadt", "name": "Bernstadt", "street": "Schmiedgasse 5"}, 
{"plz": "89183", "ort": "Holzkirch", "name": "Holzkirch", "street": "Breitinger Straße 4"}, 
{"plz": "89183", "ort": "Breitingen", "name": "Breitingen", "street": "Neenstetter Straße 17"}, 
{"plz": "89185", "ort": "Hüttisheim", "name": "Hüttisheim", "street": "Hauptstraße 33"}, 
{"plz": "89186", "ort": "Illerrieden", "name": "Illerrieden", "street": "Wochenauer Straße 1"}, 
{"plz": "89188", "ort": "Merklingen", "name": "Merklingen", "street": "Hauptstraße 31"}, 
{"plz": "89189", "ort": "Neenstetten", "name": "Neenstetten", "street": "Dorfplatz 1"}, 
{"plz": "89191", "ort": "Nellingen", "name": "Nellingen", "street": "Schulplatz 17"}, 
{"plz": "89192", "ort": "Rammingen", "name": "Rammingen", "street": "Rathausgasse 7"}, 
{"plz": "89194", "ort": "Schnürpflingen", "name": "Schnürpflingen", "street": "Hauptstraße 17"}, 
{"plz": "89195", "ort": "Staig", "name": "Staig", "street": "Raiffeisentraße 7"}, 
{"plz": "89197", "ort": "Weidenstetten", "name": "Weidenstetten", "street": "Dorfplatz 1"}, 
{"plz": "89198", "ort": "Westerstetten", "name": "Westerstetten", "street": "Kirchstraße 3"}, 
{"plz": "89210", "ort": "Neu-Ulm", "name": "Neu-Ulm, GKSt", "street": "Postfach 2040"}, 
{"plz": "89231", "ort": "Neu-Ulm", "name": "Neu-Ulm", "street": "Petrusplatz 15", "phone": "0731-7050-7340", "email": "buergerbuero@neu-ulm.de"}, 
{"plz": "89243", "ort": "Senden", "name": "Senden, St", "street": "Postfach 1460"}, 
{"plz": "89253", "ort": "Illertissen", "name": "Illertissen, St", "street": "Postfach 3054"}, 
{"plz": "89260", "ort": "Weißenhorn", "name": "Weißenhorn, St", "street": "Postfach 1361"}, 
{"plz": "89266", "ort": "Vöhringen", "name": "Vöhringen, St", "street": "Postfach 1240"}, 
{"plz": "89270", "ort": "Elchingen", "name": "Elchingen", "street": "Postfach 4"}, 
{"plz": "89278", "ort": "Nersingen", "name": "Nersingen", "street": "Rathausplatz 1"}, 
{"plz": "89281", "ort": "Altenstadt", "name": "Kellmünz a.d.Iller, M", "street": "Hindenburgstraße 1"}, 
{"plz": "89284", "ort": "Pfaffenhofen a.d.Roth", "name": "Pfaffenhofen a.d.Roth, M", "street": "Kirchplatz 6"}, 
{"plz": "89287", "ort": "Bellenberg", "name": "Bellenberg", "street": "Memminger Straße 7"}, 
{"plz": "89290", "ort": "Buch", "name": "Unterroth", "street": "Friedhofweg 2"}, 
{"plz": "89297", "ort": "Roggenburg", "name": "Roggenburg", "street": "Prälatenhof 2"}, 
{"plz": "89305", "ort": "Günzburg", "name": "Günzburg, GKSt", "street": "Postfach 1562"}, 
{"plz": "89331", "ort": "Burgau", "name": "Burgau, St", "street": "Gerichtsweg 8"}, 
{"plz": "89332", "ort": "Ichenhausen", "name": "Ichenhausen, St", "street": "Postfach 1"}, 
{"plz": "89336", "ort": "Leipheim", "name": "Leipheim, St", "street": "Postfach 1140"}, 
{"plz": "89341", "ort": "Jettingen-Scheppach", "name": "Jettingen-Scheppach, M", "street": "Postfach 33"}, 
{"plz": "89346", "ort": "Bibertal", "name": "Bibertal", "street": "Hauptstraße 2"}, 
{"plz": "89349", "ort": "Burtenbach", "name": "Burtenbach, M", "street": "Rathausgäßchen 1"}, 
{"plz": "89356", "ort": "Haldenwang", "name": "Dürrlauingen", "street": "Hauptstraße 28"}, 
{"plz": "89358", "ort": "Kammeltal", "name": "Kammeltal", "street": "Burgauer Straße 12"}, 
{"plz": "89359", "ort": "Kötz", "name": "Bubesheim", "street": "Obere Dorfstraße 3a"}, 
{"plz": "89362", "ort": "Offingen", "name": "Gundremmingen", "street": "Marktstraße 19"}, 
{"plz": "89407", "ort": "Dillingen a.d.Donau", "name": "Dillingen a.d.Donau, GKSt", "street": "Königstraße 37 u. 38"}, 
{"plz": "89412", "ort": "Lauingen (Donau)", "name": "Lauingen (Donau), St", "street": "Postfach 1254"}, 
{"plz": "89420", "ort": "Höchstädt a.d.Donau", "name": "Höchstädt a.d.Donau, St", "street": "Herzog-Philipp-Ludwig-Straße 10"}, 
{"plz": "89421", "ort": "Gundelfingen a.d.Donau", "name": "Gundelfingen a.d.Donau, St", "street": "Postfach 28"}, 
{"plz": "89424", "ort": "Wittislingen", "name": "Wittislingen, M", "street": "Postfach 49"}, 
{"plz": "89428", "ort": "Syrgenstein", "name": "Syrgenstein", "street": "Ringstraße 35"}, 
{"plz": "89438", "ort": "Holzheim", "name": "Aislingen, M", "street": "Hochstiftstraße 2"}, 
{"plz": "89522", "ort": "Heidenheim an der Brenz", "name": "Heidenheim an der Brenz, Stadt", "street": "Grabenstraße 15"}, 
{"plz": "89537", "ort": "Giengen an der Brenz", "name": "Giengen an der Brenz", "street": "Marktstr. 11\nZimmer 5", "phone": "07322-952-1001", "email": "buergeramt@giengen.de"}, 
{"plz": "89537", "ort": "Giengen an der Brenz", "name": "Giengen an der Brenz, Stadt", "street": "Marktstraße 11"}, 
{"plz": "89542", "ort": "Herbrechtingen", "name": "Herbrechtingen, Stadt", "street": "Lange Straße 58"}, 
{"plz": "89547", "ort": "Gerstetten", "name": "Gerstetten", "street": "Wilhelmstraße 31"}, 
{"plz": "89551", "ort": "Königsbronn", "name": "Königsbronn", "street": "Herwartstraße 2"}, 
{"plz": "89555", "ort": "Steinheim am Albuch", "name": "Steinheim am Albuch", "street": "Hauptstraße 24"}, 
{"plz": "89558", "ort": "Böhmenkirch", "name": "Böhmenkirch", "street": "Hauptstraße 100"}, 
{"plz": "89561", "ort": "Dischingen", "name": "Dischingen", "street": "Marktplatz 9"}, 
{"plz": "89564", "ort": "Nattheim", "name": "Nattheim", "street": "Fleinheimer Straße 2"}, 
{"plz": "89567", "ort": "Sontheim an der Brenz", "name": "Niederstotzingen, Stadt", "street": "Brenzer Straße 25"}, 
{"plz": "89568", "ort": "Hermaringen", "name": "Hermaringen", "street": "Karlstraße 12"}, 
{"plz": "89584", "ort": "Ehingen (Donau)", "name": "Ehingen (Donau), Stadt", "street": "Marktplatz 1"}, 
{"plz": "89584", "ort": "Lauterach", "name": "Lauterach", "street": "Lautertalstraße 16"}, 
{"plz": "89597", "ort": "Munderkingen", "name": "Munderkingen, Stadt", "street": "Marktstraße 7"}, 
{"plz": "89597", "ort": "Munderkingen", "name": "Munderkingen, Stadt", "street": "Marktstraße 1"}, 
{"plz": "89597", "ort": "Hausen am Bussen", "name": "Hausen am Bussen", "street": "Unterdorfstraße 7"}, 
{"plz": "89597", "ort": "Unterwachingen", "name": "Unterwachingen", "street": "Kirchstraße 2"}, 
{"plz": "89601", "ort": "Schelklingen", "name": "Schelklingen, Stadt", "street": "Marktstraße 15"}, 
{"plz": "89604", "ort": "Allmendingen", "name": "Allmendingen", "street": "Hauptstraße 16"}, 
{"plz": "89605", "ort": "Altheim", "name": "Altheim", "street": "Hauptstraße 15"}, 
{"plz": "89607", "ort": "Emerkingen", "name": "Emerkingen", "street": "Schloßstraße 23"}, 
{"plz": "89608", "ort": "Griesingen", "name": "Griesingen", "street": "Alte Landstraße 51"}, 
{"plz": "89610", "ort": "Oberdischingen", "name": "Oberdischingen", "street": "Schloßplatz 9"}, 
{"plz": "89611", "ort": "Obermarchtal", "name": "Obermarchtal", "street": "Hauptstraße 21"}, 
{"plz": "89611", "ort": "Rechtenstein", "name": "Rechtenstein", "street": "Braunselweg 2"}, 
{"plz": "89613", "ort": "Grundsheim", "name": "Grundsheim", "street": "Kirchweg 1"}, 
{"plz": "89613", "ort": "Oberstadion", "name": "Oberstadion", "street": "Kirchplatz 29"}, 
{"plz": "89614", "ort": "Öpfingen", "name": "Öpfingen", "street": "Schloßhofstraße 10"}, 
{"plz": "89616", "ort": "Rottenacker", "name": "Rottenacker", "street": "Bühlstraße 7"}, 
{"plz": "89617", "ort": "Untermarchtal", "name": "Untermarchtal", "street": "Bahnhofstraße 4"}, 
{"plz": "89619", "ort": "Unterstadion", "name": "Unterstadion", "street": "Kirchstraße 3"}]