[{"plz": "84028", "ort": "Landshut", "name": "Landshut", "street": "Altstadt 315"}, 
{"plz": "84030", "ort": "Ergolding", "name": "Ergolding, M", "street": "Lindenstraße 25"}, 
{"plz": "84032", "ort": "Altdorf", "name": "Altdorf, M", "street": "Dekan-Wagner-Straße 13"}, 
{"plz": "84034", "ort": "Landshut", "name": "Landshut", "street": "Luitpoldstr. 29", "phone": "0871-88-2288", "email": "buergerbuero@landshut.de"}, 
{"plz": "84036", "ort": "Kumhausen", "name": "Kumhausen", "street": "Rathausplatz 1"}, 
{"plz": "84044", "ort": "Mainburg", "name": "Mainburg, St", "street": "Postfach 1360"}, 
{"plz": "84044", "ort": "Mainburg", "name": "Volkenschwand", "street": "Postfach 1349"}, 
{"plz": "84048", "ort": "Mainburg", "name": "Volkenschwand", "street": "Poststraße 2a"}, 
{"plz": "84049", "ort": "Essenbach", "name": "Essenbach, M", "street": "Postfach 1153"}, 
{"plz": "84056", "ort": "Rottenburg a.d.Laaber", "name": "Rottenburg a.d.Laaber, St", "street": "Neufahrner Straße 1"}, 
{"plz": "84057", "ort": "Ergoldsbach", "name": "Bayerbach b.Ergoldsbach", "street": "Postfach 1160"}, 
{"plz": "84066", "ort": "Mallersdorf-Pfaffenberg", "name": "Mallersdorf-Pfaffenberg, M", "street": "Steinrainer Straße 8"}, 
{"plz": "84069", "ort": "Schierling", "name": "Schierling, M", "street": "Rathausplatz 1"}, 
{"plz": "84072", "ort": "Au i. d. Hallertau", "name": "Au i.d.Hallertau, M", "street": "Untere Hauptstraße 2"}, 
{"plz": "84076", "ort": "Pfeffenhausen", "name": "Pfeffenhausen, M", "street": "Marktplatz 3"}, 
{"plz": "84079", "ort": "Bruckberg", "name": "Bruckberg", "street": "Rathausplatz 1"}, 
{"plz": "84080", "ort": "Laberweinting", "name": "Laberweinting", "street": "Postfach 40"}, 
{"plz": "84083", "ort": "Langquaid", "name": "Herrngiersdorf", "street": "Postfach 49"}, 
{"plz": "84088", "ort": "Neufahrn i.NB", "name": "Neufahrn i.NB", "street": "Hauptstraße 40"}, 
{"plz": "84095", "ort": "Furth", "name": "Obersüßbach", "street": "Am Rathaus 6"}, 
{"plz": "84098", "ort": "Hohenthann", "name": "Hohenthann", "street": "Rathausplatz 1"}, 
{"plz": "84100", "ort": "Niederaichbach", "name": "Niederaichbach", "street": "Rathausstraße 2"}, 
{"plz": "84104", "ort": "Rudelzhausen", "name": "Rudelzhausen", "street": "Kirchplatz 10"}, 
{"plz": "84109", "ort": "Wörth a.d.Isar", "name": "Wörth a.d.Isar", "street": "Am Kellerberg 2a"}, 
{"plz": "84124", "ort": "Dingolfing", "name": "Dingolfing, St", "street": "Postfach 1340"}, 
{"plz": "84137", "ort": "Vilsbiburg", "name": "Vilsbiburg, St", "street": "Stadtplatz 26"}, 
{"plz": "84140", "ort": "Gangkofen", "name": "Gangkofen, M", "street": "Marktplatz 21"}, 
{"plz": "84144", "ort": "Geisenhausen", "name": "Geisenhausen, M", "street": "Postfach 7"}, 
{"plz": "84149", "ort": "Velden", "name": "Neufraunhofen", "street": "Bahnhofstraße 42"}, 
{"plz": "84152", "ort": "Mengkofen", "name": "Mengkofen", "street": "Von-Haniel-Allee 12"}, 
{"plz": "84155", "ort": "Bodenkirchen", "name": "Bodenkirchen", "street": "Ebenhauserstraße 1"}, 
{"plz": "84160", "ort": "Frontenhausen", "name": "Frontenhausen, M", "street": "Marienplatz 3"}, 
{"plz": "84161", "ort": "Marklkofen", "name": "Marklkofen", "street": "Postfach 40"}, 
{"plz": "84164", "ort": "Moosthenning", "name": "Moosthenning", "street": "Rathausweg 2"}, 
{"plz": "84166", "ort": "Adlkofen", "name": "Adlkofen", "street": "Hauptstraße 18"}, 
{"plz": "84169", "ort": "Altfraunhofen", "name": "Altfraunhofen", "street": "Rathausplatz 1"}, 
{"plz": "84172", "ort": "Buch a.Erlbach", "name": "Buch a.Erlbach", "street": "Rathausplatz 1"}, 
{"plz": "84174", "ort": "Eching", "name": "Eching", "street": "Hauptstraße 12"}, 
{"plz": "84175", "ort": "Gerzen", "name": "Schalkham", "street": "Postfach 20"}, 
{"plz": "84180", "ort": "Loiching", "name": "Loiching", "street": "Kirchplatz 4"}, 
{"plz": "84183", "ort": "Niederviehbach", "name": "Niederviehbach", "street": "Schulstraße 1"}, 
{"plz": "84184", "ort": "Tiefenbach", "name": "Tiefenbach", "street": "Hauptstraße 42"}, 
{"plz": "84186", "ort": "Vilsheim", "name": "Vilsheim", "street": "Schulstraße 5"}, 
{"plz": "84302", "ort": "Eggenfelden", "name": "Eggenfelden, St", "street": "Postfach 1261"}, 
{"plz": "84323", "ort": "Massing", "name": "Geratskirchen", "street": "Marktplatz 20"}, 
{"plz": "84326", "ort": "Falkenberg", "name": "Malgersdorf", "street": "Sommerstraße 15"}, 
{"plz": "84329", "ort": "Wurmannsquick", "name": "Wurmannsquick, M", "street": "Marktplatz 30"}, 
{"plz": "84332", "ort": "Hebertsfelden", "name": "Hebertsfelden", "street": "Bahnhofstraße 1"}, 
{"plz": "84333", "ort": "Malgersdorf", "name": "Malgersdorf", "street": "Burgerstraße 1"}, 
{"plz": "84335", "ort": "Mitterskirchen", "name": "Mitterskirchen", "street": "Hofmarkstraße 17"}, 
{"plz": "84337", "ort": "Schönau", "name": "Schönau", "street": "Bachhamerstraße 22"}, 
{"plz": "84339", "ort": "Unterdietfurt", "name": "Unterdietfurt", "street": "Dorfplatz 6"}, 
{"plz": "84343", "ort": "Pfarrkirchen", "name": "Pfarrkirchen, St", "street": "Postfach 1360"}, 
{"plz": "84353", "ort": "Simbach a.Inn", "name": "Simbach a.Inn, St", "street": "Postfach 1106"}, 
{"plz": "84361", "ort": "Bad Birnbach", "name": "Bad Birnbach, M", "street": "Postfach 110"}, 
{"plz": "84367", "ort": "Tann", "name": "Tann, M", "street": "Marktplatz 6"}, 
{"plz": "84367", "ort": "Zeilarn", "name": "Zeilarn", "street": "Rupertistraße 22"}, 
{"plz": "84368", "ort": "Triftern", "name": "Triftern, M", "street": "Postfach 8"}, 
{"plz": "84375", "ort": "Kirchdorf a.Inn", "name": "Kirchdorf a.Inn", "street": "Hauptstraße 7"}, 
{"plz": "84378", "ort": "Dietersburg", "name": "Dietersburg", "street": "Burgstraße 12"}, 
{"plz": "84381", "ort": "Johanniskirchen", "name": "Johanniskirchen", "street": "Obere Hauptstraße 1"}, 
{"plz": "84384", "ort": "Wittibreut", "name": "Wittibreut", "street": "Hauptstraße 2"}, 
{"plz": "84385", "ort": "Egglham", "name": "Egglham", "street": "Hauptstraße 33"}, 
{"plz": "84387", "ort": "Julbach", "name": "Julbach", "street": "Rathausplatz 1"}, 
{"plz": "84389", "ort": "Postmünster", "name": "Postmünster", "street": "Hauptstraße 23"}, 
{"plz": "84405", "ort": "Dorfen", "name": "Dorfen, St", "street": "Rathausplatz 2"}, 
{"plz": "84416", "ort": "Taufkirchen (Vils)", "name": "Taufkirchen (Vils)", "street": "Rathausplatz 1"}, 
{"plz": "84417", "ort": "Schwindegg", "name": "Schwindegg", "street": "Postfach 1116"}, 
{"plz": "84419", "ort": "Obertaufkirchen", "name": "Obertaufkirchen", "street": "Am Sportplatz 5"}, 
{"plz": "84424", "ort": "Isen", "name": "Isen, M", "street": "Münchner Straße 12"}, 
{"plz": "84427", "ort": "Sankt Wolfgang", "name": "Sankt Wolfgang", "street": "Hauptstraße 9"}, 
{"plz": "84428", "ort": "Buchbach", "name": "Buchbach, M", "street": "Postfach 53"}, 
{"plz": "84431", "ort": "Heldenstein", "name": "Rattenkirchen", "street": "Schulstraße 5a"}, 
{"plz": "84435", "ort": "Lengdorf", "name": "Lengdorf", "street": "Bischof-Arn-Platz 1"}, 
{"plz": "84437", "ort": "Reichertsheim", "name": "Reichertsheim", "street": "Bräustraße 11"}, 
{"plz": "84439", "ort": "Steinkirchen", "name": "Inning a.Holz", "street": "Am Kirchberg 2"}, 
{"plz": "84441", "ort": "Mühldorf a.Inn", "name": "Mühldorf a.Inn, St", "street": "Postfach 1063"}, 
{"plz": "84464", "ort": "Waldkraiburg", "name": "Waldkraiburg, St", "street": "Postfach 1155"}, 
{"plz": "84480", "ort": "Burghausen", "name": "Burghausen, St", "street": "Postfach 1240"}, 
{"plz": "84491", "ort": "Neumarkt-Sankt Veit", "name": "Neumarkt-Sankt Veit, St", "street": "Postfach 1261"}, 
{"plz": "84503", "ort": "Altötting", "name": "Altötting, St", "street": "Kapellplatz 2a"}, 
{"plz": "84508", "ort": "Burgkirchen a.d.Alz", "name": "Burgkirchen a.d.Alz", "street": "Max-Planck-Platz 5"}, 
{"plz": "84509", "ort": "Töging a.Inn", "name": "Töging a.Inn, St", "street": "Postfach 1161"}, 
{"plz": "84513", "ort": "Erharting", "name": "Niederbergkirchen", "street": "Rohrbach 20"}, 
{"plz": "84514", "ort": "Garching a.d.Alz", "name": "Garching a.d.Alz", "street": "Postfach 1160"}, 
{"plz": "84519", "ort": "Neuötting", "name": "Neuötting, St", "street": "Postfach 1107"}, 
{"plz": "84525", "ort": "Tittmoning", "name": "Tittmoning, St", "street": "Postfach 1120"}, 
{"plz": "84533", "ort": "Marktl", "name": "Marktl, M", "street": "Marktplatz 1"}, 
{"plz": "84533", "ort": "Haiming", "name": "Haiming", "street": "Hauptstraße 18"}, 
{"plz": "84533", "ort": "Stammham", "name": "Stammham", "street": "Schulstraße 5"}, 
{"plz": "84539", "ort": "Ampfing", "name": "Ampfing", "street": "Schweppermannstraße 1"}, 
{"plz": "84540", "ort": "Winhöring", "name": "Winhöring", "street": "Postfach 1151"}, 
{"plz": "84544", "ort": "Aschau a.Inn", "name": "Aschau a.Inn", "street": "Hauptstraße 4"}, 
{"plz": "84547", "ort": "Emmerting", "name": "Emmerting", "street": "Untere Dorfstraße 3"}, 
{"plz": "84549", "ort": "Engelsberg", "name": "Engelsberg", "street": "Rathausplatz 1"}, 
{"plz": "84558", "ort": "Kirchweidach", "name": "Feichten a.d.Alz", "street": "Hauptstraße 21"}, 
{"plz": "84559", "ort": "Kraiburg a.Inn", "name": "Kraiburg a.Inn, M", "street": "Marktplatz 1"}, 
{"plz": "84561", "ort": "Mehring", "name": "Mehring", "street": "Scheibelbergstraße 2"}, 
{"plz": "84562", "ort": "Mettenheim", "name": "Mettenheim", "street": "Klosterstraße 22"}, 
{"plz": "84564", "ort": "Oberbergkirchen", "name": "Oberbergkirchen", "street": "Hofmark 28"}, 
{"plz": "84568", "ort": "Pleiskirchen", "name": "Pleiskirchen", "street": "Schulstraße 12"}, 
{"plz": "84570", "ort": "Polling", "name": "Oberneukirchen", "street": "Monhamer Weg 1"}, 
{"plz": "84571", "ort": "Reischach", "name": "Reischach", "street": "Eggenfeldener Straße 9"}, 
{"plz": "84576", "ort": "Teising", "name": "Teising", "street": "Hauptstraße 5"}, 
{"plz": "84577", "ort": "Tüßling", "name": "Tüßling, M", "street": "Marktplatz 2"}, 
{"plz": "84579", "ort": "Unterneukirchen", "name": "Unterneukirchen", "street": "Rathausplatz 11"}]