[{"plz": "09111", "ort": "Chemnitz", "name": "Chemnitz, Stadt", "street": "Markt 1"}, 
{"plz": "09111", "ort": "Chemnitz", "name": "Chemnitz Am Wall", "street": "Düsseldorfer Platz 1", "phone": "0371-115", "email": "meldebehoerde@stadt-chemnitz.de"}, 
{"plz": "09117", "ort": "Chemnitz", "name": "Chemnitz Rabenstein", "street": "Oberfrohnaer Str. 64", "phone": "0371-115", "email": "meldebehoerde@stadt-chemnitz.de"}, 
{"plz": "09122", "ort": "Chemnitz", "name": "Chemnitz Morgenleite", "street": "Bruno-Granz-Str. 2", "phone": "0371-115", "email": "meldebehoerde@stadt-chemnitz.de"}, 
{"plz": "09123", "ort": "Chemnitz", "name": "Chemnitz Klaffenbach", "street": "Klaffenbacher Hauptstr. 73", "phone": "0371-495-2500", "email": "meldebehoerde@stadt-chemnitz.de"}, 
{"plz": "09123", "ort": "Chemnitz", "name": "Chemnitz Einsiedel", "street": "Einsiedler Hauptstr. 79", "phone": "037209-664-0", "email": "meldebehoerde@stadt-chemnitz.de"}, 
{"plz": "09128", "ort": "Chemnitz (Altenhain)", "name": "Chemnitz (Altenhain) Kleinolbersdorf - Altenhain", "street": "Zum Spitzberg 5", "phone": "0371-772-561", "email": "meldebehoerde@stadt-chemnitz.de"}, 
{"plz": "09128", "ort": "Chemnitz", "name": "Chemnitz Euba", "street": "Drosselsteig 2", "phone": "03726-2383", "email": "meldebehoerde@stadt-chemnitz.de"}, 
{"plz": "09130", "ort": "Chemnitz", "name": "Chemnitz Sachsenallee", "street": "Thomas-Mann-Platz 2", "phone": "0371-115", "email": "meldebehoerde@stadt-chemnitz.de"}, 
{"plz": "09212", "ort": "Limbach-Oberfrohna", "name": "Limbach-Oberfrohna, Stadt", "street": "Rathausplatz 1"}, 
{"plz": "09217", "ort": "Burgstädt", "name": "Burgstädt, Stadt", "street": "Brühl 1"}, 
{"plz": "09221", "ort": "Neukirchen", "name": "Neukirchen/Erzgeb.", "street": "Hauptstraße 77"}, 
{"plz": "09224", "ort": "Chemnitz", "name": "Chemnitz Grüna", "street": "Chemnitzer Str. 109", "phone": "0371-8421-120", "email": "meldebehoerde@stadt-chemnitz.de"}, 
{"plz": "09224", "ort": "Chemnitz", "name": "Chemnitz Mittelbach", "street": "Hofer Str. 27", "phone": "0371-850-114", "email": "meldebehoerde@stadt-chemnitz.de"}, 
{"plz": "09228", "ort": "Chemnitz", "name": "Chemnitz Wittgensdorf", "street": "Rathausplatz 1", "phone": "037200-882-41", "email": "meldebehoerde@stadt-chemnitz.de"}, 
{"plz": "09232", "ort": "Hartmannsdorf", "name": "Hartmannsdorf", "street": "Untere Hauptstraße 111"}, 
{"plz": "09235", "ort": "Burkhardtsdorf", "name": "Burkhardtsdorf", "street": "Am Markt 8"}, 
{"plz": "09236", "ort": "Claußnitz", "name": "Claußnitz", "street": "Burgstädter Straße 52"}, 
{"plz": "09241", "ort": "Mühlau", "name": "Mühlau", "street": "Rathausplatz 1"}, 
{"plz": "09243", "ort": "Niederfrohna", "name": "Niederfrohna", "street": "Obere Hauptstraße 20"}, 
{"plz": "09244", "ort": "Lichtenau", "name": "Lichtenau", "street": "Auerswalder Hauptstraße 2"}, 
{"plz": "09247", "ort": "Chemnitz", "name": "Chemnitz Röhrsdorf", "street": "Rathausplatz 4", "phone": "03722-520-211", "email": "meldebehoerde@stadt-chemnitz.de"}, 
{"plz": "09249", "ort": "Taura", "name": "Taura", "street": "Köthensdorfer Straße 1"}, 
{"plz": "09306", "ort": "Rochlitz", "name": "Rochlitz, Stadt", "street": "Markt 1"}, 
{"plz": "09306", "ort": "Seelitz", "name": "Seelitz", "street": "Mittweidaer Straße 5"}, 
{"plz": "09306", "ort": "Erlau", "name": "Erlau", "street": "Niedercrossen 45"}, 
{"plz": "09306", "ort": "Zettlitz", "name": "Zettlitz", "street": "An der Kirche 6"}, 
{"plz": "09306", "ort": "Wechselburg", "name": "Wechselburg", "street": "Bahnhofstraße 16"}, 
{"plz": "09306", "ort": "Königshain-Wiederau", "name": "Königshain-Wiederau", "street": "Gewerbegebiet 3"}, 
{"plz": "09306", "ort": "Königsfeld", "name": "Königsfeld", "street": "Hauptstraße 13"}, 
{"plz": "09322", "ort": "Penig", "name": "Penig, Stadt", "street": "Markt 6"}, 
{"plz": "09326", "ort": "Geringswalde", "name": "Geringswalde, Stadt", "street": "Markt 1"}, 
{"plz": "09328", "ort": "Lunzenau", "name": "Lunzenau, Stadt", "street": "Karl-Marx-Straße 1"}, 
{"plz": "09337", "ort": "Hohenstein-Ernstthal", "name": "Hohenstein-Ernstthal, Stadt", "street": "Altmarkt 41"}, 
{"plz": "09337", "ort": "Bernsdorf", "name": "Bernsdorf", "street": "Hauptstraße 170"}, 
{"plz": "09337", "ort": "Callenberg", "name": "Callenberg", "street": "Rathausstraße 40"}, 
{"plz": "09350", "ort": "Lichtenstein/Sa.", "name": "Lichtenstein/Sa., Stadt", "street": "Badergasse 17"}, 
{"plz": "09353", "ort": "Oberlungwitz", "name": "Oberlungwitz, Stadt", "street": "Hofer Straße 203"}, 
{"plz": "09355", "ort": "Gersdorf", "name": "Gersdorf", "street": "Hauptstraße 192"}, 
{"plz": "09356", "ort": "St. Egidien", "name": "St. Egidien", "street": "Glauchauer Straße 35"}, 
{"plz": "09366", "ort": "Stollberg/Erzgeb.", "name": "Stollberg/Erzgeb., Stadt", "street": "Hauptmarkt 1"}, 
{"plz": "09366", "ort": "Niederdorf", "name": "Niederdorf", "street": "Neue Straße 5"}, 
{"plz": "09376", "ort": "Oelsnitz", "name": "Oelsnitz/Erzgeb., Stadt", "street": "Rathausplatz 1"}, 
{"plz": "09380", "ort": "Thalheim", "name": "Thalheim/Erzgeb., Stadt", "street": "Hauptstraße 5"}, 
{"plz": "09385", "ort": "Lugau", "name": "Lugau/Erzgeb., Stadt", "street": "Obere Hauptstraße 26"}, 
{"plz": "09387", "ort": "Jahnsdorf", "name": "Jahnsdorf/Erzgeb.", "street": "Poststraße 1"}, 
{"plz": "09390", "ort": "Gornsdorf", "name": "Gornsdorf", "street": "Hauptstraße 83"}, 
{"plz": "09392", "ort": "Auerbach", "name": "Auerbach", "street": "Hauptstraße 83"}, 
{"plz": "09394", "ort": "Hohndorf", "name": "Hohndorf", "street": "Rödlitzer Straße 84"}, 
{"plz": "09399", "ort": "Niederwürschnitz", "name": "Niederwürschnitz", "street": "Stollberger Straße 2"}, 
{"plz": "09405", "ort": "Gornau", "name": "Gornau/Erzgeb.", "street": "Rathausplatz 5"}, 
{"plz": "09405", "ort": "Zschopau", "name": "Zschopau, Stadt, Motorradstadt", "street": "Altmarkt 2"}, 
{"plz": "09419", "ort": "Thum", "name": "Thum, Stadt", "street": "Rathausplatz 4"}, 
{"plz": "09423", "ort": "Gelenau", "name": "Gelenau/Erzgeb.", "street": "Rathausplatz 1"}, 
{"plz": "09427", "ort": "Ehrenfriedersdorf", "name": "Ehrenfriedersdorf, Stadt", "street": "Markt 1"}, 
{"plz": "09429", "ort": "Wolkenstein", "name": "Wolkenstein, Stadt", "street": "Markt 13"}, 
{"plz": "09430", "ort": "Drebach", "name": "Drebach", "street": "August-Bebel-Straße 25 B"}, 
{"plz": "09432", "ort": "Großolbersdorf", "name": "Großolbersdorf", "street": "Am Rathaus 8"}, 
{"plz": "09437", "ort": "Börnichen", "name": "Börnichen/Erzgeb.", "street": "Rathausstraße 6"}, 
{"plz": "09439", "ort": "Amtsberg", "name": "Amtsberg", "street": "Poststraße 30"}, 
{"plz": "09456", "ort": "Mildenau", "name": "Mildenau", "street": "Dorfstraße 95"}, 
{"plz": "09456", "ort": "Annaberg-Buchholz", "name": "Annaberg-Buchholz, Stadt", "street": "Markt 1"}, 
{"plz": "09465", "ort": "Sehmatal-Cranzahl", "name": "Sehmatal", "street": "Dorfstraße 76"}, 
{"plz": "09468", "ort": "Tannenberg", "name": "Tannenberg", "street": "Rittergut 1"}, 
{"plz": "09468", "ort": "Geyer", "name": "Geyer, Stadt", "street": "Altmarkt 1"}, 
{"plz": "09471", "ort": "Bärenstein", "name": "Königswalde", "street": "Oberwiesenthaler Straße 14"}, 
{"plz": "09471", "ort": "Königswalde", "name": "Königswalde", "street": "Jöhstädter Straße 5"}, 
{"plz": "09474", "ort": "Crottendorf", "name": "Crottendorf", "street": "Annaberger Straße 230 c"}, 
{"plz": "09477", "ort": "Jöhstadt", "name": "Jöhstadt, Stadt", "street": "Markt 185"}, 
{"plz": "09481", "ort": "Scheibenberg", "name": "Scheibenberg, Stadt", "street": "Rudolf-Breitscheid-Straße 35"}, 
{"plz": "09481", "ort": "Elterlein", "name": "Elterlein, Stadt", "street": "Markt 28"}, 
{"plz": "09484", "ort": "Kurort Oberwiesenthal", "name": "Oberwiesenthal, Kurort, Stadt", "street": "Markt 8"}, 
{"plz": "09487", "ort": "Schlettau", "name": "Schlettau, Stadt", "street": "Markt 1"}, 
{"plz": "09488", "ort": "Thermalbad Wiesenbad", "name": "Thermalbad Wiesenbad", "street": "Mühle 1"}, 
{"plz": "09496", "ort": "Marienberg", "name": "Marienberg, Stadt", "street": "Markt 1"}, 
{"plz": "09514", "ort": "Pockau-Lengefeld", "name": "Pockau-Lengefeld, Stadt", "street": "Markt 1"}, 
{"plz": "09518", "ort": "Großrückerswalde", "name": "Großrückerswalde", "street": "Marienberger Straße 108"}, 
{"plz": "09526", "ort": "Olbernhau", "name": "Olbernhau, Stadt", "street": "Grünthaler Straße 28"}, 
{"plz": "09544", "ort": "Neuhausen", "name": "Neuhausen/Erzgeb.", "street": "Bahnhofstraße 12"}, 
{"plz": "09548", "ort": "Kurort Seiffen/Erzgeb.", "name": "Seiffen/Erzgeb., Kurort", "street": "Am Rathaus 4"}, 
{"plz": "09557", "ort": "Flöha", "name": "Flöha, Stadt", "street": "Augustusburger Straße 90"}, 
{"plz": "09569", "ort": "Oederan", "name": "Oederan, Stadt", "street": "Markt 5"}, 
{"plz": "09573", "ort": "Augustusburg", "name": "Augustusburg, Stadt", "street": "Marienberger Straße 24"}, 
{"plz": "09573", "ort": "Leubsdorf", "name": "Leubsdorf", "street": "Marbacher Straße 2"}, 
{"plz": "09575", "ort": "Eppendorf", "name": "Eppendorf", "street": "Großwaltersdorfer Straße 8"}, 
{"plz": "09577", "ort": "Niederwiesa", "name": "Niederwiesa", "street": "Dresdner Straße 22"}, 
{"plz": "09579", "ort": "Grünhainichen", "name": "Börnichen/Erzgeb.", "street": "Chemnitzer Straße 41"}, 
{"plz": "09599", "ort": "Freiberg", "name": "Freiberg, Stadt, Universitätsstadt", "street": "Obermarkt 24"}, 
{"plz": "09600", "ort": "Weißenborn", "name": "Weißenborn/Erzgeb.", "street": "Frauensteiner Straße 14"}, 
{"plz": "09600", "ort": "Oberschöna", "name": "Oberschöna", "street": "An der Hauptstraße 10"}, 
{"plz": "09603", "ort": "Großschirma", "name": "Großschirma, Stadt", "street": "Hauptstraße 156"}, 
{"plz": "09618", "ort": "Großhartmannsdorf", "name": "Großhartmannsdorf", "street": "Hauptstraße 106"}, 
{"plz": "09618", "ort": "Brand-Erbisdorf", "name": "Brand-Erbisdorf, Stadt", "street": "Markt 1"}, 
{"plz": "09619", "ort": "Dorfchemnitz", "name": "Dorfchemnitz", "street": "Kammstraße 3"}, 
{"plz": "09619", "ort": "Sayda", "name": "Dorfchemnitz", "street": "Am Markt 1"}, 
{"plz": "09619", "ort": "Mulda/Sa.", "name": "Mulda/Sa.", "street": "Hauptstraße 59"}, 
{"plz": "09623", "ort": "Rechenberg-Bienenmühle", "name": "Rechenberg-Bienenmühle", "street": "An der Schanze 1"}, 
{"plz": "09623", "ort": "Frauenstein", "name": "Frauenstein, Stadt", "street": "Markt 28"}, 
{"plz": "09627", "ort": "Bobritzsch-Hilbersdorf", "name": "Bobritzsch-Hilbersdorf", "street": "Hauptstraße 80"}, 
{"plz": "09629", "ort": "Reinsberg", "name": "Reinsberg", "street": "Kirchgasse 2"}, 
{"plz": "09633", "ort": "Halsbrücke", "name": "Halsbrücke", "street": "Am Ernst-Thälmann-Heim 1"}, 
{"plz": "09638", "ort": "Lichtenberg", "name": "Lichtenberg/Erzgeb.", "street": "Bahnhofstraße 3 A"}, 
{"plz": "09648", "ort": "Mittweida", "name": "Mittweida, Stadt, Hochschulstadt", "street": "Markt 32"}, 
{"plz": "09648", "ort": "Kriebstein", "name": "Kriebstein", "street": "An der Zschopau 3"}, 
{"plz": "09648", "ort": "Altmittweida", "name": "Altmittweida", "street": "Hauptstraße 92"}, 
{"plz": "09661", "ort": "Striegistal", "name": "Striegistal", "street": "Waldheimer Straße 13"}, 
{"plz": "09661", "ort": "Hainichen", "name": "Hainichen, Stadt", "street": "Markt 1"}, 
{"plz": "09661", "ort": "Rossau", "name": "Rossau", "street": "Hauptstraße 99"}, 
{"plz": "09669", "ort": "Frankenberg/Sa.", "name": "Frankenberg/Sa., Stadt, Garnisonsstadt", "street": "Markt 15"}]