[{"ags": "15001000", "area": 245, "email": null, "gemeinde": "Dessau-Roßlau, Stadt", "name": null, "ort": "Dessau-Roßlau", "phone": null, "plz": "06844", "population": 78731, "sitz": "Stadt Dessau-Roßlau", "str": "Zerbster Straße 4"}, 
{"email": "ordnungsamt@dessau-rosslau.de", "name": "Dessau-Roßlau", "ort": "Dessau-Roßlau", "phone": "0340-204-1733", "plz": "06844", "prefix": "Bürgeramt", "str": "Zerbster Str. 4", "subdivisions": ["Rathaus", "1. Obergeschoss", "Raum 126"]}, 
{"email": "ordnungsamt@dessau-rosslau.de", "name": "Dessau-Roßlau", "ort": "Dessau-Roßlau", "phone": "0340-204-1733", "plz": "06844", "prefix": "Bürgeramt", "str": "Zerbster Str. 4", "subdivisions": ["Rathaus", "1. Obergeschoss", "Raum 126"]}, 
{"ags": "15002000", "area": 135.01, "email": null, "gemeinde": "Halle (Saale), Stadt", "name": null, "ort": "Halle (Saale)", "phone": null, "plz": "06108", "population": 238061, "sitz": "Stadt Halle (Saale)", "str": "Marktplatz 1"}, 
{"email": "buergerservice@halle.de", "name": "Halle", "ort": "Halle", "phone": "0345-221-0-(Terminvereinbarung)", "plz": "06108", "prefix": "Bürgeramt", "str": "Marktplatz 1\nRatshof"}, 
{"ags": "15082005", "area": 59.81, "email": null, "gemeinde": "Aken (Elbe), Stadt", "name": null, "ort": "Aken (Elbe)", "phone": null, "plz": "06385", "population": 7363, "sitz": "Aken (Elbe), Stadt", "str": "Markt 11"}, 
{"ags": "15082015", "area": 86.99, "email": null, "gemeinde": "Bitterfeld-Wolfen, Stadt", "name": null, "ort": "Bitterfeld-Wolfen", "phone": null, "plz": "06766", "population": 37047, "sitz": "Bitterfeld-Wolfen, Stadt", "str": "Rathausplatz 1"}, 
{"ags": "15082180", "area": 77.46, "email": null, "gemeinde": "Köthen (Anhalt), Stadt", "name": null, "ort": "Köthen (Anhalt)", "phone": null, "plz": "06366", "population": 24876, "sitz": "Köthen (Anhalt), Stadt", "str": "Marktstraße 1-3"}, 
{"ags": "15082241", "area": 137.62, "email": null, "gemeinde": "Muldestausee", "name": null, "ort": "Muldestausee", "phone": null, "plz": "06774", "population": 11557, "sitz": "Muldestausee", "str": "Neuwerk 3"}, 
{"ags": "15082256", "area": 138.76, "email": null, "gemeinde": "Osternienburger Land", "name": null, "ort": "Osternienburger Land OT Osternienburg", "phone": null, "plz": "06386", "population": 8374, "sitz": "Osternienburger Land", "str": "Rudolf-Breitscheid-Straße 32e"}, 
{"ags": "15082301", "area": 97.29, "email": null, "gemeinde": "Raguhn-Jeßnitz, Stadt", "name": null, "ort": "Raguhn-Jeßnitz", "phone": null, "plz": "06779", "population": 8862, "sitz": "Raguhn-Jeßnitz, Stadt", "str": "Rathausstraße 16"}, 
{"ags": "15082340", "area": 81.89, "email": null, "gemeinde": "Sandersdorf-Brehna, Stadt", "name": null, "ort": "Sandersdorf-Brehna", "phone": null, "plz": "06792", "population": 14302, "sitz": "Sandersdorf-Brehna, Stadt", "str": "Bahnhofstraße 2"}, 
{"ags": "15082377", "area": 192.63, "email": null, "gemeinde": "Südliches Anhalt, Stadt", "name": null, "ort": "Südliches Anhalt OT Weißandt-Gölzau", "phone": null, "plz": "06369", "population": 13146, "sitz": "Südliches Anhalt, Stadt", "str": "Hauptstraße 31"}, 
{"ags": "15082440", "area": 113.69, "email": null, "gemeinde": "Zörbig, Stadt", "name": null, "ort": "Zörbig", "phone": null, "plz": "06780", "population": 9139, "sitz": "Zörbig, Stadt", "str": "Markt 12"}, 
{"ags": "15084130", "area": 79.95, "email": null, "gemeinde": "Elsteraue", "name": null, "ort": "Elsteraue", "phone": null, "plz": "06729", "population": 7983, "sitz": "Elsteraue", "str": "Hauptstraße 30"}, 
{"ags": "15084235", "area": 75.31, "email": null, "gemeinde": "Hohenmölsen, Stadt", "name": null, "ort": "Hohenmölsen", "phone": null, "plz": "06679", "population": 9405, "sitz": "Hohenmölsen, Stadt", "str": "Markt 1"}, 
{"ags": "15084315", "area": 96.49, "email": null, "gemeinde": "Lützen, Stadt", "name": null, "ort": "Lützen", "phone": null, "plz": "06686", "population": 8443, "sitz": "Lützen, Stadt", "str": "Markt 1"}, 
{"ags": "15084355", "area": 129.9, "email": null, "gemeinde": "Naumburg (Saale), Stadt", "name": null, "ort": "Naumburg (Saale)", "phone": null, "plz": "06618", "population": 31815, "sitz": "Naumburg (Saale), Stadt", "str": "Markt 1"}, 
{"ags": "15084490", "area": 81.36, "email": null, "gemeinde": "Teuchern, Stadt", "name": null, "ort": "Teuchern", "phone": null, "plz": "06682", "population": 7974, "sitz": "Teuchern, Stadt", "str": "Markt 21"}, 
{"ags": "15084550", "area": 113.57, "email": null, "gemeinde": "Weißenfels, Stadt", "name": null, "ort": "Weißenfels", "phone": null, "plz": "06667", "population": 39745, "sitz": "Weißenfels, Stadt", "str": "Markt 1"}, 
{"ags": "15084590", "area": 87.18, "email": null, "gemeinde": "Zeitz, Stadt", "name": null, "ort": "Zeitz", "phone": null, "plz": "06712", "population": 27003, "sitz": "Zeitz, Stadt", "str": "Altmarkt 1"}, 
{"ags": "15084012", "area": 44.47, "email": null, "gemeinde": "An der Poststraße", "name": null, "ort": "Bad Bibra", "phone": null, "plz": "06647", "population": 1660, "sitz": "An der Finne", "str": "Bahnhofstraße 2a"}, 
{"ags": "15084015", "area": 49.77, "email": null, "gemeinde": "Bad Bibra, Stadt", "name": null, "ort": "Bad Bibra", "phone": null, "plz": "06647", "population": 2644, "sitz": "An der Finne", "str": "Bahnhofstraße 2a"}, 
{"ags": "15084125", "area": 35.97, "email": null, "gemeinde": "Eckartsberga, Stadt", "name": null, "ort": "Bad Bibra", "phone": null, "plz": "06647", "population": 2302, "sitz": "An der Finne", "str": "Bahnhofstraße 2a"}, 
{"ags": "15084132", "area": 25.04, "email": null, "gemeinde": "Finne", "name": null, "ort": "Bad Bibra", "phone": null, "plz": "06647", "population": 1145, "sitz": "An der Finne", "str": "Bahnhofstraße 2a"}, 
{"ags": "15084133", "area": 29.45, "email": null, "gemeinde": "Finneland", "name": null, "ort": "Bad Bibra", "phone": null, "plz": "06647", "population": 1048, "sitz": "An der Finne", "str": "Bahnhofstraße 2a"}, 
{"ags": "15084246", "area": 41.1, "email": null, "gemeinde": "Kaiserpfalz", "name": null, "ort": "Bad Bibra", "phone": null, "plz": "06647", "population": 1542, "sitz": "An der Finne", "str": "Bahnhofstraße 2a"}, 
{"ags": "15084282", "area": 31.5, "email": null, "gemeinde": "Lanitz-Hassel-Tal", "name": null, "ort": "Bad Bibra", "phone": null, "plz": "06647", "population": 1050, "sitz": "An der Finne", "str": "Bahnhofstraße 2a"}, 
{"ags": "15084115", "area": 20.32, "email": null, "gemeinde": "Droyßig", "name": null, "ort": "Droyßig", "phone": null, "plz": "06722", "population": 1941, "sitz": "Droyßiger-Zeitzer Forst", "str": "Zeitzer Straße 15"}, 
{"ags": "15084207", "area": 33.92, "email": null, "gemeinde": "Gutenborn", "name": null, "ort": "Droyßig", "phone": null, "plz": "06722", "population": 1723, "sitz": "Droyßiger-Zeitzer Forst", "str": "Zeitzer Straße 15"}, 
{"ags": "15084275", "area": 27.76, "email": null, "gemeinde": "Kretzschau", "name": null, "ort": "Droyßig", "phone": null, "plz": "06722", "population": 2385, "sitz": "Droyßiger-Zeitzer Forst", "str": "Zeitzer Straße 15"}, 
{"ags": "15084442", "area": 20.73, "email": null, "gemeinde": "Schnaudertal", "name": null, "ort": "Droyßig", "phone": null, "plz": "06722", "population": 907, "sitz": "Droyßiger-Zeitzer Forst", "str": "Zeitzer Straße 15"}, 
{"ags": "15084565", "area": 41.46, "email": null, "gemeinde": "Wetterzeube", "name": null, "ort": "Droyßig", "phone": null, "plz": "06722", "population": 1710, "sitz": "Droyßiger-Zeitzer Forst", "str": "Zeitzer Straße 15"}, 
{"ags": "15084025", "area": 32.58, "email": null, "gemeinde": "Balgstädt", "name": null, "ort": "Freyburg (Unstrut)", "phone": null, "plz": "06632", "population": 1095, "sitz": "Unstruttal", "str": "Markt 1"}, 
{"ags": "15084135", "area": 46.56, "email": null, "gemeinde": "Freyburg (Unstrut), Stadt", "name": null, "ort": "Freyburg (Unstrut)", "phone": null, "plz": "06632", "population": 4563, "sitz": "Unstruttal", "str": "Markt 1"}, 
{"ags": "15084150", "area": 29.75, "email": null, "gemeinde": "Gleina", "name": null, "ort": "Freyburg (Unstrut)", "phone": null, "plz": "06632", "population": 1170, "sitz": "Unstruttal", "str": "Markt 1"}, 
{"ags": "15084170", "area": 14.56, "email": null, "gemeinde": "Goseck", "name": null, "ort": "Freyburg (Unstrut)", "phone": null, "plz": "06632", "population": 1016, "sitz": "Unstruttal", "str": "Markt 1"}, 
{"ags": "15084250", "area": 19.89, "email": null, "gemeinde": "Karsdorf", "name": null, "ort": "Freyburg (Unstrut)", "phone": null, "plz": "06632", "population": 1394, "sitz": "Unstruttal", "str": "Markt 1"}, 
{"ags": "15084285", "area": 31.17, "email": null, "gemeinde": "Laucha an der Unstrut, Stadt", "name": null, "ort": "Freyburg (Unstrut)", "phone": null, "plz": "06632", "population": 2790, "sitz": "Unstruttal", "str": "Markt 1"}, 
{"ags": "15084360", "area": 25.43, "email": null, "gemeinde": "Nebra (Unstrut), Stadt", "name": null, "ort": "Freyburg (Unstrut)", "phone": null, "plz": "06632", "population": 2980, "sitz": "Unstruttal", "str": "Markt 1"}, 
{"ags": "15084013", "area": 25.25, "email": null, "gemeinde": "Meineweh", "name": null, "ort": "Osterfeld", "phone": null, "plz": "06721", "population": 1032, "sitz": "Wethautal", "str": "Corseburger Weg 11"}, 
{"ags": "15084335", "area": 32.51, "email": null, "gemeinde": "Mertendorf", "name": null, "ort": "Osterfeld", "phone": null, "plz": "06721", "population": 1595, "sitz": "Wethautal", "str": "Corseburger Weg 11"}, 
{"ags": "15084341", "area": 33.94, "email": null, "gemeinde": "Molauer Land", "name": null, "ort": "Osterfeld", "phone": null, "plz": "06721", "population": 1024, "sitz": "Wethautal", "str": "Corseburger Weg 11"}, 
{"ags": "15084375", "area": 27.61, "email": null, "gemeinde": "Osterfeld, Stadt", "name": null, "ort": "Osterfeld", "phone": null, "plz": "06721", "population": 2407, "sitz": "Wethautal", "str": "Corseburger Weg 11"}, 
{"ags": "15084445", "area": 14.6, "email": null, "gemeinde": "Schönburg", "name": null, "ort": "Osterfeld", "phone": null, "plz": "06721", "population": 1050, "sitz": "Wethautal", "str": "Corseburger Weg 11"}, 
{"ags": "15084470", "area": 7.29, "email": null, "gemeinde": "Stößen, Stadt", "name": null, "ort": "Osterfeld", "phone": null, "plz": "06721", "population": 916, "sitz": "Wethautal", "str": "Corseburger Weg 11"}, 
{"ags": "15084560", "area": 7.68, "email": null, "gemeinde": "Wethau", "name": null, "ort": "Osterfeld", "phone": null, "plz": "06721", "population": 876, "sitz": "Wethautal", "str": "Corseburger Weg 11"}, 
{"ags": "15085040", "area": 86.75, "email": null, "gemeinde": "Ballenstedt, Stadt", "name": null, "ort": "Ballenstedt", "phone": null, "plz": "06493", "population": 8825, "sitz": "Ballenstedt, Stadt", "str": "Rathausplatz 12"}, 
{"ags": "15085145", "area": 164.68, "email": null, "gemeinde": "Harzgerode, Stadt", "name": null, "ort": "Harzgerode", "phone": null, "plz": "06493", "population": 7559, "sitz": "Harzgerode, Stadt", "str": "Marktplatz 1"}, 
{"ags": "15085110", "area": 102.97, "email": null, "gemeinde": "Falkenstein/Harz, Stadt", "name": null, "ort": "Falkenstein/Harz OT Ermsleben", "phone": null, "plz": "06463", "population": 5166, "sitz": "Falkenstein/Harz, Stadt", "str": "Markt 1"}, 
{"ags": "15085235", "area": 120.52, "email": null, "gemeinde": "Quedlinburg, Welterbestadt", "name": null, "ort": "Quedlinburg", "phone": null, "plz": "06484", "population": 23341, "sitz": "Quedlinburg, Welterbestadt", "str": "Markt 1"}, 
{"ags": "15085330", "area": 137.67, "email": null, "gemeinde": "Thale, Stadt", "name": null, "ort": "Thale", "phone": null, "plz": "06502", "population": 16994, "sitz": "Thale, Stadt", "str": "Rathausplatz 1"}, 
{"ags": "15087015", "area": 149.85, "email": null, "gemeinde": "Allstedt, Stadt", "name": null, "ort": "Allstedt", "phone": null, "plz": "06542", "population": 7573, "sitz": "Allstedt, Stadt", "str": "Forststraße 9"}, 
{"ags": "15087031", "area": 121.7, "email": null, "gemeinde": "Arnstein, Stadt", "name": null, "ort": "Arnstein", "phone": null, "plz": "06456", "population": 6412, "sitz": "Arnstein, Stadt", "str": "Eislebener Chaussee 2"}, 
{"ags": "15087130", "area": 143.94, "email": null, "gemeinde": "Eisleben, Lutherstadt", "name": null, "ort": "Lutherstadt Eisleben", "phone": null, "plz": "06295", "population": 22404, "sitz": "Eisleben, Lutherstadt", "str": "Markt 1"}, 
{"ags": "15087165", "area": 102.31, "email": null, "gemeinde": "Gerbstedt, Stadt", "name": null, "ort": "Gerbstedt", "phone": null, "plz": "06347", "population": 6881, "sitz": "Gerbstedt, Stadt", "str": "Markt 1"}, 
{"ags": "15087220", "area": 36.93, "email": null, "gemeinde": "Hettstedt, Stadt", "name": null, "ort": "Hettstedt", "phone": null, "plz": "06333", "population": 13623, "sitz": "Hettstedt, Stadt", "str": "Markt 1-3"}, 
{"ags": "15087275", "area": 143.76, "email": null, "gemeinde": "Mansfeld, Stadt", "name": null, "ort": "Mansfeld", "phone": null, "plz": "06343", "population": 8480, "sitz": "Mansfeld, Stadt", "str": "Lutherstraße 9"}, 
{"ags": "15087370", "area": 207.71, "email": null, "gemeinde": "Sangerhausen, Stadt", "name": null, "ort": "Sangerhausen", "phone": null, "plz": "06526", "population": 25419, "sitz": "Sangerhausen, Stadt", "str": "Markt 7a"}, 
{"ags": "15087386", "area": 107.93, "email": null, "gemeinde": "Seegebiet Mansfelder Land", "name": null, "ort": "Seegebiet Mansfelder Land OT Röblingen am See", "phone": null, "plz": "06317", "population": 8857, "sitz": "Seegebiet Mansfelder Land", "str": "Pfarrstraße 8"}, 
{"ags": "15087412", "area": 236.38, "email": null, "gemeinde": "Südharz", "name": null, "ort": "Südharz OT Roßla", "phone": null, "plz": "06536", "population": 9104, "sitz": "Südharz", "str": "Wilhelmstraße 4"}, 
{"ags": "15087055", "area": 25.67, "email": null, "gemeinde": "Berga", "name": null, "ort": "Kelbra (Kyffhäuser)", "phone": null, "plz": "06537", "population": 1679, "sitz": "Goldene Aue", "str": "Lange Straße 8"}, 
{"ags": "15087101", "area": 16.65, "email": null, "gemeinde": "Brücken-Hackpfüffel", "name": null, "ort": "Kelbra (Kyffhäuser)", "phone": null, "plz": "06537", "population": 970, "sitz": "Goldene Aue", "str": "Lange Straße 8"}, 
{"ags": "15087125", "area": 9.06, "email": null, "gemeinde": "Edersleben", "name": null, "ort": "Kelbra (Kyffhäuser)", "phone": null, "plz": "06537", "population": 974, "sitz": "Goldene Aue", "str": "Lange Straße 8"}, 
{"ags": "15087250", "area": 40.56, "email": null, "gemeinde": "Kelbra (Kyffhäuser), Stadt", "name": null, "ort": "Kelbra (Kyffhäuser)", "phone": null, "plz": "06537", "population": 3308, "sitz": "Goldene Aue", "str": "Lange Straße 8"}, 
{"ags": "15087440", "area": 35.37, "email": null, "gemeinde": "Wallhausen", "name": null, "ort": "Kelbra (Kyffhäuser)", "phone": null, "plz": "06537", "population": 2398, "sitz": "Goldene Aue", "str": "Lange Straße 8"}, 
{"ags": "15087010", "area": 5.1, "email": null, "gemeinde": "Ahlsdorf", "name": null, "ort": "Helbra", "phone": null, "plz": "06311", "population": 1557, "sitz": "Mansfelder Grund-Helbra", "str": "An der Hütte 1"}, 
{"ags": "15087045", "area": 5.77, "email": null, "gemeinde": "Benndorf", "name": null, "ort": "Helbra", "phone": null, "plz": "06311", "population": 1961, "sitz": "Mansfelder Grund-Helbra", "str": "An der Hütte 1"}, 
{"ags": "15087070", "area": 14.86, "email": null, "gemeinde": "Blankenheim", "name": null, "ort": "Helbra", "phone": null, "plz": "06311", "population": 1138, "sitz": "Mansfelder Grund-Helbra", "str": "An der Hütte 1"}, 
{"ags": "15087075", "area": 9.31, "email": null, "gemeinde": "Bornstedt", "name": null, "ort": "Helbra", "phone": null, "plz": "06311", "population": 793, "sitz": "Mansfelder Grund-Helbra", "str": "An der Hütte 1"}, 
{"ags": "15087205", "area": 9.27, "email": null, "gemeinde": "Helbra", "name": null, "ort": "Helbra", "phone": null, "plz": "06311", "population": 3899, "sitz": "Mansfelder Grund-Helbra", "str": "An der Hütte 1"}, 
{"ags": "15087210", "area": 9.54, "email": null, "gemeinde": "Hergisdorf", "name": null, "ort": "Helbra", "phone": null, "plz": "06311", "population": 1517, "sitz": "Mansfelder Grund-Helbra", "str": "An der Hütte 1"}, 
{"ags": "15087260", "area": 8.82, "email": null, "gemeinde": "Klostermansfeld", "name": null, "ort": "Helbra", "phone": null, "plz": "06311", "population": 2265, "sitz": "Mansfelder Grund-Helbra", "str": "An der Hütte 1"}, 
{"ags": "15087470", "area": 8.56, "email": null, "gemeinde": "Wimmelburg", "name": null, "ort": "Helbra", "phone": null, "plz": "06311", "population": 1105, "sitz": "Mansfelder Grund-Helbra", "str": "An der Hütte 1"}, 
{"ags": "15088020", "area": 36.15, "email": null, "gemeinde": "Bad Dürrenberg, Solestadt", "name": null, "ort": "Bad Dürrenberg", "phone": null, "plz": "06231", "population": 11389, "sitz": "Bad Dürrenberg, Solestadt", "str": "Hauptstraße 27"}, 
{"ags": "15088025", "area": 85.37, "email": null, "gemeinde": "Bad Lauchstädt, Goethestadt", "name": null, "ort": "Goethestadt Bad Lauchstädt", "phone": null, "plz": "06246", "population": 8849, "sitz": "Bad Lauchstädt, Goethestadt", "str": "Markt 1"}, 
{"ags": "15088065", "area": 74.31, "email": null, "gemeinde": "Braunsbedra, Stadt", "name": null, "ort": "Braunsbedra", "phone": null, "plz": "06242", "population": 10432, "sitz": "Braunsbedra, Stadt", "str": "Markt 1"}, 
{"ags": "15088150", "area": 51, "email": null, "gemeinde": "Kabelsketal", "name": null, "ort": "Kabelsketal", "phone": null, "plz": "06184", "population": 8937, "sitz": "Kabelsketal", "str": "Lange Straße 18"}, 
{"ags": "15088195", "area": 125.44, "email": null, "gemeinde": "Landsberg, Stadt", "name": null, "ort": "Landsberg", "phone": null, "plz": "06188", "population": 14960, "sitz": "Landsberg, Stadt", "str": "Köthener Straße 2"}, 
{"ags": "15088205", "area": 87.85, "email": null, "gemeinde": "Leuna, Stadt", "name": null, "ort": "Leuna", "phone": null, "plz": "06237", "population": 13899, "sitz": "Leuna, Stadt", "str": "Rathausstraße 1"}, 
{"ags": "15088216", "area": 127.13, "email": null, "gemeinde": "Wettin-Löbejün, Stadt", "name": null, "ort": "Wettin-Löbejün OT Löbejün", "phone": null, "plz": "06193", "population": 9794, "sitz": "Wettin-Löbejün, Stadt", "str": "Markt 1"}, 
{"ags": "15088295", "area": 102.68, "email": null, "gemeinde": "Petersberg", "name": null, "ort": "Petersberg OT Wallwitz", "phone": null, "plz": "06193", "population": 9332, "sitz": "Petersberg", "str": "Götschetalstraße 15"}, 
{"ags": "15088220", "area": 53.75, "email": null, "gemeinde": "Merseburg, Stadt", "name": null, "ort": "Merseburg", "phone": null, "plz": "06217", "population": 33641, "sitz": "Merseburg, Stadt", "str": "Lauchstädter Straße 1-3"}, 
{"ags": "15088235", "area": 98.57, "email": null, "gemeinde": "Mücheln (Geiseltal), Stadt", "name": null, "ort": "Mücheln (Geiseltal)", "phone": null, "plz": "06249", "population": 8513, "sitz": "Mücheln (Geiseltal), Stadt", "str": "Markt 1"}, 
{"ags": "15088305", "area": 155.62, "email": null, "gemeinde": "Querfurt, Stadt", "name": null, "ort": "Querfurt", "phone": null, "plz": "06268", "population": 10321, "sitz": "Querfurt, Stadt", "str": "Markt 1"}, 
{"ags": "15088030", "area": 18.22, "email": null, "gemeinde": "Barnstädt", "name": null, "ort": "Nemsdorf-Göhrendorf", "phone": null, "plz": "06268", "population": 976, "sitz": "Weida-Land", "str": "Hauptstraße 43"}, 
{"ags": "15088100", "area": 27.13, "email": null, "gemeinde": "Farnstädt", "name": null, "ort": "Nemsdorf-Göhrendorf", "phone": null, "plz": "06268", "population": 1469, "sitz": "Weida-Land", "str": "Hauptstraße 43"}, 
{"ags": "15088250", "area": 17.11, "email": null, "gemeinde": "Nemsdorf-Göhrendorf", "name": null, "ort": "Nemsdorf-Göhrendorf", "phone": null, "plz": "06268", "population": 817, "sitz": "Weida-Land", "str": "Hauptstraße 43"}, 
{"ags": "15088265", "area": 37.38, "email": null, "gemeinde": "Obhausen", "name": null, "ort": "Nemsdorf-Göhrendorf", "phone": null, "plz": "06268", "population": 2225, "sitz": "Weida-Land", "str": "Hauptstraße 43"}, 
{"ags": "15088340", "area": 7.06, "email": null, "gemeinde": "Schraplau, Stadt", "name": null, "ort": "Nemsdorf-Göhrendorf", "phone": null, "plz": "06268", "population": 1093, "sitz": "Weida-Land", "str": "Hauptstraße 43"}, 
{"ags": "15088355", "area": 29.65, "email": null, "gemeinde": "Steigra", "name": null, "ort": "Nemsdorf-Göhrendorf", "phone": null, "plz": "06268", "population": 1112, "sitz": "Weida-Land", "str": "Hauptstraße 43"}, 
{"ags": "15088319", "area": 109.39, "email": null, "gemeinde": "Salzatal", "name": null, "ort": "Salzatal OT Salzmünde", "phone": null, "plz": "06198", "population": 11325, "sitz": "Salzatal", "str": "Straße der Einheit 12a"}, 
{"ags": "15088330", "area": 99.73, "email": null, "gemeinde": "Schkopau", "name": null, "ort": "Schkopau", "phone": null, "plz": "06258", "population": 10937, "sitz": "Schkopau", "str": "Schulstraße 18"}, 
{"ags": "15088365", "area": 90.67, "email": null, "gemeinde": "Teutschenthal", "name": null, "ort": "Teutschenthal", "phone": null, "plz": "06179", "population": 12793, "sitz": "Teutschenthal", "str": "Am Busch 19"}, 
{"ags": "15089015", "area": 156.36, "email": null, "gemeinde": "Aschersleben, Stadt", "name": null, "ort": "Aschersleben", "phone": null, "plz": "06449", "population": 26328, "sitz": "Aschersleben, Stadt", "str": "Markt 1"}, 
{"ags": "15089030", "area": 113.53, "email": null, "gemeinde": "Bernburg (Saale), Stadt", "name": null, "ort": "Bernburg (Saale)", "phone": null, "plz": "06406", "population": 32000, "sitz": "Bernburg (Saale), Stadt", "str": "Schlossgartenstraße 16"}, 
{"ags": "15089195", "area": 125.35, "email": null, "gemeinde": "Könnern, Stadt", "name": null, "ort": "Könnern", "phone": null, "plz": "06420", "population": 8109, "sitz": "Könnern, Stadt", "str": "Markt 1"}, 
{"ags": "15089235", "area": 79.32, "email": null, "gemeinde": "Nienburg (Saale), Stadt", "name": null, "ort": "Nienburg (Saale)", "phone": null, "plz": "06429", "population": 6053, "sitz": "Nienburg (Saale), Stadt", "str": "Marktplatz 1"}, 
{"ags": "15089307", "area": 78.93, "email": null, "gemeinde": "Seeland, Stadt", "name": null, "ort": "Seeland OT Nachterstedt", "phone": null, "plz": "06469", "population": 7681, "sitz": "Seeland, Stadt", "str": "Lindenstraße 1"}, 
{"ags": "15091010", "area": 225.59, "email": null, "gemeinde": "Annaburg, Stadt", "name": null, "ort": "Annaburg", "phone": null, "plz": "06925", "population": 6528, "sitz": "Annaburg, Stadt", "str": "Torgauer Straße 52"}, 
{"ags": "15091020", "area": 160.3, "email": null, "gemeinde": "Bad Schmiedeberg, Stadt", "name": null, "ort": "Bad Schmiedeberg", "phone": null, "plz": "06905", "population": 8093, "sitz": "Bad Schmiedeberg, Stadt", "str": "Markt 10"}, 
{"ags": "15091060", "area": 295.61, "email": null, "gemeinde": "Coswig (Anhalt), Stadt", "name": null, "ort": "Coswig (Anhalt)", "phone": null, "plz": "06869", "population": 11494, "sitz": "Coswig (Anhalt), Stadt", "str": "Am Markt 1"}, 
{"ags": "15091110", "area": 159.54, "email": null, "gemeinde": "Gräfenhainichen, Stadt", "name": null, "ort": "Gräfenhainichen", "phone": null, "plz": "06773", "population": 11413, "sitz": "Gräfenhainichen, Stadt", "str": "Markt 1"}, 
{"ags": "15091145", "area": 352.25, "email": null, "gemeinde": "Jessen (Elster), Stadt", "name": null, "ort": "Jessen (Elster)", "phone": null, "plz": "06917", "population": 14150, "sitz": "Jessen (Elster), Stadt", "str": "Schloßstraße 11"}, 
{"ags": "15091160", "area": 235.25, "email": null, "gemeinde": "Kemberg, Stadt", "name": null, "ort": "Kemberg", "phone": null, "plz": "06901", "population": 9473, "sitz": "Kemberg, Stadt", "str": "Burgstraße 5"}, 
{"ags": "15091241", "area": 115.53, "email": null, "gemeinde": "Oranienbaum-Wörlitz, Stadt", "name": null, "ort": "Oranienbaum-Wörlitz", "phone": null, "plz": "06785", "population": 8063, "sitz": "Oranienbaum-Wörlitz, Stadt", "str": "Franzstraße 1"}, 
{"ags": "15091375", "area": 240.63, "email": null, "gemeinde": "Wittenberg, Lutherstadt", "name": null, "ort": "Lutherstadt Wittenberg", "phone": null, "plz": "06886", "population": 44984, "sitz": "Wittenberg, Lutherstadt", "str": "Lutherstraße 56"}, 
{"ags": "15091391", "area": 148.63, "email": null, "gemeinde": "Zahna-Elster, Stadt", "name": null, "ort": "Zahna-Elster OT Zahna", "phone": null, "plz": "06895", "population": 9143, "sitz": "Zahna-Elster, Stadt", "str": "Am Rathaus 1"}, 
{"ags": "16065003", "area": 91.06, "email": null, "gemeinde": "Bad Frankenhausen/Kyffhäuser, Stadt", "name": null, "ort": "Bad Frankenhausen/Kyffhäuser", "phone": null, "plz": "06567", "population": 9951, "sitz": "Stadtverwaltung Bad Frankenhausen/Kyffhäuser", "str": "Markt 1"}, 
{"ags": "16065087", "area": 73.08, "email": null, "gemeinde": "Roßleben-Wiehe, Stadt", "name": null, "ort": "Roßleben-Wiehe", "phone": null, "plz": "06571", "population": 7246, "sitz": "Stadtverwaltung Roßleben-Wiehe", "str": "Schulplatz 6"}, 
{"ags": "16065008", "area": 5.35, "email": null, "gemeinde": "Borxleben", "name": null, "ort": "Artern", "phone": null, "plz": "06556", "population": 285, "sitz": "EG Artern", "str": "Markt 14"}, 
{"ags": "16065019", "area": 13.49, "email": null, "gemeinde": "Gehofen", "name": null, "ort": "Artern", "phone": null, "plz": "06556", "population": 600, "sitz": "EG Artern", "str": "Markt 14"}, 
{"ags": "16065042", "area": 11.97, "email": null, "gemeinde": "Kalbsrieth", "name": null, "ort": "Artern", "phone": null, "plz": "06556", "population": 617, "sitz": "EG Artern", "str": "Markt 14"}, 
{"ags": "16065046", "area": 9.21, "email": null, "gemeinde": "Mönchpfiffel-Nikolausrieth", "name": null, "ort": "Artern", "phone": null, "plz": "06556", "population": 291, "sitz": "EG Artern", "str": "Markt 14"}, 
{"ags": "16065056", "area": 11.17, "email": null, "gemeinde": "Reinsdorf", "name": null, "ort": "Artern", "phone": null, "plz": "06556", "population": 703, "sitz": "EG Artern", "str": "Markt 14"}, 
{"ags": "16065086", "area": 45.05, "email": null, "gemeinde": "Artern, Stadt", "name": null, "ort": "Artern", "phone": null, "plz": "06556", "population": 6538, "sitz": "EG Artern", "str": "Markt 14"}, 
{"ags": "16065016", "area": 6.15, "email": null, "gemeinde": "Etzleben", "name": null, "ort": "An der Schmücke", "phone": null, "plz": "06577", "population": 266, "sitz": "EG An der Schmücke", "str": "Am Bahnhof 43"}, 
{"ags": "16065052", "area": 12.46, "email": null, "gemeinde": "Oberheldrungen", "name": null, "ort": "An der Schmücke", "phone": null, "plz": "06577", "population": 757, "sitz": "EG An der Schmücke", "str": "Am Bahnhof 43"}, 
{"ags": "16065088", "area": 95.28, "email": null, "gemeinde": "An der Schmücke, Stadt", "name": null, "ort": "An der Schmücke", "phone": null, "plz": "06577", "population": 5948, "sitz": "EG An der Schmücke", "str": "Am Bahnhof 43"}, 
{"email": "buergerservice@halle.de", "name": "Halle", "ort": "Halle", "phone": "0345-221-0-(Terminvereinbarung)", "plz": "06122", "prefix": "Bürgeramt", "str": "Am Stadion 6"}]