[{"plz": "16225", "ort": "Eberswalde", "name": "Eberswalde, Stadt", "street": "Breite Straße 41-44"}, 
{"plz": "16230", "ort": "Britz", "name": "Lunow-Stolzenhagen", "street": "Eisenwerkstraße 11"}, 
{"plz": "16244", "ort": "Schorfheide", "name": "Schorfheide", "street": "Erzbergerplatz 1"}, 
{"plz": "16247", "ort": "Joachimsthal", "name": "Joachimsthal, Stadt", "street": "Joachimsplatz 1-3"}, 
{"plz": "16259", "ort": "Falkenberg", "name": "Beiersdorf-Freudenberg", "street": "Karl-Marx-Straße 2"}, 
{"plz": "16259", "ort": "Bad Freienwalde (Oder)", "name": "Bad Freienwalde (Oder), Stadt", "street": "Karl-Marx-Straße 1"}, 
{"plz": "16269", "ort": "Wriezen", "name": "Wriezen, Stadt", "street": "Freienwalder Straße 50"}, 
{"plz": "16269", "ort": "Wriezen", "name": "Reichenow-Möglin", "street": "Freienwalder Straße 48"}, 
{"plz": "16278", "ort": "Angermünde", "name": "Angermünde, Stadt", "street": "Markt 24"}, 
{"plz": "16303", "ort": "Schwedt/Oder", "name": "Schwedt/Oder, Stadt", "street": "Dr.-Theodor-Neubauer-Straße 5"}, 
{"plz": "16307", "ort": "Gartz (Oder)", "name": "Hohenselchow-Groß Pinnow", "street": "Kleine Klosterstraße 153"}, 
{"plz": "16321", "ort": "Bernau bei Berlin", "name": "Bernau bei Berlin, Stadt", "street": "Bürgermeisterstraße 25"}, 
{"plz": "16341", "ort": "Panketal", "name": "Panketal", "street": "Schönower Straße 105"}, 
{"plz": "16348", "ort": "Wandlitz", "name": "Wandlitz", "street": "Prenzlauer Chaussee 157"}, 
{"plz": "16356", "ort": "Ahrensfelde", "name": "Ahrensfelde", "street": "Lindenberger Straße 1"}, 
{"plz": "16356", "ort": "Werneuchen", "name": "Werneuchen, Stadt", "street": "Am Markt 5"}, 
{"plz": "16359", "ort": "Biesenthal", "name": "Biesenthal, Stadt", "street": "Berliner Straße 1"}, 
{"plz": "16515", "ort": "Oranienburg", "name": "Oranienburg, Stadt", "street": "Schloßplatz 1"}, 
{"plz": "16540", "ort": "Hohen Neuendorf", "name": "Hohen Neuendorf, Stadt", "street": "Oranienburger Straße 2"}, 
{"plz": "16547", "ort": "Birkenwerder", "name": "Birkenwerder", "street": "Hauptstraße 34"}, 
{"plz": "16548", "ort": "Glienicke/Nordbahn", "name": "Glienicke/Nordbahn", "street": "Hauptstraße 18-21"}, 
{"plz": "16559", "ort": "Liebenwalde", "name": "Liebenwalde, Stadt", "street": "Marktplatz 20"}, 
{"plz": "16567", "ort": "Mühlenbecker Land OT Mühlenbeck", "name": "Mühlenbecker Land", "street": "Liebenwalder Straße 1"}, 
{"plz": "16727", "ort": "Velten", "name": "Velten, Stadt", "street": "Rathausstraße 10"}, 
{"plz": "16727", "ort": "Oberkrämer", "name": "Oberkrämer", "street": "Perwenitzer Weg 2"}, 
{"plz": "16761", "ort": "Hennigsdorf", "name": "Hennigsdorf, Stadt", "street": "Rathausplatz 1"}, 
{"plz": "16766", "ort": "Kremmen", "name": "Kremmen, Stadt", "street": "Am Markt 1"}, 
{"plz": "16767", "ort": "Leegebruch", "name": "Leegebruch", "street": "Birkenallee 1"}, 
{"plz": "16775", "ort": "Gransee", "name": "Großwoltersdorf", "street": "Baustraße 56"}, 
{"plz": "16775", "ort": "Löwenberger Land", "name": "Löwenberger Land", "street": "Alte Schulstraße 5"}, 
{"plz": "16792", "ort": "Zehdenick", "name": "Zehdenick, Stadt", "street": "Falkenthaler Chaussee 1"}, 
{"plz": "16798", "ort": "Fürstenberg/Havel", "name": "Fürstenberg/Havel, Stadt", "street": "Markt 1"}, 
{"plz": "16816", "ort": "Neuruppin", "name": "Neuruppin, Stadt", "street": "Karl-Liebknecht-Straße 33/34"}, 
{"plz": "16816", "ort": "Neuruppin", "name": "Neuruppin", "street": "Karl-Liebknecht-Str. 33/34", "phone": "03391-355-0", "email": "buergerbuero@stadtneuruppin.de"}, 
{"plz": "16818", "ort": "Walsleben", "name": "Storbeck-Frankendorf", "street": "Bergstraße 2"}, 
{"plz": "16831", "ort": "Rheinsberg", "name": "Rheinsberg, Stadt", "street": "Seestraße 21"}, 
{"plz": "16833", "ort": "Fehrbellin", "name": "Fehrbellin", "street": "Johann-Sebastian-Bach-Straße 6"}, 
{"plz": "16835", "ort": "Lindow (Mark)", "name": "Lindow (Mark), Stadt", "street": "Straße des Friedens 20"}, 
{"plz": "16845", "ort": "Neustadt (Dosse)", "name": "Neustadt (Dosse), Stadt", "street": "Bahnhofstraße 6"}, 
{"plz": "16866", "ort": "Gumtow", "name": "Gumtow", "street": "Karpatenweg 2"}, 
{"plz": "16866", "ort": "Kyritz", "name": "Kyritz, Stadt", "street": "Marktplatz 1"}, 
{"plz": "16868", "ort": "Wusterhausen/Dosse", "name": "Wusterhausen/Dosse", "street": "Am Markt 1"}, 
{"plz": "16909", "ort": "Heiligengrabe OT Heiligengrabe", "name": "Heiligengrabe", "street": "Am Birkenwäldchen 1a"}, 
{"plz": "16909", "ort": "Wittstock/Dosse", "name": "Wittstock/Dosse, Stadt", "street": "Markt 1"}, 
{"plz": "16928", "ort": "Groß Pankow (Prignitz)", "name": "Groß Pankow (Prignitz)", "street": "Steindamm 21"}, 
{"plz": "16928", "ort": "Pritzwalk", "name": "Pritzwalk, Stadt", "street": "Marktstraße 39"}, 
{"plz": "16945", "ort": "Meyenburg", "name": "Halenbeck-Rohlsdorf", "street": "Freyensteiner Straße 42"}, 
{"plz": "16949", "ort": "Putlitz", "name": "Putlitz, Stadt", "street": "Zur Burghofwiese 2"}]