{"14050": ["Berlin", "Berlin-Charlottenburg", "Berlin-Westend", "Charlottenburg", "Westend"], 
"14052": ["Berlin", "Berlin-Spandau", "Charlottenburg", "Spandau", "Westend"], 
"14053": ["Berlin", "Westend"], 
"14055": ["Berlin", "Berlin-Grunewald", "Charlottenburg", "Grunewald", "Westend"], 
"14057": ["Berlin", "Charlottenburg", "Westend"], 
"14059": ["Berlin", "Charlottenburg", "Westend"], 
"14089": ["Berlin", "Berlin-Gatow", "Berlin-Kladow", "Gatow", "Kladow", "Spandau"], 
"14109": ["Berlin", "Berlin-Nikolassee", "Berlin-Wannsee", "Nikolassee", "Wannsee"], 
"14129": ["Berlin", "Berlin-Zehlendorf", "Nikolassee", "Schlachtensee", "Zehlendorf"], 
"14163": ["Berlin", "Nikolassee"], 
"14165": ["Berlin"], 
"14167": ["Berlin", "Berlin-Lichterfelde", "Lichterfelde"], 
"14169": ["Berlin", "Berlin-Dahlem", "Berlin-Zehlendorf", "Dahlem"], 
"14193": ["Berlin", "Berlin-Grunewald", "Berlin-Nikolassee", "Berlin-Schmargendorf", "Grunewald", "Schmargendorf"], 
"14195": ["Berlin", "Berlin-Dahlem", "Berlin-Steglitz", "Berlin-Wilmersdorf", "Steglitz", "Wilmersdorf"], 
"14197": ["Berlin", "Berlin-Friedenau", "Berlin-Wilmersdorf", "Friedenau"], 
"14199": ["Berlin", "Berlin-Schmargendorf"], 
"14437": ["Steinfurt"], 
"14467": ["Berliner Vorstadt", "Berliner Vorstadt (Potsdam)", "Brandenburger Vorstadt", "Brandenburger Vorstadt (Potsdam)", "N\u00f6rdliche Innenstadt", "N\u00f6rdliche Innenstadt (Potsdam)", "Potsdam"], 
"14469": ["Bornim", "Bornstedt", "Bornstedter Feld", "Bornstedter Feld (Potsdam)", "Brandenburger Vorstadt", "Brandenburger Vorstadt (Potsdam)", "Eiche", "Golm", "Grube", "Grube (Potsdam)", "J\u00e4gervorstadt", "Nattwerder", "Nauener Vorstadt", "Nauener Vorstadt (Potsdam)", "Nedlitz", "N\u00f6rdliche Innenstadt", "N\u00f6rdliche Innenstadt (Potsdam)", "Potsdam", "Potsdam West", "Potsdam-Bornim", "Potsdam-Bornstedt", "Potsdam-Eiche", "Potsdam-Golm", "Potsdam-Grube", "Potsdam-J\u00e4gervorstadt", "Potsdam-Nedlitz", "Potsdam-Sacrow", "Sacrow"], 
"14471": ["Brandenburger Vorstadt", "Brandenburger Vorstadt (Potsdam)", "Potsdam", "Potsdam West"], 
"14473": ["N\u00f6rdliche Innenstadt", "N\u00f6rdliche Innenstadt (Potsdam)", "Potsdam", "S\u00fcdliche Innenstadt", "S\u00fcdliche Innenstadt (Potsdam)", "Teltower Vorstadt", "Teltower Vorstadt (Potsdam)", "Templiner Vorstadt", "Templiner Vorstadt (Potsdam)", "Zentrum Ost"], 
"14476": ["Fahrland", "Golm", "Gro\u00df Glienicke", "Gro\u00df Glienicke (Potsdam)", "Kartzow", "Krampnitz", "Marquardt", "Neu Fahrland", "Neu Fahrland (Potsdam)", "Paaren", "Potsdam", "Potsdam-Fahrland", "Potsdam-Golm", "Potsdam-Kartzow", "Potsdam-Krampnitz", "Potsdam-Marquardt", "Potsdam-Paaren", "Potsdam-Satzkorn", "Potsdam-Uetz", "Satzkorn", "Uetz"], 
"14478": ["Industriegel\u00e4nde", "Potsdam", "Potsdam-Industriegel\u00e4nde", "Potsdam-Schlaatz", "Schlaatz", "Teltower Vorstadt", "Teltower Vorstadt (Potsdam)", "Waldstadt I", "Waldstadt I (Potsdam)", "Waldstadt II", "Waldstadt II (Potsdam)"], 
"14480": ["Am Stern", "Am Stern (Potsdam)", "Drewitz", "Kirchsteigfeld", "Potsdam", "Potsdam-Drewitz", "Potsdam-Kirchsteigfeld"], 
"14482": ["Babelsberg Nord", "Babelsberg Nord (Potsdam)", "Babelsberg S\u00fcd", "Babelsberg S\u00fcd (Potsdam)", "Klein Glienicke", "Klein Glienicke (Potsdam)", "Potsdam"], 
"14513": ["Ruhlsdorf", "Sigridshorst", "Teltow", "Teltow (Potsdam-Mittelmark)"], 
"14532": ["G\u00fcterfelde", "Kleinmachnow", "Kleinmachnow (Potsdam-Mittelmark)", "Schenkenhorst, Stahnsdorf", "Sputendorf", "Stahnsdorf", "Stahnsdorf (Potsdam-Mittelmark)"], 
"14542": ["Bliesendorf", "Derwitz", "Glindow", "G\u00f6ttin", "Kemnitz (Werder)", "Kolonie Zern", "Leest (Werder)", "Me\u00dfdunk", "Neu T\u00f6plitz", "Petzow", "Plessow", "Pl\u00f6tzin", "Resau", "T\u00f6plitz", "Werder", "Werder (Havel)", "Werder (Potsdam-Mittelmark)"], 
"14547": ["Beelitz", "Beelitz (Potsdam-Mittelmark)", "Beelitz-Heilst\u00e4tten", "Buchholz", "Busendorf", "Elsholz", "Fichtenwalde", "K\u00f6rzin", "Reesdorf", "Rieben", "Salzbrunn", "Schlunkendorf", "Sch\u00e4pe", "Sch\u00f6nefeld", "Wittbrietzen", "Zauchwitz"], 
"14548": ["Caputh", "Ferch", "Geltow", "Schmerberg", "Schwielowsee", "Schwielowsee (Potsdam-Mittelmark)"], 
"14550": ["Bochow (Gro\u00df Kreutz)", "Deetz (Gro\u00df Kreutz)", "Gro\u00df Kreutz", "Gro\u00df Kreutz (Havel)", "Gro\u00df Kreutz (Potsdam-Mittelmark)", "G\u00f6tz", "G\u00f6tzer Berge", "Jeserig", "Krielow", "Schenkenberg (Gro\u00df Kreutz)", "Schmergow"], 
"14552": ["Fresdorf", "Langerwisch", "Michendorf", "Michendorf (Potsdam-Mittelmark)", "St\u00fccken", "Wildenbruch", "Wilhelmshorst"], 
"14554": ["K\u00e4hnsdorf", "Neuseddin", "Seddiner See", "Seddiner See (Potsdam-Mittelmark)"], 
"14558": ["Bergholz-Rehbr\u00fccke", "Fahlhorst", "Nudow", "Nuthetal", "Nuthetal (Potsdam-Mittelmark)", "Philippsthal", "Saarmund", "Tremsdorf"], 
"14612": ["Falkensee", "Finkenkrug", "Havelland-Falkensee", "Waldheim"], 
"14621": ["Gr\u00fcnefeld", "Pausin", "Perwenitz", "Sch\u00f6nwalde-Dorf", "Sch\u00f6nwalde-Glien", "Sch\u00f6nwalde-Glien (Havelland)", "Sch\u00f6nwalde-Siedlung", "Wansdorf"], 
"14624": ["Dallgow-D\u00f6beritz", "Dallgow-D\u00f6beritz (Havelland)", "Seeburg"], 
"14627": ["Elstal"], 
"14641": ["Berge", "Bergerdamm", "B\u00f6rnicke", "Dyrotz", "Gohlitz", "Gro\u00df Behnitz", "Havelland-Nauen", "Havelland-Paulinenaue", "Havelland-Pessin", "Havelland-Retzow", "Havelland-Wustermark", "Hoppenrade", "Klein Behnitz", "Lietzow (Nauen)", "Markee", "Nauen", "Neukammer", "Paulinenaue", "Pessin", "Priort", "Retzow", "Ribbeck, Nauen", "Schwanebeck", "Tietzow", "Wachow", "Waldsiedlung", "Wustermark"], 
"14656": ["Brieselang", "Havelland-Brieselang"], 
"14662": ["Br\u00e4dikow", "Friesack", "Haage", "Havelland-Friesack", "Havelland-M\u00fchlenberge", "Havelland-Wiesenaue", "M\u00fchlenberge", "Senzke", "Vietznitz", "Wagenitz", "Wiesenaue", "Wutzetz", "Zootzen"], 
"14669": ["Falkenrehde", "Gutenpaaren", "Havelland-Ketzin", "Ketzin", "Ketzin/Havel", "Tremmen"], 
"14712": ["147-Rathenow", "B\u00f6hne (Rathenow)", "Gr\u00fctz", "G\u00f6ttlin", "Rathenow", "Semlin"], 
"14715": ["147-Havelaue", "147-Kotzen", "147-Nennhausen", "147-Schollene", "147-Seeblick", "Barnewitz", "Buckow (Milower Land)", "Buschow", "B\u00fctzer", "Ferchels", "Ferchesar", "Garlitz (Havelland)", "Gro\u00dfwudicke", "Gr\u00e4ningen", "G\u00fclpe", "Havelaue", "Hohennauen", "Jerchel (Milower Land)", "Kotzen", "Mahlitz", "Milow", "Milower Land", "Milower Land (147)", "Molkenberg", "M\u00e4rkisch Luch", "M\u00e4rkisch Luch (147)", "M\u00f6thlow", "Nennhausen", "Neu-Schollene", "Neuwartensleben", "Nierow", "Nitzahn", "Parey", "Prietzen", "Schmetzdorf", "Schollene", "Seeblick", "Spaatz", "Stechow", "Stechow-Ferchesar", "Stechow-Ferchesar (147)", "Strodehne", "Vieritz", "Wolsier", "Zollchow (Milower Land)"], 
"14727": ["147-Premnitz", "D\u00f6beritz", "M\u00f6gelin", "Premnitz"], 
"14728": ["147-Gollenberg", "147-Rhinow", "Gollenberg", "G\u00f6rne", "Kle\u00dfen-G\u00f6rne", "Kle\u00dfen-G\u00f6rne (147)", "Rhinow"], 
"14770": ["Brandenburg an der Havel", "Brandenburg an der Havel (147)"], 
"14772": ["Brandenburg an der Havel", "Klein Kreutz/Saaringen"], 
"14774": ["Brandenburg an der Havel"], 
"14776": ["Brandenburg an der Havel", "Gollwitz"], 
"14778": ["147-Beetzsee", "147-Beetzseeheide", "147-Golzow", "147-P\u00e4wesin", "147-Roskow", "147-Wenzlow", "147-Wollin", "Amt Beetzsee", "Bagow", "Beetzsee", "Beetzseeheide", "Butzow", "Golzow", "Golzow, Mittelmark", "Gortz", "Grabow in L\u00fcnow", "L\u00fcnow", "Marzahne", "M\u00f6tzow", "P\u00e4wesin", "Radewege", "Roskow", "Wenzlow", "Weseram", "Wollin"], 
"14789": ["147-Bensdorf", "147-Rosenau", "147-Wusterwitz", "Bensdorf", "Rosenau", "Warchau", "Wusterwitz", "Zitz"], 
"14793": ["147-Buckautal", "147-Gr\u00e4ben", "147-Ziesar", "Amt Ziesar", "Buckau", "Buckautal", "B\u00fccknitz", "Dretzen", "Glienecke", "Grebs", "Gr\u00e4ben", "Herrenm\u00fchle", "K\u00f6pernitz", "Rottstock", "Steinberg", "Ziesar"], 
"14797": ["Damsdorf (Kloster Lehnin)", "Emstal (Kloster Lehnin)", "Grebs", "G\u00f6hlsdorf", "Kloster Lehnin", "Kloster Lehnin (147)", "Krahne", "Lehnin", "Michelsdorf (Kloster Lehnin)", "Nahmitz", "Netzen", "Pr\u00fctzke", "Reckahn", "Rotscherlinde", "Trechwitz", "Trechwitz Siedlung"], 
"14798": ["147-Havelsee", "Briest", "Fohrde", "Havelsee", "Hohenferchesar", "Pritzerbe"], 
"14806": ["Bad Belzig", "Bad Belzig (Potsdam-Mittelmark)", "Bergholz", "Borne (Bad Belzig)", "Dahnsdorf", "Gro\u00df Briesen (Bad Belzig)", "Hohenspringe", "Klein Briesen", "Klein Glien", "Kranepuhl", "Locktow", "L\u00fcbnitz", "M\u00f6rz", "Planetal", "Planetal (Potsdam-Mittelmark)", "Rag\u00f6sen (Bad Belzig)", "Werbig", "Ziezow"], 
"14822": ["Amt Br\u00fcck", "Borkheide", "Borkheide (Potsdam-Mittelmark)", "Borkwalde", "Borkwalde (Potsdam-Mittelmark)", "Br\u00fcck", "Br\u00fcck (Potsdam-Mittelmark)", "Br\u00fcck-Ausbau", "Cammer", "Damelang", "G\u00f6mnigk", "Linthe", "Linthe (Potsdam-Mittelmark)", "M\u00fchlenflie\u00df", "M\u00fchlenflie\u00df (Potsdam-Mittelmark)", "Nichel", "Niederwerbig", "Oberj\u00fcnne", "Planebruch", "Planebruch (Potsdam-Mittelmark)", "Schlalach"], 
"14823": ["Buchholz", "Buchholz b. Niemegk", "Garrey", "Grabow", "Gro\u00df Marzehns", "Grubo", "Haseloff", "Haseloff (M\u00fchlenflie\u00df)", "Hohenwerbig", "Klein Marzehns", "L\u00fchnsdorf", "Neuendorf bei Niemegk", "Niemegk", "Niemegk (Potsdam-Mittelmark)", "Raben", "Rabenstein", "Rabenstein (Potsdam-Mittelmark)", "R\u00e4digke", "W\u00fcstemark", "Zixdorf"], 
"14827": ["Benken", "Medewitzerh\u00fctten", "Neueh\u00fctten", "Reetz", "Reetzerh\u00fctten", "Reppinichen", "Schmerwitz", "Wiesenburg", "Wiesenburg (Potsdam-Mittelmark)", "Wiesenburg/Mark"], 
"14828": ["G\u00f6rzke", "G\u00f6rzke (Potsdam-Mittelmark)"], 
"14913": ["Bl\u00f6nsdorf", "Borgisdorf", "Brandenburg-J\u00fcterbog", "Brandenburg-Niederg\u00f6rsdorf", "B\u00e4rwalde", "Dahme/Mark", "Dalichow", "Danna", "Dennewitz", "Eckmannsdorf", "Fr\u00f6hden", "Gr\u00e4fendorf", "Gr\u00fcna", "G\u00f6lsdorf", "Herbersdorf", "Hoheng\u00f6rsdorf", "Hohenseefeld", "J\u00fcterbog", "Kaltenborn", "Kloster Zinna", "Kurzlipsdorf", "Langenlipsdorf", "Lichterfelde", "Lindow", "Malterhausen", "Markendorf", "Meinsdorf", "Mellnsdorf", "Neuheim", "Neuhof", "Niederer Fl\u00e4ming", "Niederer Fl\u00e4ming (Brandenburg)", "Niederg\u00f6rsdorf", "Niederseefeld", "Oehna", "Reinsdorf (Niederer Fl\u00e4ming)", "Rinow", "Rohrbeck", "Schlenzer", "Seehausen", "Sernow", "Welsickendorf", "Werbig", "Werder", "Wergzahna", "Wiepersdorf", "W\u00f6lmsdorf"], 
"14929": ["Bardenitz", "Brachwitz (Treuenbrietzen)", "Brandenburg-Treuenbrietzen", "Feldheim", "Klausdorf", "L\u00fcdendorf", "L\u00fchsdorf", "Marzahna", "Niebel (Treuenbrietzen)", "Pfl\u00fcgkuff", "Rietz", "Rietz-Ausbau", "Schm\u00f6gelsdorf", "Schwabeck", "Tiefenbrunnen (Treuenbrietzen)", "Treuenbrietzen", "Zeuden"], 
"14943": ["Brandenburg-Luckenwalde", "Frankenfelde", "Kolzenburg", "Luckenwalde", "Ruhlsdorf", "St\u00fclpe"], 
"14947": ["Dobbrikow", "D\u00fcmde", "Felgentreu", "Frankenf\u00f6rde", "Hennickendorf", "J\u00e4nickendorf", "Kemnitz", "Lynow", "Nettgendorf", "Nuthe-Urstromtal", "Nuthe-Urstromtal (Brandenburg)", "Scharfenbr\u00fcck", "Sch\u00f6nefeld", "Woltersdorf", "Z\u00fclichendorf"], 
"14959": ["Blankensee (Trebbin)", "Brandenburg-Trebbin", "Christinendorf", "Friedensstadt Wei\u00dfenberg", "Glau", "Gro\u00dfbeuthen", "Klein Schulzendorf", "Kleinbeuthen", "Kliestow", "L\u00f6wendorf", "L\u00fcdersdorf", "M\u00e4rkisch Wilmersdorf", "Sch\u00f6nhagen", "Stangenhagen", "Trebbin", "Wiesenhagen"], 
"14974": ["Brandenburg-Ludwigsfelde", "Genshagen", "Gro\u00df Schulzendorf", "Ludwigsfelde", "Mietgendorf", "Wietstock"], 
"14979": ["Brandenburg-Gro\u00dfbeeren", "Diedersdorf (Gro\u00dfbeeren)", "Gro\u00dfbeeren", "Heinersdorf", "Kleinbeeren"]}