[{"plz": "69115", "ort": "Heidelberg", "name": "Heidelberg Mitte (Bahnstadt, Bergheim, Südstadt, Weststadt)", "street": "Bergheimer Str. 69", "phone": "06221-58-47980", "email": "buergeramt-mitte@heidelberg.de"}, 
{"plz": "69117", "ort": "Heidelberg", "name": "Heidelberg Altstadt", "street": "Marktplatz 10", "phone": "06221-58-13810", "email": "buergeramt-altstadt@heidelberg.de"}, 
{"plz": "69118", "ort": "Heidelberg", "name": "Heidelberg Ziegelhausen/Schlierbach", "street": "Kleingemünder Str. 18", "phone": "06221-5813-840", "email": "buergeramt-ziegelhausen@heidelberg.de"}, 
{"plz": "69120", "ort": "Heidelberg", "name": "Heidelberg Neuenheim", "street": "Rahmengasse 21", "phone": "06221-5813-830", "email": "buergeramt-neuenheim@heidelberg.de"}, 
{"plz": "69121", "ort": "Heidelberg", "name": "Heidelberg Handschuhsheim", "street": "Dossenheimer Landstr. 13", "phone": "06221-5813-820", "email": "buergeramt-handschuhsheim@heidelberg.de"}, 
{"plz": "69123", "ort": "Heidelberg", "name": "Heidelberg Wieblingen", "street": "Mannheimer Str. 259", "phone": "06221-5813-890", "email": "buergeramt-wieblingen@heidelberg.de"}, 
{"plz": "69123", "ort": "Heidelberg", "name": "Heidelberg Pfaffengrund", "street": "Am Markt 21", "phone": "06221-5813-870", "email": "buergeramt-pfaffengrund@heidelberg.de"}, 
{"plz": "69124", "ort": "Heidelberg", "name": "Heidelberg Kirchheim", "street": "Schwetzinger Str. 20", "phone": "06221-5813-860", "email": "buergeramt-kirchheim@heidelberg.de"}, 
{"plz": "69126", "ort": "Heidelberg", "name": "Heidelberg Boxberg/Emmertsgrund", "street": "Emmertsgrundpassage 17", "phone": "06221-5813-850", "email": "buergeramt-emmertsgrund@heidelberg.de"}, 
{"plz": "69126", "ort": "Heidelberg", "name": "Heidelberg Rohrbach", "street": "Seckenheimer Gässchen 1", "phone": "06221-5813-880", "email": "buergeramt-rohrbach@heidelberg.de"}, 
{"plz": "69151", "ort": "Neckargemünd", "name": "Neckargemünd, Stadt", "street": "Bahnhofstraße 54"}, 
{"plz": "69168", "ort": "Wiesloch", "name": "Wiesloch, Stadt", "street": "Marktstraße 13"}, 
{"plz": "69181", "ort": "Leimen", "name": "Leimen, Stadt", "street": "Rathausstraße 8"}, 
{"plz": "69190", "ort": "Walldorf", "name": "Walldorf, Stadt", "street": "Nußlocher Straße 45"}, 
{"plz": "69198", "ort": "Schriesheim", "name": "Schriesheim, Stadt", "street": "Friedrichstraße 28-30"}, 
{"plz": "69207", "ort": "Sandhausen", "name": "Sandhausen", "street": "Bahnhofstraße 10"}, 
{"plz": "69214", "ort": "Eppelheim", "name": "Eppelheim, Stadt", "street": "Schulstraße 2"}, 
{"plz": "69221", "ort": "Dossenheim", "name": "Dossenheim", "street": "Rathausplatz 1"}, 
{"plz": "69226", "ort": "Nußloch", "name": "Nußloch", "street": "Sinsheimer Straße 19"}, 
{"plz": "69231", "ort": "Rauenberg", "name": "Rauenberg, Stadt", "street": "Wieslocher Straße 21"}, 
{"plz": "69234", "ort": "Dielheim", "name": "Dielheim", "street": "Hauptstraße 37"}, 
{"plz": "69239", "ort": "Neckarsteinach", "name": "Neckarsteinach, Stadt", "street": "Hauptstraße 7"}, 
{"plz": "69242", "ort": "Mühlhausen", "name": "Mühlhausen", "street": "Schulstraße 6"}, 
{"plz": "69245", "ort": "Bammental", "name": "Bammental", "street": "Hauptstraße 71"}, 
{"plz": "69250", "ort": "Schönau", "name": "Heiligkreuzsteinach", "street": "Postfach 150"}, 
{"plz": "69250", "ort": "Schönau", "name": "Schönau, Stadt", "street": "Rathausstraße 28"}, 
{"plz": "69251", "ort": "Gaiberg", "name": "Gaiberg", "street": "Hauptstraße 44"}, 
{"plz": "69253", "ort": "Heiligkreuzsteinach", "name": "Heiligkreuzsteinach", "street": "Silberne Bergstraße 3"}, 
{"plz": "69254", "ort": "Malsch", "name": "Malsch", "street": "Kirchberg 10"}, 
{"plz": "69256", "ort": "Mauer", "name": "Mauer", "street": "Heidelberger Straße 34"}, 
{"plz": "69257", "ort": "Wiesenbach", "name": "Wiesenbach", "street": "Hauptstraße  26"}, 
{"plz": "69259", "ort": "Wilhelmsfeld", "name": "Wilhelmsfeld", "street": "Johann-Wilhelm-Straße 61"}, 
{"plz": "69412", "ort": "Eberbach", "name": "Eberbach, Stadt", "street": "Leopoldsplatz 1"}, 
{"plz": "69427", "ort": "Mudau", "name": "Mudau", "street": "Schloßauer Straße 2"}, 
{"plz": "69429", "ort": "Waldbrunn", "name": "Waldbrunn", "street": "Alte Marktstraße 4"}, 
{"plz": "69434", "ort": "Heddesbach", "name": "Heddesbach", "street": "Hauptstraße 2"}, 
{"plz": "69434", "ort": "Hirschhorn (Neckar)", "name": "Hirschhorn (Neckar), Stadt", "street": "Hauptstraße 17"}, 
{"plz": "69436", "ort": "Schönbrunn", "name": "Schönbrunn", "street": "Herdestraße 2"}, 
{"plz": "69437", "ort": "Neckargerach", "name": "Neckargerach", "street": "Hauptstraße 25"}, 
{"plz": "69439", "ort": "Zwingenberg", "name": "Zwingenberg", "street": "Alte Dorfstraße 8"}, 
{"plz": "69469", "ort": "Weinheim", "name": "Weinheim, Stadt", "street": "Obertorstraße 9"}, 
{"plz": "69483", "ort": "Wald-Michelbach", "name": "Wald-Michelbach", "street": "In der Gass 17"}, 
{"plz": "69488", "ort": "Birkenau", "name": "Birkenau", "street": "Hauptstraße 119"}, 
{"plz": "69493", "ort": "Hirschberg an der Bergstraße", "name": "Hirschberg an der Bergstraße", "street": "Großsachsener Straße 14"}, 
{"plz": "69502", "ort": "Hemsbach", "name": "Hemsbach, Stadt", "street": "Schloßgasse 41"}, 
{"plz": "69509", "ort": "Mörlenbach", "name": "Mörlenbach", "street": "Rathausplatz 1"}, 
{"plz": "69514", "ort": "Laudenbach", "name": "Laudenbach", "street": "Untere Straße 2"}, 
{"plz": "69517", "ort": "Gorxheimertal", "name": "Gorxheimertal", "street": "Siedlungsstraße 35"}, 
{"plz": "69518", "ort": "Abtsteinach", "name": "Abtsteinach", "street": "Kirchstraße 2"}]