[{"plz": "65183", "ort": "Wiesbaden", "name": "Wiesbaden, Landeshauptstadt", "street": "Schlossplatz 6"}, 
{"plz": "65183", "ort": "Wiesbaden", "name": "Wiesbaden", "street": "Marktstr. 18 (hinter dem alten Rathaus)", "phone": "0611-31-3344", "email": "buergerbuero@wiesbaden.de"}, 
{"plz": "65191", "ort": "Wiesbaden", "name": "Wiesbaden Bierstadt", "street": "Poststr. 11 A", "phone": "0611-31-7240", "email": "ortsverwaltung-bierstadt@wiesbaden.de"}, 
{"plz": "65193", "ort": "Wiesbaden", "name": "Wiesbaden Sonnenberg", "street": "Kreuzbergstr. 6", "phone": "0611-31-3767", "email": "ortsverwaltung-sonnenberg@wiesbaden.de"}, 
{"plz": "65199", "ort": "Wiesbaden", "name": "Wiesbaden Dotzheim", "street": "Dörrgasse 2", "phone": "0611-31-8711", "email": "ortsverwaltung-dotzheim@wiesbaden.de"}, 
{"plz": "65201", "ort": "Wiesbaden", "name": "Wiesbaden Schierstein", "street": "Karl-Lehr-Str. 6", "phone": "0611-31-8464", "email": "ortsverwaltung-schierstein@wiesbaden.de"}, 
{"plz": "65203", "ort": "Wiesbaden", "name": "Wiesbaden Biebrich", "street": "Rathausstr. 63", "phone": "0611-31-9110", "email": "ortsverwaltung-biebrich@wiesbaden.de"}, 
{"plz": "65205", "ort": "Wiesbaden", "name": "Wiesbaden Delkenheim", "street": "Rathausplatz 2", "phone": "06122-508-0", "email": "ortsverwaltung-delkenheim@wiesbaden.de"}, 
{"plz": "65205", "ort": "Wiesbaden", "name": "Wiesbaden Nordenstadt", "street": "Hessenring 46", "phone": "06122-800-70", "email": "ortsverwaltung-nordenstadt@wiesbaden.de"}, 
{"plz": "65207", "ort": "Wiesbaden", "name": "Wiesbaden Breckenheim", "street": "Am Rathaus 5", "phone": "06122-132-94", "email": "ortsverwaltung-breckenheim@wiesbaden.de"}, 
{"plz": "65207", "ort": "Wiesbaden", "name": "Wiesbaden Auringen", "street": "Kirchenhügel 3", "phone": "06127-70581-0", "email": "ortsverwaltung-auringen@wiesbaden.de"}, 
{"plz": "65207", "ort": "Wiesbaden", "name": "Wiesbaden Medenbach", "street": "Fritz-Erler-Str. 41", "phone": "06122-133-80", "email": "ortsverwaltung-medenbach@wiesbaden.de"}, 
{"plz": "65207", "ort": "Wiesbaden", "name": "Wiesbaden Naurod", "street": "Fondetter Str. 2", "phone": "06127-99178-0", "email": "ortsverwaltung-naurod@wiesbaden.de"}, 
{"plz": "65232", "ort": "Taunusstein", "name": "Taunusstein, Stadt", "street": "Aarstraße 150"}, 
{"plz": "65239", "ort": "Hochheim am Main", "name": "Hochheim am Main, Stadt", "street": "Burgeffstraße 30 / Le-Pontet-Platz"}, 
{"plz": "65307", "ort": "Bad Schwalbach", "name": "Bad Schwalbach, Kreisstadt", "street": "Adolfstraße 38"}, 
{"plz": "65321", "ort": "Heidenrod", "name": "Heidenrod", "street": "Rathausstraße 9"}, 
{"plz": "65326", "ort": "Aarbergen", "name": "Aarbergen", "street": "Scheidertalstraße 1"}, 
{"plz": "65329", "ort": "Hohenstein", "name": "Hohenstein", "street": "Schwalbacher Straße 1"}, 
{"plz": "65343", "ort": "Eltville am Rhein", "name": "Eltville am Rhein, Stadt", "street": "Gutenbergstraße 13"}, 
{"plz": "65366", "ort": "Geisenheim", "name": "Geisenheim, Hochschulstadt", "street": "Rüdesheimer Straße 48"}, 
{"plz": "65375", "ort": "Oestrich-Winkel", "name": "Oestrich-Winkel, Stadt", "street": "Paul-Gerhardt-Weg 1"}, 
{"plz": "65385", "ort": "Rüdesheim am Rhein", "name": "Rüdesheim am Rhein, Stadt", "street": "Markt 16"}, 
{"plz": "65388", "ort": "Schlangenbad", "name": "Schlangenbad", "street": "Rheingauer Straße 23"}, 
{"plz": "65391", "ort": "Lorch", "name": "Lorch, Stadt", "street": "Markt 5"}, 
{"plz": "65396", "ort": "Walluf", "name": "Walluf", "street": "Mühlstraße 40"}, 
{"plz": "65399", "ort": "Kiedrich", "name": "Kiedrich", "street": "Marktstraße 27"}, 
{"plz": "65428", "ort": "Rüsselsheim am Main", "name": "Rüsselsheim am Main, Stadt", "street": "Marktplatz 4"}, 
{"plz": "65428", "ort": "Rüsselsheim am Main", "name": "Rüsselsheim am Main InnenStadtbüro", "street": "Mainstr. 7", "phone": "06142-832-940", "email": "buergerservice@ruesselsheim.de"}, 
{"plz": "65428", "ort": "Rüsselsheim", "name": "Rüsselsheim Dicker Busch", "street": "Virchowstr. 5-7\nEinkaufszentrum", "phone": "06142-832-900", "email": "buergerservice@ruesselsheim.de"}, 
{"plz": "65439", "ort": "Flörsheim am Main", "name": "Flörsheim am Main, Stadt", "street": "Rathausplatz 3"}, 
{"plz": "65451", "ort": "Kelsterbach", "name": "Kelsterbach, Stadt", "street": "Mörfelder Straße 33"}, 
{"plz": "65462", "ort": "Ginsheim-Gustavsburg", "name": "Ginsheim-Gustavsburg, Stadt", "street": "Dr.-Herrmann-Straße 32"}, 
{"plz": "65468", "ort": "Trebur", "name": "Trebur", "street": "Herrngasse 3"}, 
{"plz": "65474", "ort": "Bischofsheim", "name": "Bischofsheim", "street": "Schulstraße 13"}, 
{"plz": "65479", "ort": "Raunheim", "name": "Raunheim, Stadt", "street": "Am Stadtzentrum 1"}, 
{"plz": "65510", "ort": "Idstein", "name": "Idstein, Hochschulstadt", "street": "König-Adolf-Platz 2"}, 
{"plz": "65510", "ort": "Hünstetten", "name": "Hünstetten", "street": "Im Lagersboden 5"}, 
{"plz": "65520", "ort": "Bad Camberg", "name": "Bad Camberg, Stadt", "street": "Am Amthof 15"}, 
{"plz": "65527", "ort": "Niedernhausen", "name": "Niedernhausen", "street": "Wilrijkplatz"}, 
{"plz": "65529", "ort": "Waldems", "name": "Waldems", "street": "Schulgasse 2"}, 
{"plz": "65549", "ort": "Limburg a. d. Lahn", "name": "Limburg a. d. Lahn, Kreisstadt", "street": "Über der Lahn 1"}, 
{"plz": "65582", "ort": "Diez", "name": "Charlottenberg", "street": "Louise-Seher-Straße 1"}, 
{"plz": "65589", "ort": "Hadamar", "name": "Hadamar, Stadt", "street": "Untermarkt 1"}, 
{"plz": "65594", "ort": "Runkel", "name": "Runkel, Stadt", "street": "Burgstraße 4"}, 
{"plz": "65597", "ort": "Hünfelden", "name": "Hünfelden", "street": "Le Thillay-Platz"}, 
{"plz": "65599", "ort": "Dornburg", "name": "Dornburg", "street": "Egenolfstraße 26"}, 
{"plz": "65604", "ort": "Elz", "name": "Elz", "street": "Rathausstraße 39"}, 
{"plz": "65606", "ort": "Villmar", "name": "Villmar, Marktflecken", "street": "Peter-Paul-Straße 30"}, 
{"plz": "65611", "ort": "Brechen", "name": "Brechen", "street": "Marktstraße 1"}, 
{"plz": "65614", "ort": "Beselich", "name": "Beselich", "street": "Steinbacher Straße 10"}, 
{"plz": "65618", "ort": "Selters (Taunus)", "name": "Selters (Taunus)", "street": "Brunnenstraße 46"}, 
{"plz": "65620", "ort": "Waldbrunn (Westerwald)", "name": "Waldbrunn (Westerwald)", "street": "Hauser Kirchweg 4"}, 
{"plz": "65627", "ort": "Elbtal", "name": "Elbtal", "street": "Rathausstraße 1"}, 
{"plz": "65719", "ort": "Hofheim am Taunus", "name": "Hofheim am Taunus, Kreisstadt", "street": "Chinonplatz 2"}, 
{"plz": "65760", "ort": "Eschborn", "name": "Eschborn, Stadt", "street": "Rathausplatz 36"}, 
{"plz": "65779", "ort": "Kelkheim (Taunus)", "name": "Kelkheim (Taunus), Stadt", "street": "Gagernring 6"}, 
{"plz": "65795", "ort": "Hattersheim am Main", "name": "Hattersheim am Main, Stadt", "street": "Im Nassauer Hof  1-3"}, 
{"plz": "65812", "ort": "Bad Soden am Taunus", "name": "Bad Soden am Taunus, Stadt", "street": "Königsteiner Straße 73"}, 
{"plz": "65817", "ort": "Eppstein", "name": "Eppstein, Stadt", "street": "Hauptstraße 99"}, 
{"plz": "65824", "ort": "Schwalbach am Taunus", "name": "Schwalbach am Taunus, Stadt", "street": "Marktplatz 1-2"}, 
{"plz": "65830", "ort": "Kriftel", "name": "Kriftel", "street": "Frankfurter Straße 33-37"}, 
{"plz": "65835", "ort": "Liederbach am Taunus", "name": "Liederbach am Taunus", "street": "Villebon-Platz 9-11"}, 
{"plz": "65843", "ort": "Sulzbach (Taunus)", "name": "Sulzbach (Taunus)", "street": "Hauptstraße 11"}, 
{"plz": "65929", "ort": "Frankfurt", "name": "Frankfurt Höchst - Team 1", "street": "Dalbergstr. 14", "phone": "069-212-45602", "email": "buergeramt.zentrale@stadt-frankfurt.de"}]