[{"plz": "73033", "ort": "Göppingen", "name": "Göppingen, Stadt", "street": "Hauptstraße 1"}, 
{"plz": "73033", "ort": "Göppingen", "name": "Göppingen", "street": "Hauptstr. 1", "phone": "07161-650-0", "email": "buergerbuero@goeppingen.de"}, 
{"plz": "73035", "ort": "Göppingen", "name": "Göppingen Bezirksamt Bezgenried", "street": "Badstr. 30", "phone": "07161-65096-220", "email": "bezgenriet@goeppingen.de"}, 
{"plz": "73035", "ort": "Göppingen", "name": "Göppingen Bezirksamt Bartenbach", "street": "Brunnenstr. 5", "phone": "07161-65096-210", "email": "bartenbach@goeppingen.de"}, 
{"plz": "73035", "ort": "Göppingen", "name": "Göppingen Bezirksamt Jebenhausen", "street": "Boller Str. 12", "phone": "07161-65096-240", "email": "jebenhausen@goeppingen.de"}, 
{"plz": "73035", "ort": "Göppingen", "name": "Göppingen Bezirksamt Faurndau", "street": "Bismarckstr. 6", "phone": "07161-65096-270", "email": "faurndau@goeppingen.de"}, 
{"plz": "73037", "ort": "Göppingen", "name": "Göppingen Bezirksamt Hohenstaufen", "street": "Reichsdorfstr. 34", "phone": "07161-65096-250", "email": "hohenstaufen@goeppingen.de"}, 
{"plz": "73037", "ort": "Göppingen", "name": "Göppingen Bezirksamt Holzheim", "street": "Schlater Str. 1", "phone": "07161-65096-232", "email": "holzheim@goeppingen.de"}, 
{"plz": "73037", "ort": "Göppingen", "name": "Göppingen Bezirksamt Maitis", "street": "Gmünder Str. 32", "phone": "07161-65096-260", "email": "maitis@goeppingen.de"}, 
{"plz": "73054", "ort": "Eislingen/Fils", "name": "Eislingen/Fils, Stadt", "street": "Schlossplatz 1"}, 
{"plz": "73061", "ort": "Ebersbach an der Fils", "name": "Ebersbach an der Fils, Stadt", "street": "Marktplatz 1"}, 
{"plz": "73066", "ort": "Uhingen", "name": "Uhingen, Stadt", "street": "Kirchstraße 2"}, 
{"plz": "73072", "ort": "Donzdorf", "name": "Gingen an der Fils", "street": "Rathaus"}, 
{"plz": "73072", "ort": "Donzdorf", "name": "Donzdorf, Stadt", "street": "Schloß 1-4"}, 
{"plz": "73079", "ort": "Süßen", "name": "Süßen, Stadt", "street": "Heidenheimer Straße 30"}, 
{"plz": "73084", "ort": "Salach", "name": "Salach", "street": "Rathausplatz 1"}, 
{"plz": "73087", "ort": "Boll", "name": "Zell unter Aichelberg", "street": "Erlengarten 1"}, 
{"plz": "73087", "ort": "Bad Boll", "name": "Bad Boll", "street": "Hauptstraße 94"}, 
{"plz": "73092", "ort": "Heiningen", "name": "Eschenbach", "street": "Hauptstraße 30"}, 
{"plz": "73095", "ort": "Albershausen", "name": "Albershausen", "street": "Kirchstraße 1"}, 
{"plz": "73098", "ort": "Rechberghausen", "name": "Rechberghausen", "street": "Amtsgasse 4"}, 
{"plz": "73099", "ort": "Adelberg", "name": "Adelberg", "street": "Vordere Hauptstraße 2"}, 
{"plz": "73101", "ort": "Aichelberg", "name": "Aichelberg", "street": "Vorderbergstraße 2"}, 
{"plz": "73102", "ort": "Birenbach", "name": "Birenbach", "street": "Marktplatz 1"}, 
{"plz": "73104", "ort": "Börtlingen", "name": "Börtlingen", "street": "Hauptstraße 54"}, 
{"plz": "73105", "ort": "Dürnau", "name": "Dürnau", "street": "Hauptstraße 16"}, 
{"plz": "73107", "ort": "Eschenbach", "name": "Eschenbach", "street": "Lotenbergstraße 6"}, 
{"plz": "73108", "ort": "Gammelshausen", "name": "Gammelshausen", "street": "Hauptstraße 19"}, 
{"plz": "73110", "ort": "Hattenhofen", "name": "Hattenhofen", "street": "Hauptstraße 45"}, 
{"plz": "73111", "ort": "Lauterstein", "name": "Lauterstein, Stadt", "street": "Hauptstraße 75"}, 
{"plz": "73113", "ort": "Ottenbach", "name": "Ottenbach", "street": "Hauptstraße 4"}, 
{"plz": "73114", "ort": "Schlat", "name": "Schlat", "street": "Hauptstraße 2"}, 
{"plz": "73116", "ort": "Wäschenbeuren", "name": "Wäschenbeuren", "street": "Manfred-Wörner-Platz 1"}, 
{"plz": "73117", "ort": "Wangen", "name": "Wangen", "street": "Pfarrberg 2"}, 
{"plz": "73119", "ort": "Zell unter Aichelberg", "name": "Zell unter Aichelberg", "street": "Lindenstraße 1-3"}, 
{"plz": "73207", "ort": "Plochingen", "name": "Plochingen, Stadt", "street": "Schulstraße 5-7"}, 
{"plz": "73230", "ort": "Kirchheim unter Teck", "name": "Kirchheim unter Teck, Stadt", "street": "Marktstraße 14"}, 
{"plz": "73235", "ort": "Weilheim an der Teck", "name": "Weilheim an der Teck, Stadt", "street": "Marktplatz 6"}, 
{"plz": "73240", "ort": "Wendlingen am Neckar", "name": "Wendlingen am Neckar, Stadt", "street": "Am Marktplatz 2"}, 
{"plz": "73249", "ort": "Wernau (Neckar)", "name": "Wernau (Neckar), Stadt", "street": "Kirchheimer Straße 68-70"}, 
{"plz": "73252", "ort": "Lenningen", "name": "Erkenbrechtsweiler", "street": "Marktplatz 1"}, 
{"plz": "73257", "ort": "Köngen", "name": "Köngen", "street": "Stöffler Platz 1"}, 
{"plz": "73262", "ort": "Reichenbach an der Fils", "name": "Reichenbach an der Fils", "street": "Hauptstraße 7"}, 
{"plz": "73265", "ort": "Dettingen unter Teck", "name": "Dettingen unter Teck", "street": "Schulstraße 4"}, 
{"plz": "73266", "ort": "Bissingen an der Teck", "name": "Bissingen an der Teck", "street": "Vordere Straße 45"}, 
{"plz": "73268", "ort": "Erkenbrechtsweiler", "name": "Erkenbrechtsweiler", "street": "Uracher Straße 2"}, 
{"plz": "73269", "ort": "Hochdorf", "name": "Hochdorf", "street": "Eichendorffstraße 6"}, 
{"plz": "73271", "ort": "Holzmaden", "name": "Holzmaden", "street": "Bahnhofstraße 2"}, 
{"plz": "73272", "ort": "Neidlingen", "name": "Neidlingen", "street": "Kelterstraße 1"}, 
{"plz": "73274", "ort": "Notzingen", "name": "Notzingen", "street": "Bachstraße 50"}, 
{"plz": "73275", "ort": "Ohmden", "name": "Ohmden", "street": "Hauptstraße 18"}, 
{"plz": "73277", "ort": "Owen", "name": "Owen, Stadt", "street": "Rathausstraße 8"}, 
{"plz": "73278", "ort": "Schlierbach", "name": "Schlierbach", "street": "Hölzerstraße 1"}, 
{"plz": "73312", "ort": "Geislingen an der Steige", "name": "Geislingen an der Steige, Stadt", "street": "Hauptstraße 1"}, 
{"plz": "73326", "ort": "Deggingen", "name": "Bad Ditzenbach", "street": "Bahnhofstraße 9"}, 
{"plz": "73329", "ort": "Kuchen", "name": "Kuchen", "street": "Marktplatz 11"}, 
{"plz": "73333", "ort": "Gingen an der Fils", "name": "Gingen an der Fils", "street": "Bahnhofstraße 25"}, 
{"plz": "73337", "ort": "Bad Überkingen", "name": "Bad Überkingen", "street": "Gartenstraße 1"}, 
{"plz": "73340", "ort": "Amstetten", "name": "Amstetten", "street": "Lonetalstraße 19"}, 
{"plz": "73342", "ort": "Bad Ditzenbach", "name": "Bad Ditzenbach", "street": "Hauptstraße 40"}, 
{"plz": "73344", "ort": "Gruibingen", "name": "Gruibingen", "street": "Hauptstraße 18"}, 
{"plz": "73345", "ort": "Hohenstadt", "name": "Hohenstadt", "street": "Schulstraße 9"}, 
{"plz": "73345", "ort": "Drackenstein", "name": "Drackenstein", "street": "Hauptstraße 28"}, 
{"plz": "73347", "ort": "Mühlhausen im Täle", "name": "Mühlhausen im Täle", "street": "Gosbacher Straße 16"}, 
{"plz": "73349", "ort": "Wiesensteig", "name": "Wiesensteig, Stadt", "street": "Hauptstraße 25"}, 
{"plz": "73430", "ort": "Aalen", "name": "Aalen, Stadt", "street": "Marktplatz 30", "phone": "07361-52-1087", "email": "buergeramt@aalen.de"}, 
{"plz": "73432", "ort": "Aalen", "name": "Aalen Rathaus Waldhausen", "street": "Deutschordenstr. 19", "phone": "07367-9618-11", "email": "rathaus.waldhausen@aalen.de"}, 
{"plz": "73433", "ort": "Aalen", "name": "Aalen Rathaus Hofen", "street": "Dorfstr. 9", "phone": "07361-9771-40", "email": "rathaus.hofen@aalen.de"}, 
{"plz": "73433", "ort": "Aalen", "name": "Aalen Rathaus Wasseralfingen", "street": "Stefansplatz 3", "phone": "07361-9791-29", "email": "rathaus.wasseralfingen@aalen.de"}, 
{"plz": "73434", "ort": "Aalen", "name": "Aalen Rathaus Fachsenfeld", "street": "Waiblinger Str. 1", "phone": "07366-9612-12", "email": "rathaus.fachsenfeld@aalen.de"}, 
{"plz": "73441", "ort": "Bopfingen", "name": "Kirchheim am Ries", "street": "Marktplatz 1"}, 
{"plz": "73447", "ort": "Oberkochen", "name": "Oberkochen, Stadt", "street": "Eugen-Bolz-Platz 1"}, 
{"plz": "73450", "ort": "Neresheim", "name": "Neresheim, Stadt", "street": "Hauptstraße 20"}, 
{"plz": "73453", "ort": "Abtsgmünd", "name": "Abtsgmünd", "street": "Rathausplatz 1"}, 
{"plz": "73457", "ort": "Essingen", "name": "Essingen", "street": "Rathausgasse 9"}, 
{"plz": "73460", "ort": "Hüttlingen", "name": "Hüttlingen", "street": "Schulstraße 10"}, 
{"plz": "73463", "ort": "Westhausen", "name": "Lauchheim, Stadt", "street": "Jahnstraße 2"}, 
{"plz": "73466", "ort": "Lauchheim", "name": "Lauchheim, Stadt", "street": "Hauptstraße 28"}, 
{"plz": "73467", "ort": "Kirchheim am Ries", "name": "Kirchheim am Ries", "street": "Auf dem Wört 7"}, 
{"plz": "73469", "ort": "Riesbürg", "name": "Riesbürg", "street": "Hauptstraße 13"}, 
{"plz": "73479", "ort": "Ellwangen (Jagst)", "name": "Ellwangen (Jagst), Stadt", "street": "Spitalstraße 4"}, 
{"plz": "73485", "ort": "Unterschneidheim", "name": "Unterschneidheim", "street": "Mühlweg 5"}, 
{"plz": "73486", "ort": "Adelmannsfelden", "name": "Adelmannsfelden", "street": "Hauptstraße 71"}, 
{"plz": "73488", "ort": "Ellenberg", "name": "Ellenberg", "street": "Hauptstraße 25"}, 
{"plz": "73489", "ort": "Jagstzell", "name": "Jagstzell", "street": "Hauptstraße 6"}, 
{"plz": "73491", "ort": "Neuler", "name": "Neuler", "street": "Hauptstraße 15"}, 
{"plz": "73492", "ort": "Rainau", "name": "Rainau", "street": "Schloßberg 12"}, 
{"plz": "73494", "ort": "Rosenberg", "name": "Rosenberg", "street": "Hallerstraße 15"}, 
{"plz": "73495", "ort": "Stödtlen", "name": "Stödtlen", "street": "Rathausstraße 11"}, 
{"plz": "73497", "ort": "Tannhausen", "name": "Unterschneidheim", "street": "Hauptstraße 54"}, 
{"plz": "73499", "ort": "Wört", "name": "Wört", "street": "Hauptstraße 104"}, 
{"plz": "73525", "ort": "Schwäbisch Gmünd", "name": "Schwäbisch Gmünd, Stadt", "street": "Marktplatz 1", "phone": "07171-603-331", "email": "buergerbuero@schwaebisch-gmuend.de"}, 
{"plz": "73527", "ort": "Täferrot", "name": "Täferrot", "street": "Durlanger Straße 2"}, 
{"plz": "73540", "ort": "Heubach", "name": "Böbingen an der Rems", "street": "Hauptstraße 53"}, 
{"plz": "73547", "ort": "Lorch", "name": "Lorch, Stadt", "street": "Hauptstraße 19"}, 
{"plz": "73550", "ort": "Waldstetten", "name": "Waldstetten", "street": "Hauptstraße 1"}, 
{"plz": "73553", "ort": "Alfdorf", "name": "Alfdorf", "street": "Obere Schloßstraße 28"}, 
{"plz": "73557", "ort": "Mutlangen", "name": "Ruppertshofen", "street": "Postfach 29"}, 
{"plz": "73557", "ort": "Mutlangen", "name": "Mutlangen", "street": "Hauptstraße 22"}, 
{"plz": "73560", "ort": "Böbingen an der Rems", "name": "Böbingen an der Rems", "street": "Römerstraße 2"}, 
{"plz": "73563", "ort": "Mögglingen", "name": "Mögglingen", "street": "Zehnthof 1"}, 
{"plz": "73565", "ort": "Spraitbach", "name": "Spraitbach", "street": "Kirchplatz 1"}, 
{"plz": "73566", "ort": "Bartholomä", "name": "Bartholomä", "street": "Beckengasse 14"}, 
{"plz": "73568", "ort": "Durlangen", "name": "Durlangen", "street": "Hermann-Löns-Weg 5"}, 
{"plz": "73569", "ort": "Eschach", "name": "Obergröningen", "street": "Rathausplatz 1"}, 
{"plz": "73571", "ort": "Göggingen", "name": "Göggingen", "street": "Hauptstraße 46"}, 
{"plz": "73572", "ort": "Heuchlingen", "name": "Heuchlingen", "street": "Küferstraße 3"}, 
{"plz": "73574", "ort": "Iggingen", "name": "Iggingen", "street": "Marktplatz 6"}, 
{"plz": "73575", "ort": "Leinzell", "name": "Obergröningen", "street": "Mulfingerstraße 2"}, 
{"plz": "73577", "ort": "Ruppertshofen", "name": "Ruppertshofen", "street": "Erlenstraße 1"}, 
{"plz": "73579", "ort": "Schechingen", "name": "Schechingen", "street": "Marktplatz 1"}, 
{"plz": "73614", "ort": "Schorndorf", "name": "Schorndorf, Stadt", "street": "Marktplatz 1"}, 
{"plz": "73630", "ort": "Remshalden", "name": "Remshalden", "street": "Marktplatz 1"}, 
{"plz": "73635", "ort": "Rudersberg", "name": "Rudersberg", "street": "Backnanger Straße 26"}, 
{"plz": "73642", "ort": "Welzheim", "name": "Welzheim, Stadt", "street": "Kirchplatz 3"}, 
{"plz": "73650", "ort": "Winterbach", "name": "Winterbach", "street": "Marktplatz 2"}, 
{"plz": "73655", "ort": "Plüderhausen", "name": "Plüderhausen", "street": "Schulstraße 31"}, 
{"plz": "73655", "ort": "Plüderhausen", "name": "Plüderhausen", "street": "Am Marktplatz 11"}, 
{"plz": "73660", "ort": "Urbach", "name": "Urbach", "street": "Konrad-Hornschuch-Straße 12"}, 
{"plz": "73663", "ort": "Berglen", "name": "Berglen", "street": "Beethovenstraße 14-20"}, 
{"plz": "73666", "ort": "Baltmannsweiler", "name": "Baltmannsweiler", "street": "Marktplatz 1"}, 
{"plz": "73667", "ort": "Kaisersbach", "name": "Kaisersbach", "street": "Dorfstraße 5"}, 
{"plz": "73669", "ort": "Lichtenwald", "name": "Lichtenwald", "street": "Hauptstraße 34"}, 
{"plz": "73728", "ort": "Esslingen", "name": "Esslingen Bürgeramt Stadtmitte", "street": "Beblingerstr. 3\nHalle EG", "phone": "0711-3512-0", "email": "buergeramt@esslingen.de"}, 
{"plz": "73728", "ort": "Esslingen am Neckar", "name": "Esslingen am Neckar, Stadt", "street": "Rathausplatz 2"}, 
{"plz": "73760", "ort": "Ostfildern", "name": "Ostfildern, Stadt", "street": "Klosterhof 10"}, 
{"plz": "73765", "ort": "Neuhausen auf den Fildern", "name": "Neuhausen auf den Fildern", "street": "Schloßplatz 1"}, 
{"plz": "73770", "ort": "Denkendorf", "name": "Denkendorf", "street": "Furtstraße 1"}, 
{"plz": "73773", "ort": "Aichwald", "name": "Aichwald", "street": "Seestraße 8"}, 
{"plz": "73776", "ort": "Altbach", "name": "Altbach", "street": "Esslinger Straße 26"}, 
{"plz": "73779", "ort": "Deizisau", "name": "Deizisau", "street": "Am Marktplatz 1"}]