[{"plz": "82002", "ort": "Unterhaching", "name": "Unterhaching", "street": "Postfach 1240"}, 
{"plz": "82018", "ort": "Taufkirchen", "name": "Taufkirchen", "street": "Postfach 1155"}, 
{"plz": "82025", "ort": "Grünwald", "name": "Grünwald", "street": "Postfach 1151"}, 
{"plz": "82035", "ort": "Oberhaching", "name": "Oberhaching", "street": "Postfach"}, 
{"plz": "82043", "ort": "Pullach i.Isartal", "name": "Pullach i.Isartal", "street": "Postfach 240"}, 
{"plz": "82054", "ort": "Sauerlach", "name": "Sauerlach", "street": "Bahnhofstraße 1"}, 
{"plz": "82057", "ort": "Icking", "name": "Icking", "street": "Mittenwalder Straße 6"}, 
{"plz": "82061", "ort": "Neuried", "name": "Neuried", "street": "Hainbuchenring 9-11"}, 
{"plz": "82062", "ort": "Straßlach-Dingharting", "name": "Straßlach-Dingharting", "street": "Postfach 1110"}, 
{"plz": "82065", "ort": "Baierbrunn", "name": "Baierbrunn", "street": "Bahnhofstraße 2"}, 
{"plz": "82069", "ort": "Schäftlarn", "name": "Schäftlarn", "street": "Postfach 10"}, 
{"plz": "82102", "ort": "Germering", "name": "Germering, GKSt", "street": "Postfach 1540"}, 
{"plz": "82117", "ort": "Gauting", "name": "Gauting", "street": "Postfach 1240"}, 
{"plz": "82134", "ort": "Olching", "name": "Olching, St", "street": "Postfach 1260"}, 
{"plz": "82142", "ort": "Planegg", "name": "Krailling", "street": "Postfach 1364"}, 
{"plz": "82145", "ort": "Planegg", "name": "Planegg", "street": "Postfach 1764"}, 
{"plz": "82154", "ort": "Gräfelfing", "name": "Gräfelfing", "street": "Postfach 1209"}, 
{"plz": "82169", "ort": "Puchheim", "name": "Puchheim, St", "street": "Postfach 1351"}, 
{"plz": "82179", "ort": "Gröbenzell", "name": "Gröbenzell", "street": "Postfach 1153"}, 
{"plz": "82205", "ort": "Gilching", "name": "Gilching", "street": "Rathausplatz 1"}, 
{"plz": "82211", "ort": "Herrsching a. Ammerseee", "name": "Herrsching a.Ammersee", "street": "Bahnhofstraße 12"}, 
{"plz": "82212", "ort": "Maisach", "name": "Maisach", "street": "Postfach 15"}, 
{"plz": "82223", "ort": "Eichenau", "name": "Eichenau", "street": "Hauptplatz 2"}, 
{"plz": "82229", "ort": "Seefeld", "name": "Seefeld", "street": "Am Technologiepark 16"}, 
{"plz": "82234", "ort": "Weßling", "name": "Weßling", "street": "Gautinger Straße 17"}, 
{"plz": "82237", "ort": "Wörthsee", "name": "Wörthsee", "street": "Seestraße 20"}, 
{"plz": "82239", "ort": "Alling", "name": "Alling", "street": "Am Kirchberg 6"}, 
{"plz": "82245", "ort": "Fürstenfeldbruck", "name": "Fürstenfeldbruck, GKSt", "street": "Postfach 1645"}, 
{"plz": "82266", "ort": "Inning a.Ammersee", "name": "Inning a.Ammersee", "street": "Pfarrgasse 13"}, 
{"plz": "82269", "ort": "Geltendorf", "name": "Geltendorf", "street": "Schulstraße 13"}, 
{"plz": "82270", "ort": "Moorenweis", "name": "Moorenweis", "street": "Postfach 1162"}, 
{"plz": "82275", "ort": "Emmering", "name": "Emmering", "street": "Amperstraße 11a"}, 
{"plz": "82281", "ort": "Egenhofen", "name": "Egenhofen", "street": "Hauptstraße 37"}, 
{"plz": "82284", "ort": "Grafrath", "name": "Kottgeisering", "street": "Hauptstraße 64"}, 
{"plz": "82291", "ort": "Mammendorf", "name": "Oberschweinbach", "street": "Augsburger Straße 12"}, 
{"plz": "82299", "ort": "Türkenfeld", "name": "Türkenfeld", "street": "Schloßweg 2"}, 
{"plz": "82306", "ort": "Starnberg", "name": "Starnberg, St", "street": "Postfach 1663"}, 
{"plz": "82327", "ort": "Tutzing", "name": "Tutzing", "street": "Kirchenstraße 9"}, 
{"plz": "82328", "ort": "Berg", "name": "Berg", "street": "Postfach 10"}, 
{"plz": "82336", "ort": "Feldafing", "name": "Feldafing", "street": "Postfach 50"}, 
{"plz": "82341", "ort": "Pöcking", "name": "Pöcking", "street": "Postfach 03"}, 
{"plz": "82346", "ort": "Andechs", "name": "Andechs", "street": "Andechser Straße 16"}, 
{"plz": "82347", "ort": "Bernried am Starnberger See", "name": "Bernried am Starnberger See", "street": "Dorfstraße 26"}, 
{"plz": "82360", "ort": "Weilheim i.OB", "name": "Weilheim i.OB, St", "street": null}, 
{"plz": "82374", "ort": "Penzberg", "name": "Penzberg, St", "street": "Postfach 1362"}, 
{"plz": "82380", "ort": "Peißenberg", "name": "Peißenberg, M", "street": "Hauptstraße 77"}, 
{"plz": "82381", "ort": "Hohenpeißenberg", "name": "Hohenpeißenberg", "street": "Postfach 69"}, 
{"plz": "82386", "ort": "Huglfing", "name": "Oberhausen", "street": "Hauptstraße 32"}, 
{"plz": "82389", "ort": "Böbing", "name": "Böbing", "street": "Kirchstraße 22"}, 
{"plz": "82392", "ort": "Habach", "name": "Obersöchering", "street": "Hofmark 1"}, 
{"plz": "82396", "ort": "Pähl", "name": "Pähl", "street": "Kirchstraße 7"}, 
{"plz": "82398", "ort": "Polling", "name": "Polling", "street": "Kirchplatz 11"}, 
{"plz": "82399", "ort": "Raisting", "name": "Raisting", "street": "Kirchenweg 12"}, 
{"plz": "82401", "ort": "Rottenbuch", "name": "Rottenbuch", "street": "Klosterhof 42"}, 
{"plz": "82402", "ort": "Seeshaupt", "name": "Iffeldorf", "street": "Weilheimer Straße 1-3"}, 
{"plz": "82405", "ort": "Wessobrunn", "name": "Wessobrunn", "street": "Zöpfstraße 1"}, 
{"plz": "82407", "ort": "Wielenbach", "name": "Wielenbach", "street": "Peter-Kaufinger-Straße 10"}, 
{"plz": "82409", "ort": "Wildsteig", "name": "Wildsteig", "street": "Kirchbergstraße 20a"}, 
{"plz": "82412", "ort": "Murnau a. Staffelsee", "name": "Murnau a.Staffelsee, M", "street": "Postfach 12 48"}, 
{"plz": "82418", "ort": "Seehausen a.Staffelsee", "name": "Seehausen a.Staffelsee", "street": "Am Graswegerer 1"}, 
{"plz": "82418", "ort": "Riegsee", "name": "Riegsee", "street": "Dorfstraße 35"}, 
{"plz": "82431", "ort": "Kochel a.See", "name": "Kochel a.See", "street": "Kalmbachstraße 11"}, 
{"plz": "82433", "ort": "Bad Kohlgrub", "name": "Bad Kohlgrub", "street": "Hauptstraße 29"}, 
{"plz": "82438", "ort": "Eschenlohe", "name": "Eschenlohe", "street": "Murnauer Straße 1"}, 
{"plz": "82439", "ort": "Großweil", "name": "Großweil", "street": "Kocheler Straße 2"}, 
{"plz": "82441", "ort": "Ohlstadt", "name": "Eschenlohe", "street": "Rathausplatz 1"}, 
{"plz": "82442", "ort": "Saulgrub", "name": "Bad Bayersoien", "street": "Kohlgruber Straße 2"}, 
{"plz": "82445", "ort": "Schwaigen", "name": "Schwaigen", "street": "Aschauer Straße 26"}, 
{"plz": "82447", "ort": "Spatzenhausen", "name": "Spatzenhausen", "street": "Dorfstraße 12"}, 
{"plz": "82449", "ort": "Uffing a.Staffelsee", "name": "Uffing a.Staffelsee", "street": "Hauptstraße 2"}, 
{"plz": "82456", "ort": "Garmisch-Partenkirchen", "name": "Garmisch-Partenkirchen, M", "street": "Postfach 1651"}, 
{"plz": "82478", "ort": "Mittenwald", "name": "Mittenwald, M", "street": "Postfach 248"}, 
{"plz": "82487", "ort": "Oberammergau", "name": "Oberammergau", "street": "Ludwig-Thoma-Straße 10"}, 
{"plz": "82490", "ort": "Farchant", "name": "Farchant", "street": "Postfach 1167"}, 
{"plz": "82491", "ort": "Grainau", "name": "Grainau", "street": "Am Kurpark 1"}, 
{"plz": "82494", "ort": "Krün", "name": "Krün", "street": "Rathausplatz 1"}, 
{"plz": "82496", "ort": "Oberau", "name": "Oberau", "street": "Schmiedeweg 10"}, 
{"plz": "82497", "ort": "Unterammergau", "name": "Unterammergau", "street": "Dorfstraße 23"}, 
{"plz": "82499", "ort": "Wallgau", "name": "Wallgau", "street": "Mittenwalder Straße 8"}, 
{"plz": "82504", "ort": "Wolfratshausen", "name": "Wolfratshausen, St", "street": "Postfach 1460"}, 
{"plz": "82538", "ort": "Geretsried", "name": "Geretsried, St", "street": "Karl-Lederer-Platz 1"}, 
{"plz": "82541", "ort": "Münsing", "name": "Münsing", "street": "Weipertshausener Straße 5"}, 
{"plz": "82544", "ort": "Egling", "name": "Egling", "street": "Rathausstraße 2"}, 
{"plz": "82547", "ort": "Eurasburg", "name": "Eurasburg", "street": "Beuerberger Straße 10"}, 
{"plz": "82549", "ort": "Königsdorf", "name": "Königsdorf", "street": "Hauptstraße 54"}]