[{"plz": "77652", "ort": "Offenburg", "name": "Offenburg, Stadt", "street": "Hauptstraße 90"}, 
{"plz": "77652", "ort": "Offenburg", "name": "Offenburg", "street": "Fischmarkt 2", "phone": "0781-82-2000", "email": "buergerbuero@offenburg.de"}, 
{"plz": "77694", "ort": "Kehl", "name": "Kehl, Stadt", "street": "Hauptstraße 85"}, 
{"plz": "77704", "ort": "Oberkirch", "name": "Oberkirch, Stadt", "street": "Eisenbahnstraße 1"}, 
{"plz": "77704", "ort": "Oberkirch", "name": "Oberkirch", "street": "Eisenbahnstr. 1", "phone": "07802-82-0", "email": "buergerbuero@oberkirch.de"}, 
{"plz": "77709", "ort": "Wolfach", "name": "Wolfach, Stadt", "street": "Hauptstraße 41"}, 
{"plz": "77709", "ort": "Oberwolfach", "name": "Oberwolfach", "street": "Rathausstraße 1"}, 
{"plz": "77716", "ort": "Hofstetten", "name": "Hofstetten", "street": "Hauptstraße 5"}, 
{"plz": "77716", "ort": "Haslach im Kinzigtal", "name": "Haslach im Kinzigtal, Stadt", "street": "Hauptstraße 15"}, 
{"plz": "77716", "ort": "Fischerbach", "name": "Fischerbach", "street": "Hauptstraße 38"}, 
{"plz": "77716", "ort": "Haslach im Kinzigtal", "name": "Haslach im Kinzigtal, Stadt", "street": "Am Marktplatz 1"}, 
{"plz": "77723", "ort": "Gengenbach", "name": "Gengenbach, Stadt", "street": "Viktor-Kretz-Straße 2"}, 
{"plz": "77723", "ort": "Gengenbach", "name": "Gengenbach, Stadt", "street": "Hauptstraße 17"}, 
{"plz": "77728", "ort": "Oppenau", "name": "Bad Peterstal-Griesbach", "street": "Rathausplatz 1"}, 
{"plz": "77731", "ort": "Willstätt", "name": "Willstätt", "street": "Am Mühlplatz 1"}, 
{"plz": "77736", "ort": "Zell am Harmersbach", "name": "Zell am Harmersbach, Stadt", "street": "Hauptstraße 19"}, 
{"plz": "77740", "ort": "Bad Peterstal-Griesbach", "name": "Bad Peterstal-Griesbach", "street": "Schwarzwaldstraße 11"}, 
{"plz": "77743", "ort": "Neuried", "name": "Neuried", "street": "Kirchstraße 21"}, 
{"plz": "77746", "ort": "Schutterwald", "name": "Schutterwald", "street": "Kirchstraße 2"}, 
{"plz": "77749", "ort": "Hohberg", "name": "Hohberg", "street": "Freiburger Straße 32"}, 
{"plz": "77756", "ort": "Hausach", "name": "Gutach (Schwarzwaldbahn)", "street": "Hauptstraße 40"}, 
{"plz": "77761", "ort": "Schiltach", "name": "Schiltach, Stadt", "street": "Marktplatz 6"}, 
{"plz": "77767", "ort": "Appenweier", "name": "Appenweier", "street": "Ortenauer Straße 13"}, 
{"plz": "77770", "ort": "Durbach", "name": "Durbach", "street": "Tal 5"}, 
{"plz": "77773", "ort": "Schenkenzell", "name": "Schenkenzell", "street": "Reinerzaustraße 12"}, 
{"plz": "77776", "ort": "Bad Rippoldsau-Schapbach", "name": "Bad Rippoldsau-Schapbach", "street": "Rathausplatz 1"}, 
{"plz": "77781", "ort": "Biberach", "name": "Biberach", "street": "Hauptstraße 27"}, 
{"plz": "77784", "ort": "Oberharmersbach", "name": "Oberharmersbach", "street": "Dorf 30"}, 
{"plz": "77787", "ort": "Nordrach", "name": "Nordrach", "street": "Im Dorf 26"}, 
{"plz": "77790", "ort": "Steinach", "name": "Steinach", "street": "Kirchstraße 4"}, 
{"plz": "77791", "ort": "Berghaupten", "name": "Berghaupten", "street": "Rathausplatz 2"}, 
{"plz": "77793", "ort": "Gutach (Schwarzwaldbahn)", "name": "Gutach (Schwarzwaldbahn)", "street": "Hauptstraße 38"}, 
{"plz": "77794", "ort": "Lautenbach", "name": "Lautenbach", "street": "Hauptstraße 48"}, 
{"plz": "77796", "ort": "Mühlenbach", "name": "Mühlenbach", "street": "Hauptstraße 24"}, 
{"plz": "77797", "ort": "Ohlsbach", "name": "Ohlsbach", "street": "Hauptstraße 33"}, 
{"plz": "77799", "ort": "Ortenberg", "name": "Ortenberg", "street": "Dorfplatz 1"}, 
{"plz": "77815", "ort": "Bühl", "name": "Bühl, Stadt", "street": "Hauptstraße 47"}, 
{"plz": "77830", "ort": "Bühlertal", "name": "Bühlertal", "street": "Hauptstraße 131"}, 
{"plz": "77833", "ort": "Ottersweier", "name": "Ottersweier", "street": "Laufer Straße 18"}, 
{"plz": "77836", "ort": "Rheinmünster", "name": "Lichtenau, Stadt", "street": "Lindenbrunnenstraße 1"}, 
{"plz": "77839", "ort": "Lichtenau", "name": "Lichtenau, Stadt", "street": "Hauptstraße 15"}, 
{"plz": "77855", "ort": "Achern", "name": "Achern, Stadt", "street": "Rathausplatz 1"}, 
{"plz": "77855", "ort": "Achern", "name": "Achern, Stadt", "street": "Illenauer Allee 73"}, 
{"plz": "77866", "ort": "Rheinau", "name": "Rheinau, Stadt", "street": "Rheinstraße 52"}, 
{"plz": "77871", "ort": "Renchen", "name": "Renchen, Stadt", "street": "Hauptstraße 57"}, 
{"plz": "77876", "ort": "Kappelrodeck", "name": "Ottenhöfen im Schwarzwald", "street": "Hauptstraße 65"}, 
{"plz": "77880", "ort": "Sasbach", "name": "Sasbach", "street": "Kirchplatz 4"}, 
{"plz": "77883", "ort": "Ottenhöfen im Schwarzwald", "name": "Ottenhöfen im Schwarzwald", "street": "Forstweg 1"}, 
{"plz": "77886", "ort": "Lauf", "name": "Lauf", "street": "Hauptstraße 70"}, 
{"plz": "77887", "ort": "Sasbachwalden", "name": "Sasbachwalden", "street": "Kirchweg 6"}, 
{"plz": "77889", "ort": "Seebach", "name": "Seebach", "street": "Ruhesteinstraße 21"}, 
{"plz": "77933", "ort": "Lahr/Schwarzwald", "name": "Lahr/Schwarzwald, Stadt", "street": "Rathausplatz 4"}, 
{"plz": "77948", "ort": "Friesenheim", "name": "Friesenheim", "street": "Friesenheimer Hauptstraße 71/73"}, 
{"plz": "77955", "ort": "Ettenheim", "name": "Kappel-Grafenhausen", "street": "Kirchstraße 4"}, 
{"plz": "77960", "ort": "Seelbach", "name": "Schuttertal", "street": "Hauptstraße 7"}, 
{"plz": "77963", "ort": "Schwanau", "name": "Meißenheim", "street": "Kirchstraße 16"}, 
{"plz": "77966", "ort": "Kappel-Grafenhausen", "name": "Kappel-Grafenhausen", "street": "Rathausstraße 2"}, 
{"plz": "77971", "ort": "Kippenheim", "name": "Kippenheim", "street": "Untere Hauptstraße 4"}, 
{"plz": "77972", "ort": "Mahlberg", "name": "Mahlberg, Stadt", "street": "Rathausplatz 7"}, 
{"plz": "77974", "ort": "Meißenheim", "name": "Meißenheim", "street": "Rathausstraße 10"}, 
{"plz": "77975", "ort": "Ringsheim", "name": "Ringsheim", "street": "Rathausplatz 1"}, 
{"plz": "77977", "ort": "Rust", "name": "Rust", "street": "Fischerstraße 51"}, 
{"plz": "77978", "ort": "Schuttertal", "name": "Schuttertal", "street": "Hauptstraße 5"}]