[{"plz": "78050", "ort": "Villingen-Schwenningen", "name": "Villingen-Schwenningen, Stadt", "street": "Münsterplatz 7/8"}, 
{"plz": "78050", "ort": "Villingen-Schwenningen", "name": "Villingen-Schwenningen Servicezentrum Villingen", "street": "Rathausgasse 1", "phone": "07721-82-3333", "email": "buergeramt@villingen-schwenningen.de"}, 
{"plz": "78054", "ort": "Villingen-Schwenningen", "name": "Villingen-Schwenningen Servicezentrum - Schwenningen", "street": "Marktplatz 1", "phone": "07720-82-3333", "email": "buergeramt@villingen-schwenningen.de"}, 
{"plz": "78073", "ort": "Bad Dürrheim", "name": "Bad Dürrheim, Stadt", "street": "Luisenstraße 4"}, 
{"plz": "78078", "ort": "Niedereschach", "name": "Niedereschach", "street": "Villinger Straße 10"}, 
{"plz": "78083", "ort": "Dauchingen", "name": "Dauchingen", "street": "Deisslinger Straße 1"}, 
{"plz": "78086", "ort": "Brigachtal", "name": "Brigachtal", "street": "St.Gallus-Straße 4"}, 
{"plz": "78087", "ort": "Mönchweiler", "name": "Mönchweiler", "street": "Hindenburgstraße 42"}, 
{"plz": "78089", "ort": "Unterkirnach", "name": "Unterkirnach", "street": "Villinger Straße 5"}, 
{"plz": "78098", "ort": "Triberg im Schwarzwald", "name": "Triberg im Schwarzwald, Stadt", "street": "Postfach 83"}, 
{"plz": "78098", "ort": "Triberg im Schwarzwald", "name": "Triberg im Schwarzwald, Stadt", "street": "Hauptstraße 57"}, 
{"plz": "78112", "ort": "St. Georgen im Schwarzwald", "name": "St. Georgen im Schwarzwald, Stadt", "street": "Hauptstraße 9"}, 
{"plz": "78120", "ort": "Furtwangen im Schwarzwald", "name": "Furtwangen im Schwarzwald, Stadt", "street": "Marktplatz 4"}, 
{"plz": "78126", "ort": "Königsfeld im Schwarzwald", "name": "Königsfeld im Schwarzwald", "street": "Rathausstraße 2"}, 
{"plz": "78132", "ort": "Hornberg", "name": "Hornberg, Stadt", "street": "Bahnhofstraße 1-3"}, 
{"plz": "78136", "ort": "Schonach im Schwarzwald", "name": "Schonach im Schwarzwald", "street": "Hauptstraße 21"}, 
{"plz": "78141", "ort": "Schönwald im Schwarzwald", "name": "Schönwald im Schwarzwald", "street": "Franz-Schubert-Straße 3"}, 
{"plz": "78147", "ort": "Vöhrenbach", "name": "Vöhrenbach, Stadt", "street": "Friedrichstraße 8"}, 
{"plz": "78148", "ort": "Gütenbach", "name": "Gütenbach", "street": "Hauptstraße 10"}, 
{"plz": "78166", "ort": "Donaueschingen", "name": "Donaueschingen, Stadt", "street": "Rathausplatz 1"}, 
{"plz": "78166", "ort": "Donaueschingen", "name": "Donaueschingen, Stadt", "street": "Villinger Straße 1"}, 
{"plz": "78176", "ort": "Blumberg", "name": "Blumberg, Stadt", "street": "Hauptstraße 97"}, 
{"plz": "78183", "ort": "Hüfingen", "name": "Hüfingen, Stadt", "street": "Hauptstraße 18"}, 
{"plz": "78187", "ort": "Geisingen", "name": "Geisingen, Stadt", "street": "Hauptstraße 36"}, 
{"plz": "78194", "ort": "Immendingen", "name": "Immendingen", "street": "Schloßplatz 2"}, 
{"plz": "78199", "ort": "Bräunlingen", "name": "Bräunlingen, Stadt", "street": "Kirchstraße 10"}, 
{"plz": "78224", "ort": "Singen (Hohentwiel)", "name": "Singen (Hohentwiel), Stadt", "street": "Hohgarten 2"}, 
{"plz": "78234", "ort": "Engen", "name": "Mühlhausen-Ehingen", "street": "Hauptstraße 11"}, 
{"plz": "78239", "ort": "Rielasingen-Worblingen", "name": "Rielasingen-Worblingen", "street": "Lessingstraße 2"}, 
{"plz": "78244", "ort": "Gottmadingen", "name": "Gailingen am Hochrhein", "street": "Johann-Georg-Fahr-Straße 10"}, 
{"plz": "78247", "ort": "Hilzingen", "name": "Hilzingen", "street": "Hauptstraße 36"}, 
{"plz": "78250", "ort": "Tengen", "name": "Tengen, Stadt", "street": "Marktstraße 1"}, 
{"plz": "78253", "ort": "Eigeltingen", "name": "Eigeltingen", "street": "Krumme Straße 1"}, 
{"plz": "78256", "ort": "Steißlingen", "name": "Steißlingen", "street": "Schulstraße 19"}, 
{"plz": "78259", "ort": "Mühlhausen-Ehingen", "name": "Mühlhausen-Ehingen", "street": "Schloßstraße 46"}, 
{"plz": "78262", "ort": "Gailingen am Hochrhein", "name": "Gailingen am Hochrhein", "street": "Hauptstraße 7"}, 
{"plz": "78266", "ort": "Büsingen am Hochrhein", "name": "Büsingen am Hochrhein", "street": "Junkerstraße 86"}, 
{"plz": "78267", "ort": "Aach", "name": "Aach, Stadt", "street": "Hauptstraße 16"}, 
{"plz": "78269", "ort": "Volkertshausen", "name": "Volkertshausen", "street": "Hauptstraße 27"}, 
{"plz": "78315", "ort": "Radolfzell am Bodensee", "name": "Radolfzell am Bodensee, Stadt", "street": "Marktplatz 2"}, 
{"plz": "78333", "ort": "Stockach", "name": "Bodman-Ludwigshafen", "street": "Adenauerstraße 4"}, 
{"plz": "78337", "ort": "Öhningen", "name": "Öhningen", "street": "Klosterplatz 1"}, 
{"plz": "78343", "ort": "Gaienhofen", "name": "Gaienhofen", "street": "Rathaus"}, 
{"plz": "78343", "ort": "Gaienhofen", "name": "Gaienhofen", "street": "Auf der Breite 1"}, 
{"plz": "78345", "ort": "Moos", "name": "Moos", "street": "Bohlinger Straße 18"}, 
{"plz": "78351", "ort": "Bodman-Ludwigshafen", "name": "Bodman-Ludwigshafen", "street": "Hafenstraße 5"}, 
{"plz": "78354", "ort": "Sipplingen", "name": "Sipplingen", "street": "Rathausstraße 10"}, 
{"plz": "78355", "ort": "Hohenfels", "name": "Hohenfels", "street": "Hauptstraße 30"}, 
{"plz": "78357", "ort": "Mühlingen", "name": "Mühlingen", "street": "Im Göhren 2"}, 
{"plz": "78359", "ort": "Orsingen-Nenzingen", "name": "Orsingen-Nenzingen", "street": "Stockacher Straße 2"}, 
{"plz": "78459", "ort": "Konstanz", "name": "Konstanz", "street": "Untere Laube 24", "phone": "07531-900-0", "email": "buergerbuero@konstanz.de"}, 
{"plz": "78462", "ort": "Konstanz", "name": "Konstanz, Universitätsstadt", "street": "Kanzleistraße 13"}, 
{"plz": "78462", "ort": "Konstanz", "name": "Konstanz, Universitätsstadt", "street": "Kanzleistraße 15"}, 
{"plz": "78465", "ort": "Konstanz", "name": "Konstanz Ortsverwaltung Dettingen-Wallhausen", "street": "Kapitän-Romer-Str. 4", "phone": "07533-9368-0", "email": "dettingen-wallhausen@stadt.konstanz.de"}, 
{"plz": "78465", "ort": "Konstanz", "name": "Konstanz Ortsverwaltung Dingelsdorf", "street": "Rathausplatz 1\nRathaus", "phone": "07533-5295", "email": "dingelsdorf@stadt.konstanz.de"}, 
{"plz": "78465", "ort": "Konstanz", "name": "Konstanz Ortsverwaltung Litzelstetten-Mainau", "street": "Großherzog-Friedrich-Str. 10", "phone": "07531-942379-0", "email": "litzelstetten@stadt.konstanz.de"}, 
{"plz": "78476", "ort": "Allensbach", "name": "Allensbach", "street": "Rathausplatz 1"}, 
{"plz": "78479", "ort": "Reichenau", "name": "Reichenau", "street": "Münsterplatz 2"}, 
{"plz": "78532", "ort": "Tuttlingen", "name": "Seitingen-Oberflacht", "street": "Rathausstraße 1"}, 
{"plz": "78549", "ort": "Spaichingen", "name": "Spaichingen, Stadt", "street": "Marktplatz 19"}, 
{"plz": "78554", "ort": "Aldingen", "name": "Aldingen", "street": "Marktplatz 2"}, 
{"plz": "78559", "ort": "Gosheim", "name": "Reichenbach am Heuberg", "street": "Im Weiher 1"}, 
{"plz": "78559", "ort": "Gosheim", "name": "Gosheim", "street": "Hauptstraße 47"}, 
{"plz": "78564", "ort": "Wehingen", "name": "Wehingen", "street": "Gosheimer Straße 14"}, 
{"plz": "78564", "ort": "Reichenbach am Heuberg", "name": "Reichenbach am Heuberg", "street": "Kirchstraße 8"}, 
{"plz": "78567", "ort": "Fridingen an der Donau", "name": "Fridingen an der Donau, Stadt", "street": "Kirchplatz 2"}, 
{"plz": "78570", "ort": "Mühlheim an der Donau", "name": "Mühlheim an der Donau, Stadt", "street": "Hauptstraße 16"}, 
{"plz": "78573", "ort": "Wurmlingen", "name": "Wurmlingen", "street": "Obere Hauptstraße 4"}, 
{"plz": "78576", "ort": "Emmingen-Liptingen", "name": "Emmingen-Liptingen", "street": "Schulstraße 8"}, 
{"plz": "78579", "ort": "Neuhausen ob Eck", "name": "Neuhausen ob Eck", "street": "Rathausplatz 1"}, 
{"plz": "78580", "ort": "Bärenthal", "name": "Bärenthal", "street": "Kirchstraße 8"}, 
{"plz": "78582", "ort": "Balgheim", "name": "Balgheim", "street": "Marienplatz 3"}, 
{"plz": "78583", "ort": "Böttingen", "name": "Böttingen", "street": "Allenspacher Weg 2"}, 
{"plz": "78585", "ort": "Bubsheim", "name": "Bubsheim", "street": "Gosheimer Straße 4"}, 
{"plz": "78586", "ort": "Deilingen", "name": "Deilingen", "street": "Hauptstraße 1"}, 
{"plz": "78588", "ort": "Denkingen", "name": "Denkingen", "street": "Hauptstraße 46"}, 
{"plz": "78589", "ort": "Dürbheim", "name": "Dürbheim", "street": "Probststraße 2"}, 
{"plz": "78591", "ort": "Durchhausen", "name": "Durchhausen", "street": "Dorfstraße 51"}, 
{"plz": "78592", "ort": "Egesheim", "name": "Egesheim", "street": "Hauptstraße 10"}, 
{"plz": "78594", "ort": "Gunningen", "name": "Gunningen", "street": "Rathausstraße 7"}, 
{"plz": "78595", "ort": "Hausen ob Verena", "name": "Hausen ob Verena", "street": "Hauptstraße 34"}, 
{"plz": "78597", "ort": "Irndorf", "name": "Irndorf", "street": "Eichfelsenstraße 22"}, 
{"plz": "78598", "ort": "Königsheim", "name": "Königsheim", "street": "Hauptstraße 3"}, 
{"plz": "78600", "ort": "Kolbingen", "name": "Kolbingen", "street": "Hauptstraße 3"}, 
{"plz": "78601", "ort": "Mahlstetten", "name": "Mahlstetten", "street": "Marienplatz 1"}, 
{"plz": "78603", "ort": "Renquishausen", "name": "Renquishausen", "street": "Kolbinger Straße 1"}, 
{"plz": "78604", "ort": "Rietheim-Weilheim", "name": "Rietheim-Weilheim", "street": "Rathausplatz 3"}, 
{"plz": "78606", "ort": "Seitingen-Oberflacht", "name": "Seitingen-Oberflacht", "street": "Obere Hauptstraße 8"}, 
{"plz": "78607", "ort": "Talheim", "name": "Talheim", "street": "Kirchbrunnen 6"}, 
{"plz": "78609", "ort": "Tuningen", "name": "Tuningen", "street": "Auf dem Platz 1"}, 
{"plz": "78628", "ort": "Rottweil", "name": "Zimmern ob Rottweil", "street": "Hauptstraße 21-23"}, 
{"plz": "78647", "ort": "Trossingen", "name": "Trossingen, Stadt", "street": "Schultheiß-Koch-Platz 1"}, 
{"plz": "78652", "ort": "Deißlingen", "name": "Deißlingen", "street": "Kehlhof 1"}, 
{"plz": "78655", "ort": "Dunningen", "name": "Eschbronn", "street": "Hauptstraße 25"}, 
{"plz": "78658", "ort": "Zimmern ob Rottweil", "name": "Zimmern ob Rottweil", "street": "Rathausstraße 2"}, 
{"plz": "78661", "ort": "Dietingen", "name": "Dietingen", "street": "Kirchplatz 1"}, 
{"plz": "78662", "ort": "Bösingen", "name": "Bösingen", "street": "Bösinger Straße 5"}, 
{"plz": "78664", "ort": "Eschbronn", "name": "Eschbronn", "street": "Hauptstraße 8"}, 
{"plz": "78665", "ort": "Frittlingen", "name": "Frittlingen", "street": "Hauptstraße 46"}, 
{"plz": "78667", "ort": "Villingendorf", "name": "Villingendorf", "street": "Postfach 20"}, 
{"plz": "78667", "ort": "Villingendorf", "name": "Villingendorf", "street": "Hauptstraße 2"}, 
{"plz": "78669", "ort": "Wellendingen", "name": "Wellendingen", "street": "Schloßplatz 1"}, 
{"plz": "78713", "ort": "Schramberg", "name": "Schramberg, Stadt", "street": "Hauptstraße 25"}, 
{"plz": "78727", "ort": "Oberndorf am Neckar", "name": "Oberndorf am Neckar, Stadt", "street": "Klosterstraße 3"}, 
{"plz": "78730", "ort": "Lauterbach", "name": "Lauterbach", "street": "Schramberger Straße 5"}, 
{"plz": "78733", "ort": "Aichhalden", "name": "Aichhalden", "street": "Reißerweg 3"}, 
{"plz": "78736", "ort": "Epfendorf", "name": "Epfendorf", "street": "Adenauerstraße 14"}, 
{"plz": "78737", "ort": "Fluorn-Winzeln", "name": "Fluorn-Winzeln", "street": "Freudenstädter Straße 20"}, 
{"plz": "78739", "ort": "Hardt", "name": "Hardt", "street": "Mariazeller Straße 1"}]