{"76131": ["Hagsfeld", "Innenstadt-Ost", "Innenstadt-Ost (Karlsruhe)", "Innenstadt-West", "Innenstadt-West (Karlsruhe)", "Karlsruhe", "Karlsruhe-Hagsfeld", "Karlsruhe-Nordstadt", "Karlsruhe-Oststadt", "Karlsruhe-Rintheim", "Karlsruhe-Waldstadt", "Nordstadt", "Oststadt", "Rintheim", "Waldstadt"], 
"76133": ["Innenstadt-Ost", "Innenstadt-Ost (Karlsruhe)", "Innenstadt-West", "Innenstadt-West (Karlsruhe)", "Karlsruhe", "Karlsruhe-Nordstadt", "Karlsruhe-S\u00fcdweststadt", "Karlsruhe-Weststadt", "Nordstadt", "S\u00fcdweststadt", "Weststadt"], 
"76135": ["Beiertheim-Bulach", "Beiertheim-Bulach (Karlsruhe)", "Karlsruhe", "Karlsruhe-Oberreut", "Karlsruhe-S\u00fcdweststadt", "Karlsruhe-Weststadt", "Oberreut", "S\u00fcdweststadt", "Weststadt"], 
"76137": ["Innenstadt-West", "Innenstadt-West (Karlsruhe)", "Karlsruhe", "Karlsruhe-Oststadt", "Karlsruhe-Rintheim", "Karlsruhe-S\u00fcdstadt", "Karlsruhe-S\u00fcdweststadt", "Oststadt", "Rintheim", "S\u00fcdstadt", "S\u00fcdweststadt", "Weiherfeld-Dammerstock", "Weiherfeld-Dammerstock (Karlsruhe)"], 
"76139": ["Hagsfeld", "Karlsruhe", "Karlsruhe-Hagsfeld", "Karlsruhe-Rintheim", "Karlsruhe-Waldstadt", "Rintheim", "Waldstadt"], 
"76149": ["Karlsruhe", "Karlsruhe-Neureut", "Karlsruhe-Nordstadt", "Neureut", "Nordstadt"], 
"76185": ["Daxlanden", "Gr\u00fcnwinkel", "Karlsruhe", "Karlsruhe-Daxlanden", "Karlsruhe-Gr\u00fcnwinkel", "Karlsruhe-M\u00fchlburg", "Karlsruhe-Nordstadt", "Karlsruhe-Nordweststadt", "Karlsruhe-Weststadt", "M\u00fchlburg", "Nordstadt", "Nordweststadt", "Weststadt"], 
"76187": ["Karlsruhe", "Karlsruhe-Knielingen", "Karlsruhe-M\u00fchlburg", "Karlsruhe-Nordweststadt", "Knielingen", "M\u00fchlburg", "Nordweststadt"], 
"76189": ["Daxlanden", "Gr\u00fcnwinkel", "Karlsruhe", "Karlsruhe-Daxlanden", "Karlsruhe-Gr\u00fcnwinkel", "Karlsruhe-Knielingen", "Karlsruhe-M\u00fchlburg", "Karlsruhe-Oberreut", "Knielingen", "M\u00fchlburg", "Oberreut"], 
"76199": ["Karlsruhe", "Karlsruhe-R\u00fcppurr", "R\u00fcppurr", "Weiherfeld-Dammerstock", "Weiherfeld-Dammerstock (Karlsruhe)"], 
"76227": ["Durlach", "Karlsruhe", "Karlsruhe (Baden-W\u00fcrttemberg)"], 
"76228": ["Hohenwettersbach", "Karlsruhe", "Stupferich"], 
"76229": ["Karlsruhe"], 
"76275": ["Bruchhausen", "Ettlingen", "Ettlingen (Baden-W\u00fcrttemberg)", "Ettlingenweier", "Oberweier", "Schluttenbach", "Spessart"], 
"76287": ["Forchheim", "M\u00f6rsch", "Neuburgweier", "Rheinstetten", "Rheinstetten (Baden-W\u00fcrttemberg)"], 
"76297": ["Blankenloch", "B\u00fcchig", "Friedrichstal", "Sp\u00f6ck", "Staffort", "Stutensee", "Stutensee (Baden-W\u00fcrttemberg)"], 
"76307": ["Auerbach", "Ittersbach", "Karlsbad", "Karlsbad (Baden-W\u00fcrttemberg)", "Langensteinbach", "Mutschelbach", "Spielberg (Karlsbad)"], 
"76316": ["Malsch", "Malsch (Baden-W\u00fcrttemberg)", "Neumalsch", "Sulzbach", "V\u00f6lkersbach"], 
"76327": ["Berghausen (Pfinztal)", "Kleinsteinbach", "Pfinztal", "Pfinztal (Baden-W\u00fcrttemberg)", "S\u00f6llingen", "W\u00f6schbach"], 
"76332": ["Bad Herrenalb", "Bad Herrenalb (Baden-W\u00fcrttemberg)", "Plotzs\u00e4gem\u00fchle"], 
"76337": ["Waldbronn", "Waldbronn (Baden-W\u00fcrttemberg)"], 
"76344": ["Eggenstein-Leopoldshafen", "Eggenstein-Leopoldshafen (Baden-W\u00fcrttemberg)"], 
"76351": ["Linkenheim-Hochstetten", "Linkenheim-Hochstetten (Baden-W\u00fcrttemberg)"], 
"76356": ["Weingarten", "Weingarten (Baden)", "Weingarten (Baden-W\u00fcrttemberg)", "Werrabronn"], 
"76359": ["Fischweier", "Marxzell", "Marxzell (Baden-W\u00fcrttemberg)", "Sch\u00f6llbronner M\u00fchle"], 
"76437": ["F\u00f6rch", "Niederb\u00fchl", "Ottersdorf", "Plittersdorf", "Rastatt", "Rauental"], 
"76448": ["Durmersheim", "Rastatt-Durmersheim", "W\u00fcrmersheim"], 
"76456": ["Kuppenheim", "Rastatt-Kuppenheim"], 
"76461": ["Muggensturm", "Rastatt-Muggensturm"], 
"76467": ["Bietigheim", "Rastatt-Bietigheim"], 
"76470": ["Rastatt-\u00d6tigheim", "\u00d6tigheim"], 
"76473": ["Iffezheim", "Rastatt-Iffezheim"], 
"76474": ["Au", "Au am Rhein", "Rastatt-Au"], 
"76476": ["Bischweier", "Rastatt-Bischweier"], 
"76477": ["Elchesheim-Illingen", "Elchesheim-Illingen (Rastatt)"], 
"76479": ["Rastatt-Steinmauern", "Steinmauern"], 
"76530": ["Baden-Baden", "Baden-Baden (Baden-W\u00fcrttemberg)", "Ebersteinburg"], 
"76532": ["Baden-Baden", "Balg", "Haueneberstein", "Oos", "Sandweier"], 
"76534": ["Baden-Baden", "Gaisbach", "Lichtental", "Malschbach", "Neuweier", "Steinbach", "Varnhalt"], 
"76547": ["Ebenung", "Kartung", "Leiberstung", "Sinzheim", "Sinzheim (Baden-W\u00fcrttemberg)", "Winden (Sinzheim)"], 
"76549": ["H\u00fcgelsheim", "H\u00fcgelsheim (Baden-W\u00fcrttemberg)"], 
"76571": ["Bad Rotenfels", "Freiolsheim", "Gaggenau", "Gaggenau (Baden-W\u00fcrttemberg)", "H\u00f6rden", "Michelbach", "Oberweier", "Ottenau", "Selbach", "Sulzbach"], 
"76593": ["Gernsbach", "Gernsbach (Baden-W\u00fcrttemberg)", "Hilpertsau", "Lautenbach", "Obertsrot", "Reichental", "Scheuern", "Staufenberg"], 
"76596": ["Bermersbach", "Forbach", "Forbach (Baden-W\u00fcrttemberg)", "Gausbach", "Herrenwies", "Hundsbach", "Kirschbaumwasen", "Langenbrand", "Raum\u00fcnzach"], 
"76597": ["Loffenau", "Loffenau (Baden-W\u00fcrttemberg)"], 
"76599": ["Weisenbach", "Weisenbach (Baden-W\u00fcrttemberg)"], 
"76646": ["Bruchsal", "Helmsheim", "Karlsruhe-Bruchsal", "Obergrombach", "Untergrombach"], 
"76661": ["Huttenheim", "Karlsruhe-Philippsburg", "Philippsburg", "Rheinsheim"], 
"76669": ["Bad Sch\u00f6nborn", "Bad Sch\u00f6nborn (Karlsruhe)"], 
"76676": ["Graben-Neudorf", "Graben-Neudorf (Karlsruhe)"], 
"76684": ["Eichelberg (\u00d6stringen)", "Karlsruhe-\u00d6stringen", "Odenheim", "\u00d6stringen"], 
"76689": ["Karlsdorf-Neuthard", "Karlsdorf-Neuthard (Karlsruhe)"], 
"76694": ["Forst", "Karlsruhe-Forst"], 
"76698": ["Stettfeld", "Ubstadt", "Ubstadt-Weiher", "Ubstadt-Weiher (Karlsruhe)", "Weiher", "Zeutern"], 
"76703": ["767-Kraichtal", "Bahnbr\u00fccken", "Gochsheim", "Kraichtal", "Landshausen (Kraichtal)", "Menzingen", "M\u00fcnzesheim", "Neuenb\u00fcrg (Kraichtal)", "Oberacker", "Ober\u00f6wisheim", "Unter\u00f6wisheim"], 
"76706": ["767-Dettenheim", "Dettenheim"], 
"76707": ["767-Hambr\u00fccken", "Hambr\u00fccken"], 
"76709": ["767-Kronau", "Kronau"], 
"76726": ["767-Germersheim", "Altbrand", "Germersheim", "Vorwerk Friedrich"], 
"76744": ["767-Vollmersweiler", "767-W\u00f6rth", "H\u00f6llenm\u00fchle", "Maximiliansau", "Vollmersweiler", "W\u00f6rth", "W\u00f6rth am Rhein"], 
"76751": ["767-Jockgrim", "Jockgrim"], 
"76756": ["767-Bellheim", "Bellheim"], 
"76761": ["767-R\u00fclzheim", "R\u00fclzheim"], 
"76764": ["767-Rheinzabern", "Rheinzabern"], 
"76767": ["767-Hagenbach", "Hagenbach"], 
"76768": ["767-Berg", "Berg", "Berg (Pfalz)"], 
"76770": ["767-Hatzenb\u00fchl", "Hatzenb\u00fchl"], 
"76771": ["767-H\u00f6rdt", "H\u00f6rdt"], 
"76773": ["767-Kuhardt", "Kuhardt"], 
"76774": ["767-Leimersheim", "Leimersheim"], 
"76776": ["767-Neuburg", "Neuburg", "Neuburg am Rhein"], 
"76777": ["767-Neupotz", "Neupotz"], 
"76779": ["767-Scheibenhardt", "Salmbacher Passage", "Scheibenhardt"], 
"76829": ["Arzheim", "Dammheim", "Godramstein", "Landau", "Landau (Rheinland-Pfalz)", "Landau in der Pfalz", "Leinsweiler", "Leinsweiler (Rheinland-Pfalz)", "Modenbacherhof", "Queichheim", "Ramberg", "Ramberg (Rheinland-Pfalz)", "Ranschbach", "Ranschbach (Rheinland-Pfalz)", "Wollmesheim"], 
"76831": ["Billigheim-Ingenheim", "Billigheim-Ingenheim (Rheinland-Pfalz)", "Birkweiler", "Birkweiler (Rheinland-Pfalz)", "Eschbach", "Eschbach (Rheinland-Pfalz)", "G\u00f6cklingen", "G\u00f6cklingen (Rheinland-Pfalz)", "Heuchelheim-Klingen", "Heuchelheim-Klingen (Rheinland-Pfalz)", "Ilbesheim", "Ilbesheim (Rheinland-Pfalz)", "Ilbesheim bei Landau in der Pfalz", "Impflingen", "Impflingen (Rheinland-Pfalz)", "M\u00fchlhofen", "Ziegelh\u00fctte"], 
"76833": ["B\u00f6chingen", "B\u00f6chingen (Rheinland-Pfalz)", "Frankweiler", "Frankweiler (Rheinland-Pfalz)", "Kn\u00f6ringen", "Kn\u00f6ringen (Rheinland-Pfalz)", "Siebeldingen", "Siebeldingen (Rheinland-Pfalz)", "Walsheim", "Walsheim (Rheinland-Pfalz)"], 
"76835": ["Burrweiler", "Burrweiler (Rheinland-Pfalz)", "Buschm\u00fchle (Weyher)", "Flemlingen", "Flemlingen (Rheinland-Pfalz)", "Gleisweiler", "Gleisweiler (Rheinland-Pfalz)", "Hainfeld", "Hainfeld (Rheinland-Pfalz)", "Rhodt", "Rhodt (Rheinland-Pfalz)", "Rhodt unter Rietburg", "Roschbach", "Roschbach (Rheinland-Pfalz)", "Weyher", "Weyher (Rheinland-Pfalz)", "Weyher in der Pfalz", "Wolfseck, Forsthaus"], 
"76846": ["Hauenstein", "Hauenstein (Rheinland-Pfalz)"], 
"76848": ["Darstein", "Darstein (Rheinland-Pfalz)", "Dimbach", "Dimbach (Rheinland-Pfalz)", "Lug", "Lug (Rheinland-Pfalz)", "Schwanheim", "Schwanheim (Rheinland-Pfalz)", "Spirkelbach", "Spirkelbach (Rheinland-Pfalz)", "Wilgartswiesen", "Wilgartswiesen (Rheinland-Pfalz)"], 
"76855": ["Annweiler", "Annweiler (Rheinland-Pfalz)", "Annweiler am Trifels", "Bindersbach", "Gr\u00e4fenhausen", "Kaiserm\u00fchle", "Knochenm\u00fchle", "Neum\u00fchle", "Queichhambach"], 
"76857": ["Albersweiler", "Albersweiler (Rheinland-Pfalz)", "Dernbach", "Dernbach (Rheinland-Pfalz)", "Eu\u00dferthal", "Eu\u00dferthal (Rheinland-Pfalz)", "Gossersweiler", "Gossersweiler-Stein", "Gossersweiler-Stein (Rheinland-Pfalz)", "Hoecker, Haus", "M\u00fcnchweiler", "M\u00fcnchweiler (Rheinland-Pfalz)", "M\u00fcnchweiler am Klingbach", "Ramberg", "Rinnthal", "Rinnthal (Rheinland-Pfalz)", "Silz", "Silz (Rheinland-Pfalz)", "St. Johann (Albersweiler)", "Taubensuhl", "V\u00f6lkersweiler", "V\u00f6lkersweiler (Rheinland-Pfalz)", "Waldeck", "Waldhambach", "Waldhambach (Rheinland-Pfalz)", "Waldrohrbach", "Waldrohrbach (Rheinland-Pfalz)", "Wernersberg", "Wernersberg (Rheinland-Pfalz)"], 
"76863": ["Herxheim", "Herxheim (Rheinland-Pfalz)", "Herxheim bei Landau/Pfalz", "Herxheimweyher", "Herxheimweyher (Rheinland-Pfalz)"], 
"76865": ["Insheim", "Insheim (Rheinland-Pfalz)", "Rohrbach", "Rohrbach (Rheinland-Pfalz)"], 
"76870": ["Kandel", "Kandel (Rheinland-Pfalz)"], 
"76872": ["Bruchsiedlung", "Erlenbach", "Erlenbach (Rheinland-Pfalz)", "Erlenbach bei Kandel", "Freckenfeld", "Freckenfeld (Rheinland-Pfalz)", "Hergersweiler", "Hergersweiler (Rheinland-Pfalz)", "Minfeld", "Minfeld (Rheinland-Pfalz)", "Steinweiler", "Steinweiler (Rheinland-Pfalz)", "Winden", "Winden (Rheinland-Pfalz)"], 
"76877": ["Fuchsm\u00fchle", "Offenbach", "Offenbach (Rheinland-Pfalz)", "Offenbach an der Queich"], 
"76879": ["Bornheim", "Bornheim (Rheinland-Pfalz)", "Essingen", "Essingen (Rheinland-Pfalz)", "Hochstadt", "Hochstadt (Pfalz)", "Hochstadt (Rheinland-Pfalz)", "Knittelsheim", "Knittelsheim (Rheinland-Pfalz)", "Ottersheim", "Ottersheim (Rheinland-Pfalz)", "Ottersheim bei Landau"], 
"76887": ["Bad Bergzabern", "Bad Bergzabern (Rheinland-Pfalz)", "B\u00f6llenborn", "B\u00f6llenborn (Rheinland-Pfalz)", "Gehlm\u00fchle", "Oberhausen", "Oberhausen (Rheinland-Pfalz)", "Reisdorf", "Sandb\u00fchlerhof"], 
"76889": ["Barbelroth", "Barbelroth (Rheinland-Pfalz)", "Birkenh\u00f6rdt", "Birkenh\u00f6rdt (Rheinland-Pfalz)", "Dierbach", "Dierbach (Rheinland-Pfalz)", "D\u00f6rrenbach", "D\u00f6rrenbach (Rheinland-Pfalz)", "Gleishorbach", "Gleiszellen", "Gleiszellen-Gleishorbach", "Gleiszellen-Gleishorbach (Rheinland-Pfalz)", "Haftelhof", "Kapellen-Drusweiler", "Kapellen-Drusweiler (Rheinland-Pfalz)", "Kapsweyer", "Kapsweyer (Rheinland-Pfalz)", "Kleinsteinfeld", "Klingenm\u00fcnster", "Klingenm\u00fcnster (Rheinland-Pfalz)", "Niederhorbach", "Niederhorbach (Rheinland-Pfalz)", "Niederotterbach", "Niederotterbach (Rheinland-Pfalz)", "Oberotterbach", "Oberotterbach (Rheinland-Pfalz)", "Oberschlettenbach", "Oberschlettenbach (Rheinland-Pfalz)", "Pleisweiler", "Pleisweiler-Oberhofen", "Pleisweiler-Oberhofen (Rheinland-Pfalz)", "Rechtenbach", "Schweigen", "Schweigen-Rechtenbach", "Schweigen-Rechtenbach (Rheinland-Pfalz)", "Schweighofen", "Schweighofen (Rheinland-Pfalz)", "Steinfeld", "Steinfeld (Rheinland-Pfalz)", "Vorderweidenthal", "Vorderweidenthal (Rheinland-Pfalz)", "Waldhof"], 
"76891": ["Bobenthal", "Bobenthal (Rheinland-Pfalz)", "Bruchweiler-B\u00e4renbach", "Bruchweiler-B\u00e4renbach (Rheinland-Pfalz)", "Bundenthal", "Bundenthal (Rheinland-Pfalz)", "Busenberg", "Busenberg (Rheinland-Pfalz)", "Erlenbach", "Erlenbach (Rheinland-Pfalz)", "Erlenbach bei Dahn", "Falkenm\u00fchle", "Finsternheim", "Lauterschwan", "Niederschlettenbach", "Niederschlettenbach (Rheinland-Pfalz)", "Nothweiler", "Nothweiler (Rheinland-Pfalz)", "Rumbach", "Rumbach (Rheinland-Pfalz)"]}