[{"plz": "15230", "ort": "Frankfurt (Oder)", "name": "Frankfurt (Oder), Stadt", "street": "Logenstraße 8"}, 
{"plz": "15230", "ort": "Frankfurt", "name": "Frankfurt", "street": "Marktplatz 1\nRathaus", "phone": "0335-552-0", "email": "buergeramt@frankfurt-oder.de"}, 
{"plz": "15295", "ort": "Brieskow-Finkenheerd", "name": "Brieskow-Finkenheerd", "street": "August-Bebel-Straße 18a"}, 
{"plz": "15299", "ort": "Müllrose", "name": "Grunow-Dammendorf", "street": "Bahnhofstraße 40"}, 
{"plz": "15306", "ort": "Seelow", "name": "Falkenhagen (Mark)", "street": "Küstriner Straße 67"}, 
{"plz": "15306", "ort": "Seelow", "name": "Seelow, Stadt", "street": "Küstriner Straße 61 und 67"}, 
{"plz": "15324", "ort": "Letschin", "name": "Letschin", "street": "Bahnhofstraße 30a"}, 
{"plz": "15326", "ort": "Lebus", "name": "Lebus, Stadt", "street": "Breite Straße 1"}, 
{"plz": "15328", "ort": "Golzow", "name": "Küstriner Vorland", "street": "Seelower Straße 14"}, 
{"plz": "15344", "ort": "Strausberg", "name": "Strausberg, Stadt", "street": "Hegermühlenstraße 58"}, 
{"plz": "15345", "ort": "Petershagen/Eggersdorf", "name": "Petershagen/Eggersdorf", "street": "Am Markt 8"}, 
{"plz": "15345", "ort": "Altlandsberg", "name": "Altlandsberg, Stadt", "street": "Berliner Allee 6"}, 
{"plz": "15366", "ort": "Neuenhagen bei Berlin", "name": "Neuenhagen bei Berlin", "street": "Am Rathaus 1"}, 
{"plz": "15366", "ort": "Hoppegarten OT Dahlwitz-Hoppegarten", "name": "Hoppegarten", "street": "Lindenallee 14"}, 
{"plz": "15370", "ort": "Fredersdorf-Vogelsdorf", "name": "Fredersdorf-Vogelsdorf", "street": "Lindenallee 3"}, 
{"plz": "15374", "ort": "Müncheberg", "name": "Müncheberg, Stadt", "street": "Rathausstraße 1"}, 
{"plz": "15377", "ort": "Buckow (Märkische Schweiz)", "name": "Buckow (Märkische Schweiz), Stadt", "street": "Hauptstraße 1"}, 
{"plz": "15517", "ort": "Fürstenwalde/Spree", "name": "Fürstenwalde/Spree, Stadt", "street": "Am Markt 4"}, 
{"plz": "15518", "ort": "Briesen (Mark)", "name": "Briesen (Mark)", "street": "Bahnhofstraße 3-4"}, 
{"plz": "15526", "ort": "Bad Saarow", "name": "Diensdorf-Radlow", "street": "Forsthausstraße 4"}, 
{"plz": "15528", "ort": "Spreenhagen", "name": "Gosen-Neu Zittau", "street": "Hauptstraße 13"}, 
{"plz": "15537", "ort": "Grünheide (Mark)", "name": "Grünheide (Mark)", "street": "Am Marktplatz 1"}, 
{"plz": "15537", "ort": "Erkner", "name": "Erkner, Stadt", "street": "Friedrichstraße 6-8"}, 
{"plz": "15562", "ort": "Rüdersdorf bei Berlin", "name": "Rüdersdorf bei Berlin", "street": "Hans-Striegelski-Straße 5"}, 
{"plz": "15566", "ort": "Schöneiche bei Berlin", "name": "Schöneiche bei Berlin", "street": "Dorfaue 1"}, 
{"plz": "15569", "ort": "Woltersdorf", "name": "Woltersdorf", "street": "Rudolf-Breitscheid-Straße 23"}, 
{"plz": "15711", "ort": "Königs Wusterhausen", "name": "Königs Wusterhausen, Stadt", "street": "Schloßstraße 3"}, 
{"plz": "15732", "ort": "Schulzendorf", "name": "Schulzendorf", "street": "Richard-Israel-Straße 1"}, 
{"plz": "15732", "ort": "Eichwalde", "name": "Eichwalde", "street": "Grünauer Straße 49"}, 
{"plz": "15738", "ort": "Zeuthen", "name": "Zeuthen", "street": "Schillerstraße 1"}, 
{"plz": "15741", "ort": "Bestensee", "name": "Bestensee", "street": "Eichhornstraße 4-5"}, 
{"plz": "15745", "ort": "Wildau", "name": "Wildau, Stadt", "street": "Karl-Marx-Straße 36"}, 
{"plz": "15749", "ort": "Mittenwalde", "name": "Mittenwalde, Stadt", "street": "Rathausstraße 8"}, 
{"plz": "15754", "ort": "Heidesee OT Friedersdorf", "name": "Heidesee", "street": "Lindenstraße 14b"}, 
{"plz": "15755", "ort": "Teupitz", "name": "Märkisch Buchholz, Stadt", "street": "Markt 9"}, 
{"plz": "15806", "ort": "Zossen", "name": "Zossen, Stadt", "street": "Marktplatz 20"}, 
{"plz": "15827", "ort": "Blankenfelde-Mahlow OT Blankenfelde", "name": "Blankenfelde-Mahlow", "street": "Karl-Marx-Straße 4"}, 
{"plz": "15834", "ort": "Rangsdorf", "name": "Rangsdorf", "street": "Seebadallee 30"}, 
{"plz": "15837", "ort": "Baruth/Mark", "name": "Baruth/Mark, Stadt", "street": "Ernst-Thälmann-Platz 4"}, 
{"plz": "15838", "ort": "Am Mellensee", "name": "Am Mellensee", "street": "Zossener Straße 21c"}, 
{"plz": "15848", "ort": "Friedland", "name": "Friedland, Stadt", "street": "Lindenstraße 13"}, 
{"plz": "15848", "ort": "Tauche", "name": "Tauche", "street": "Beeskower Chaussee 70"}, 
{"plz": "15848", "ort": "Beeskow", "name": "Beeskow, Stadt", "street": "Berliner Straße 30"}, 
{"plz": "15848", "ort": "Rietz-Neuendorf", "name": "Rietz-Neuendorf", "street": "Fürstenwalder Straße 1"}, 
{"plz": "15859", "ort": "Storkow (Mark)", "name": "Storkow (Mark), Stadt", "street": "Rudolf-Breitscheid-Straße 74"}, 
{"plz": "15890", "ort": "Eisenhüttenstadt", "name": "Eisenhüttenstadt, Stadt", "street": "Zentraler Platz 1"}, 
{"plz": "15898", "ort": "Neuzelle", "name": "Neißemünde", "street": "Lindenpark 6"}, 
{"plz": "15907", "ort": "Lübben (Spreewald)", "name": "Lübben (Spreewald) / Lubin (Błota), Stadt", "street": "Poststraße 5"}, 
{"plz": "15913", "ort": "Straupitz (Spreewald)", "name": "Alt Zauche-Wußwerk/Stara Niwa-Wózwjerch", "street": "Kirchstraße 11"}, 
{"plz": "15913", "ort": "Märkische Heide", "name": "Märkische Heide/Markojska Góla", "street": "Schloßstraße 13a"}, 
{"plz": "15926", "ort": "Luckau", "name": "Luckau, Stadt", "street": "Am Markt 34"}, 
{"plz": "15926", "ort": "Heideblick", "name": "Heideblick", "street": "Langengrassau Luckauer Straße 61"}, 
{"plz": "15936", "ort": "Dahme/Mark", "name": "Dahme/Mark, Stadt", "street": "Hauptstraße 48-49"}, 
{"plz": "15938", "ort": "Golßen", "name": "Krausnick-Groß Wasserburg", "street": "Markt 1"}]