[{"plz": "14052", "ort": "Berlin", "name": "Berlin Heerstr.", "street": "Heerstr. 12", "email": "buergeramt@charlottenburg-wilmersdorf.de"}, 
{"plz": "14089", "ort": "Berlin", "name": "Berlin Kladow", "street": "Parnemannweg 22\nNebengebäude der Nachbarschaftshauses Kladow", "email": "buergeramt@ba-spandau.berlin.de"}, 
{"plz": "14163", "ort": "Berlin", "name": "Berlin Zehlendorf", "street": "Kirchstr. 1/3", "email": "buergeramt@ba-sz.berlin.de"}, 
{"plz": "14469", "ort": "Potsdam", "name": "Potsdam", "street": "Friedrich-Ebert-Str. 79/81", "phone": "0331-289-1111", "email": "buergerservice@rathaus.potsdam.de"}, 
{"plz": "14469", "ort": "Potsdam", "name": "Potsdam, Stadt", "street": "Friedrich-Ebert-Straße 79-81"}, 
{"plz": "14513", "ort": "Teltow", "name": "Teltow, Stadt", "street": "Marktplatz 1-3"}, 
{"plz": "14532", "ort": "Stahnsdorf", "name": "Stahnsdorf", "street": "Annastraße 3"}, 
{"plz": "14532", "ort": "Kleinmachnow", "name": "Kleinmachnow", "street": "Adolf-Grimme-Ring 10"}, 
{"plz": "14542", "ort": "Werder (Havel)", "name": "Werder (Havel), Stadt", "street": "Eisenbahnstraße 13-14"}, 
{"plz": "14547", "ort": "Beelitz", "name": "Beelitz, Stadt", "street": "Berliner Straße 202"}, 
{"plz": "14548", "ort": "Schwielowsee", "name": "Schwielowsee", "street": "Potsdamer Platz 9"}, 
{"plz": "14550", "ort": "Groß Kreutz (Havel)", "name": "Groß Kreutz (Havel)", "street": "Potsdamer Landstraße 49b"}, 
{"plz": "14552", "ort": "Michendorf", "name": "Michendorf", "street": "Potsdamer Straße 33"}, 
{"plz": "14554", "ort": "Seddiner See", "name": "Seddiner See", "street": "Kiefernweg 5"}, 
{"plz": "14558", "ort": "Nuthetal", "name": "Nuthetal", "street": "Arthur-Scheunert-Allee 103"}, 
{"plz": "14612", "ort": "Falkensee", "name": "Falkensee, Stadt", "street": "Falkenhagener Straße 43/49"}, 
{"plz": "14621", "ort": "Schönwalde-Glien", "name": "Schönwalde-Glien", "street": "Berliner Allee 7"}, 
{"plz": "14624", "ort": "Dallgow-Döberitz", "name": "Dallgow-Döberitz", "street": "Wilmsstraße 41"}, 
{"plz": "14641", "ort": "Nauen", "name": "Nauen, Stadt", "street": "Rathausplatz 1"}, 
{"plz": "14641", "ort": "Wustermark", "name": "Wustermark", "street": "Hoppenrader Allee 1"}, 
{"plz": "14656", "ort": "Brieselang", "name": "Brieselang", "street": "Am Markt 3"}, 
{"plz": "14662", "ort": "Friesack", "name": "Friesack, Stadt", "street": "Marktstraße 22"}, 
{"plz": "14669", "ort": "Ketzin/Havel", "name": "Ketzin/Havel, Stadt", "street": "Rathausstraße 7"}, 
{"plz": "14712", "ort": "Rathenow", "name": "Rathenow, Stadt", "street": "Berliner Straße 15"}, 
{"plz": "14715", "ort": "Milower Land", "name": "Milower Land", "street": "Friedensstraße 86"}, 
{"plz": "14715", "ort": "Nennhausen", "name": "Stechow-Ferchesar", "street": "Fouqué-Platz 3"}, 
{"plz": "14727", "ort": "Premnitz", "name": "Premnitz, Stadt", "street": "Gerhart-Hauptmann-Straße 3"}, 
{"plz": "14728", "ort": "Rhinow", "name": "Rhinow, Stadt", "street": "Lilienthalstraße 3"}, 
{"plz": "14770", "ort": "Brandenburg an der Havel", "name": "Brandenburg an der Havel, Stadt", "street": "Altstädtischer Markt 10"}, 
{"plz": "14770", "ort": "Brandenburg", "name": "Brandenburg Nicolaiplatz", "street": "Nicolaiplatz 30", "phone": "03381-58-13-00", "email": "buergerservice@stadt-brandenburg.de"}, 
{"plz": "14774", "ort": "Brandenburg", "name": "Brandenburg Ortsteilverwaltung Plaue / Kirchmöser", "street": "Unter den Platanen 2", "phone": "03381-800-110", "email": "buergerservice@stadt-brandenburg.de"}, 
{"plz": "14778", "ort": "Beetzsee OT Brielow", "name": "Havelsee, Stadt", "street": "Chausseestraße 33b"}, 
{"plz": "14789", "ort": "Wusterwitz", "name": "Wusterwitz", "street": "August-Bebel-Straße 10"}, 
{"plz": "14793", "ort": "Ziesar", "name": "Ziesar, Stadt", "street": "Mühlentor 15A"}, 
{"plz": "14797", "ort": "Kloster Lehnin", "name": "Kloster Lehnin", "street": "Friedensstraße 3"}, 
{"plz": "14806", "ort": "Bad Belzig", "name": "Bad Belzig, Stadt", "street": "Wiesenburger Straße 6"}, 
{"plz": "14822", "ort": "Brück", "name": "Brück, Stadt", "street": "Ernst-Thälmann-Straße 59"}, 
{"plz": "14823", "ort": "Niemegk", "name": "Rabenstein/Fläming", "street": "Großstraße 6"}, 
{"plz": "14827", "ort": "Wiesenburg/Mark", "name": "Wiesenburg/Mark", "street": "Schloßstraße 1"}, 
{"plz": "14913", "ort": "Niedergörsdorf", "name": "Niedergörsdorf", "street": "Dorfstraße 14f"}, 
{"plz": "14913", "ort": "Jüterbog", "name": "Jüterbog, Stadt", "street": "Markt 21"}, 
{"plz": "14929", "ort": "Treuenbrietzen", "name": "Treuenbrietzen, Stadt", "street": "Großstraße 105"}, 
{"plz": "14943", "ort": "Luckenwalde", "name": "Luckenwalde, Stadt", "street": "Markt 10"}, 
{"plz": "14947", "ort": "Nuthe-Urstromtal", "name": "Nuthe-Urstromtal", "street": "Frankenfelder Straße 10"}, 
{"plz": "14959", "ort": "Trebbin", "name": "Trebbin, Stadt", "street": "Markt 1-3"}, 
{"plz": "14974", "ort": "Ludwigsfelde", "name": "Ludwigsfelde, Stadt", "street": "Rathausstraße 3"}, 
{"plz": "14979", "ort": "Großbeeren", "name": "Großbeeren", "street": "Am Rathaus 1"}]