[{"plz": "99084", "ort": "Erfurt", "name": "Erfurt", "street": "Bürgermeister-Wagner-Str. 1", "phone": "0361-655-5444", "email": "meldeangelegenheiten@erfurt.de"}, 
{"plz": "99084", "ort": "Erfurt", "name": "Erfurt, Stadt", "street": "Fischmarkt 1"}, 
{"plz": "99189", "ort": "Gebesee", "name": "Gebesee, Stadt", "street": "Marktplatz 13"}, 
{"plz": "99189", "ort": "Elxleben a. d. Gera", "name": "Witterda", "street": "Gerhart-Hauptmann-Straße 1"}, 
{"plz": "99192", "ort": "Nesse-Apfelstädt", "name": "Nesse-Apfelstädt", "street": "Zinzendorfstraße 1"}, 
{"plz": "99195", "ort": "Schloßvippach", "name": "Schloßvippach", "street": "Erfurter Straße 6"}, 
{"plz": "99310", "ort": "Osthausen-Wülfershausen", "name": "Osthausen-Wülfershausen", "street": "Am Fluplatz 10"}, 
{"plz": "99310", "ort": "Arnstadt", "name": "Arnstadt, Stadt", "street": "Markt 1"}, 
{"plz": "99326", "ort": "Stadtilm", "name": "Stadtilm, Stadt", "street": "Straße der Einheit 1"}, 
{"plz": "99330", "ort": "Geratal", "name": "Geratal", "street": "An der Glashütte 3"}, 
{"plz": "99331", "ort": "Geratal", "name": "Plaue, Stadt", "street": "Zum Bahnhof 59 a"}, 
{"plz": "99334", "ort": "Amt Wachsenburg", "name": "Amt Wachsenburg", "street": "Erfurter Straße 42"}, 
{"plz": "99423", "ort": "Weimar", "name": "Weimar", "street": "Schwanseestr. 17\nHaus II", "phone": "03643-762-762", "email": "buergerbuero@stadtweimar.de"}, 
{"plz": "99423", "ort": "Weimar", "name": "Weimar, Stadt", "street": "Schwanseestraße 17"}, 
{"plz": "99428", "ort": "Grammetal", "name": "Grammetal", "street": "Schloßgasse 19"}, 
{"plz": "99438", "ort": "Bad Berka", "name": "Bad Berka, Stadt", "street": "Am Markt 10"}, 
{"plz": "99439", "ort": "Am Ettersberg", "name": "Neumark, Stadt", "street": "Hauptstraße 23"}, 
{"plz": "99441", "ort": "Mellingen", "name": "Kleinschwabhausen", "street": "Karl-Alexander-Straße 134 a"}, 
{"plz": "99444", "ort": "Blankenhain", "name": "Blankenhain, Stadt", "street": "Marktstraße 4"}, 
{"plz": "99448", "ort": "Kranichfeld", "name": "Kranichfeld, Stadt", "street": "Alexanderstraße 7"}, 
{"plz": "99510", "ort": "Ilmtal-Weinstraße", "name": "Ilmtal-Weinstraße", "street": "Willerstedter Straße 1"}, 
{"plz": "99510", "ort": "Apolda", "name": "Apolda, Stadt", "street": "Markt 1"}, 
{"plz": "99518", "ort": "Bad Sulza", "name": "Bad Sulza, Stadt", "street": "Markt 1"}, 
{"plz": "99610", "ort": "Sömmerda", "name": "Sömmerda, Stadt", "street": "Marktplatz 3-4"}, 
{"plz": "99625", "ort": "Kölleda", "name": "Rastenberg, Stadt", "street": "Markt 24"}, 
{"plz": "99625", "ort": "Kölleda", "name": "Kölleda, Stadt", "street": "Markt 1"}, 
{"plz": "99628", "ort": "Buttstädt", "name": "Buttstädt", "street": "Großemsener Weg 5"}, 
{"plz": "99631", "ort": "Weißensee/Thür.", "name": "Weißensee, Stadt", "street": "Marktplatz 26"}, 
{"plz": "99634", "ort": "Straußfurt", "name": "Riethnordhausen", "street": "Bahnhofstraße 13"}, 
{"plz": "99638", "ort": "Kindelbrück", "name": "Kindelbrück", "street": "Puschkinplatz 1"}, 
{"plz": "99706", "ort": "Sondershausen", "name": "Sondershausen, Stadt", "street": "Markt 7"}, 
{"plz": "99707", "ort": "Kyffhäuserland", "name": "Kyffhäuserland", "street": "Neuendorfstraße 3"}, 
{"plz": "99713", "ort": "Ebeleben", "name": "Freienbessingen", "street": "Rathausstraße 2"}, 
{"plz": "99713", "ort": "Helbedündorf", "name": "Helbedündorf", "street": "Rasenweg 5"}, 
{"plz": "99718", "ort": "Greußen", "name": "Clingen, Stadt", "street": "Bahnhofstraße 13 a"}, 
{"plz": "99734", "ort": "Nordhausen", "name": "Nordhausen, Stadt", "street": "Markt 1"}, 
{"plz": "99735", "ort": "Werther", "name": "Werther", "street": "Dorfstraße 18"}, 
{"plz": "99735", "ort": "Kleinfurra", "name": "Kleinfurra", "street": "Hauptstraße 27"}, 
{"plz": "99752", "ort": "Kehmstedt", "name": "Kehmstedt", "street": "Hauptstraße 12"}, 
{"plz": "99752", "ort": "Bleicherode", "name": "Bleicherode, Stadt", "street": "Hauptstraße 37"}, 
{"plz": "99752", "ort": "Lipprechterode", "name": "Lipprechterode", "street": "Krajaer Straße 124"}, 
{"plz": "99755", "ort": "Ellrich", "name": "Ellrich, Stadt", "street": "Salzstraße 8"}, 
{"plz": "99755", "ort": "Hohenstein b. Nordhausen", "name": "Hohenstein", "street": "Ernst-Thälmann-Straße 62"}, 
{"plz": "99759", "ort": "Sollstedt", "name": "Sollstedt", "street": "Am Markt 2"}, 
{"plz": "99759", "ort": "Großlohra", "name": "Großlohra", "street": "Kirchberg 41"}, 
{"plz": "99765", "ort": "Görsbach", "name": "Görsbach", "street": "Beethovenstraße 235"}, 
{"plz": "99765", "ort": "Urbach b. Nordhausen", "name": "Urbach", "street": "Kreisstraße 42"}, 
{"plz": "99765", "ort": "Heringen/Helme", "name": "Heringen/Helme, Stadt", "street": "Straße der Einheit 100"}, 
{"plz": "99768", "ort": "Harztor", "name": "Harztor", "street": "Ilgerstraße 23"}, 
{"plz": "99817", "ort": "Eisenach", "name": "Eisenach, Stadt", "street": "Markt 2"}, 
{"plz": "99820", "ort": "Hörselberg-Hainich", "name": "Hörselberg-Hainich", "street": "Hauptstraße 90 a"}, 
{"plz": "99830", "ort": "Treffurt", "name": "Treffurt, Stadt", "street": "Rathausstraße 12"}, 
{"plz": "99831", "ort": "Amt Creuzburg", "name": "Amt Creuzburg, Stadt", "street": "Michael-Praetorius-Platz 2"}, 
{"plz": "99834", "ort": "Gerstungen", "name": "Gerstungen", "street": "Wilhelmstraße 53"}, 
{"plz": "99837", "ort": "Werra-Suhl-Tal", "name": "Werra-Suhl-Tal, Stadt", "street": "Markt 1"}, 
{"plz": "99842", "ort": "Ruhla", "name": "Ruhla, Stadt", "street": "Carl-Gareis-Straße 16"}, 
{"plz": "99848", "ort": "Wutha-Farnroda", "name": "Wutha-Farnroda", "street": "Eisenacher Straße 49"}, 
{"plz": "99867", "ort": "Gotha/Thür.", "name": "Gotha, Stadt", "street": "Hauptmarkt 1"}, 
{"plz": "99869", "ort": "Nessetal", "name": "Sonneborn", "street": "Hauptstraße 15"}, 
{"plz": "99869", "ort": "Drei Gleichen", "name": "Drei Gleichen", "street": "Schulstraße 1"}, 
{"plz": "99869", "ort": "Friemar", "name": "Pferdingsleben", "street": "Dr.-Külz-Straße 4"}, 
{"plz": "99880", "ort": "Waltershausen", "name": "Waltershausen, Stadt", "street": "Markt 1"}, 
{"plz": "99880", "ort": "Hörsel", "name": "Hörsel", "street": "Waltershäuser Straße 16 a"}, 
{"plz": "99885", "ort": "Ohrdruf", "name": "Ohrdruf, Stadt", "street": "Marktplatz 1"}, 
{"plz": "99887", "ort": "Georgenthal", "name": "Georgenthal", "street": "Tambacher Straße 2"}, 
{"plz": "99891", "ort": "Bad Tabarz", "name": "Bad Tabarz", "street": "Theodor-Neubauer-Park 1"}, 
{"plz": "99894", "ort": "Friedrichroda", "name": "Friedrichroda, Stadt", "street": "Gartenstraße 9"}, 
{"plz": "99897", "ort": "Tambach-Dietharz", "name": "Tambach-Dietharz/Thür. Wald, Stadt", "street": "Burgstallstraße 31 a"}, 
{"plz": "99947", "ort": "Bad Langensalza", "name": "Bad Langensalza, Stadt", "street": "Marktstraße 1"}, 
{"plz": "99955", "ort": "Herbsleben", "name": "Großvargula", "street": "Hauptstraße 52"}, 
{"plz": "99955", "ort": "Bad Tennstedt", "name": "Bad Tennstedt, Stadt", "street": "Markt 1"}, 
{"plz": "99958", "ort": "Tonna", "name": "Großfahner", "street": "Markt 7"}, 
{"plz": "99974", "ort": "Mühlhausen/Thüringen", "name": "Mühlhausen/Thüringen, Stadt", "street": "Ratsstraße 25"}, 
{"plz": "99974", "ort": "Unstruttal", "name": "Unstruttal", "street": "Herrenstraße 43"}, 
{"plz": "99976", "ort": "Rodeberg", "name": "Rodeberg", "street": "Lange Straße 11"}, 
{"plz": "99986", "ort": "Vogtei", "name": "Oppershausen", "street": "Hanfsack 3"}, 
{"plz": "99988", "ort": "Südeichsfeld", "name": "Südeichsfeld", "street": "Hauptstraße 22"}, 
{"plz": "99991", "ort": "Unstrut-Hainich", "name": "Unstrut-Hainich", "street": "Marktstraße 48"}, 
{"plz": "99994", "ort": "Nottertal-Heilinger Höhen", "name": "Nottertal-Heilinger Höhen, Stadt", "street": "Markt 1"}]