{"97070": ["Altstadt", "W\u00fcrzburg", "W\u00fcrzburg-Altstadt"], 
"97072": ["Altstadt", "Sanderau", "W\u00fcrzburg", "W\u00fcrzburg-Altstadt", "W\u00fcrzburg-Sanderau"], 
"97074": ["Frauenland", "Sanderau", "W\u00fcrzburg", "W\u00fcrzburg-Frauenland", "W\u00fcrzburg-Sanderau"], 
"97076": ["Gromb\u00fchl", "Lengfeld", "W\u00fcrzburg", "W\u00fcrzburg-Gromb\u00fchl", "W\u00fcrzburg-Lengfeld"], 
"97078": ["Gromb\u00fchl", "Lindleinsm\u00fchle", "Versbach", "W\u00fcrzburg", "W\u00fcrzburg-Gromb\u00fchl", "W\u00fcrzburg-Lindleinsm\u00fchle", "W\u00fcrzburg-Versbach"], 
"97080": ["Altstadt", "D\u00fcrrbachtal", "Gromb\u00fchl", "W\u00fcrzburg", "W\u00fcrzburg-Altstadt", "W\u00fcrzburg-D\u00fcrrbachtal", "W\u00fcrzburg-Gromb\u00fchl"], 
"97082": ["Altstadt", "Heidingsfeld", "Steinbachtal", "W\u00fcrzburg", "W\u00fcrzburg-Altstadt", "W\u00fcrzburg-Heidingsfeld", "W\u00fcrzburg-Steinbachtal", "W\u00fcrzburg-Zellerau", "Zellerau"], 
"97084": ["Heidingsfeld", "Heuchelhof", "Rottenbauer", "W\u00fcrzburg", "W\u00fcrzburg-Heidingsfeld", "W\u00fcrzburg-Heuchelhof", "W\u00fcrzburg-Rottenbauer"], 
"97199": ["Darstadt", "Erlach", "Go\u00dfmannsdorf", "Hohestadt", "Hopferstadt", "Kleinochsenfurt", "Ochsenfurt", "Ochsenfurt-Darstadt", "Ochsenfurt-Erlach", "Ochsenfurt-Go\u00dfmannsdorf", "Ochsenfurt-Hohestadt", "Ochsenfurt-Hopferstadt", "Ochsenfurt-Kleinochsenfurt", "Ochsenfurt-T\u00fcckelhausen", "Ochsenfurt-Zeubelried", "T\u00fcckelhausen", "Zeubelried"], 
"97204": ["Bayern-H\u00f6chberg", "H\u00f6chberg"], 
"97209": ["Bayern-Veitsh\u00f6chheim", "Gadheim", "Veitsh\u00f6chheim"], 
"97215": ["Adelhofen", "Aspachhof", "Auernhofen", "Bayern-Simmershofen", "Bayern-Uffenheim", "Bayern-Weigenheim", "Brackenlohr", "Custenlohr", "Equarhofen", "Geckenheim", "Hasenm\u00fchle", "Hinterpfeinach", "Hohlach", "Kleinharbach", "Langensteinach", "Lanzenm\u00fchle", "Reusch", "Rudolzhofen", "Schafhof", "Schlo\u00df Frankenberg", "Simmershofen", "Uffenheim", "Uttenhofen", "Vorderpfeinach", "Walkershofen", "Wallmersbach", "Weigenheim", "Welbhausen", "Zellesm\u00fchle"], 
"97218": ["Bayern-Gerbrunn", "Gerbrunn", "Giesh\u00fcgel"], 
"97222": ["Bayern-Rimpar", "Gramschatz", "Maidbronn", "Rimpar"], 
"97225": ["Bayern-Zellingen", "Duttenbrunn", "Retzbach", "Zellingen"], 
"97228": ["Bayern-Rottendorf", "Rottendorf"], 
"97230": ["Bayern-Estenfeld", "Estenfeld"], 
"97232": ["Allersheim", "Bayern-Giebelstadt", "Euerhausen", "E\u00dffeld", "Giebelstadt", "Herchsheim", "Ingolstadt i.UFr.", "Kauzenm\u00fchle", "Sulzdorf", "Verwaltungsgemeinschaft Giebelstadt"], 
"97234": ["Albertshausen", "Bayern-Reichenberg", "Fuchsstadt", "Lindflur", "Reichenberg", "Uengershausen"], 
"97236": ["Bayern-Randersacker", "Randersacker"], 
"97237": ["Altertheim", "Bayern-Altertheim", "Oberaltertheim", "Steinbach", "Unteraltertheim"], 
"97239": ["Aub", "Bayern-Aub"], 
"97241": ["Bayern-Bergtheim", "Bayern-Oberpleichfeld", "Bergtheim", "Oberpleichfeld"], 
"97243": ["Bayern-Bieberehren", "Bieberehren", "Buch"], 
"97244": ["Bayern-B\u00fctthard", "B\u00fctthard", "Oesfeld"], 
"97246": ["Bayern-Eibelstadt", "Eibelstadt", "Verwaltungsgemeinschaft Eibelstadt"], 
"97247": ["Bayern-Eisenheim", "Eisenheim", "Kaltenhausen", "Obereisenheim", "Untereisenheim"], 
"97249": ["Bayern-Eisingen", "Eisingen"], 
"97250": ["Bayern-Erlabrunn", "Erlabrunn"], 
"97252": ["Bayern-Frickenhausen", "Frickenhausen", "Frickenhausen a. Main", "Frickenhausen a.Main", "Frickenhausen am Main"], 
"97253": ["Acholshausen", "Bayern-Gauk\u00f6nigshofen", "Eichelsee", "Gauk\u00f6nigshofen", "Rittershausen"], 
"97255": ["Bayern-Gelchsheim", "Bayern-Sonderhofen", "Bolzhausen", "Gelchsheim", "Oellingen", "Osthausen", "Sonderhofen", "S\u00e4chsenheim"], 
"97256": ["Bayern-Geroldshausen", "Geroldshausen"], 
"97258": ["Bayern-Gollhofen", "Bayern-Hemmersheim", "Bayern-Ippesheim", "Bayern-Oberickelsheim", "Bullenheim", "Gemeindem\u00fchle", "Gollhofen", "Hemmersheim", "Herrnberchtheim", "Ippesheim", "Lipprichhausen", "Oberickelsheim", "Pfahlenheim", "Rodheim", "Winkelm\u00fchle"], 
"97259": ["Bayern-Greu\u00dfenheim", "Greu\u00dfenheim"], 
"97261": ["Bayern-G\u00fcntersleben", "G\u00fcntersleben"], 
"97262": ["Bayern-Hausen", "Erbshausen-Sulzwiesen", "Hausen", "Hausen b. W\u00fcrzburg", "Hausen bei W\u00fcrzburg"], 
"97264": ["Bayern-Helmstadt", "Helmstadt"], 
"97265": ["Bayern-Hettstadt", "Hettstadt"], 
"97267": ["Bayern-Himmelstadt", "Himmelstadt"], 
"97268": ["Bayern-Kirchheim", "Kirchheim"], 
"97270": ["Bayern-Kist", "Irtenberg", "Kist"], 
"97271": ["Bayern-Kleinrinderfeld", "Kleinrinderfeld"], 
"97273": ["Bayern-K\u00fcrnach", "K\u00fcrnach"], 
"97274": ["Bayern-Leinach", "Leinach"], 
"97276": ["Bayern-Margetsh\u00f6chheim", "Margetsh\u00f6chheim"], 
"97277": ["Bayern-Neubrunn", "Neubrunn"], 
"97279": ["Bayern-Prosselsheim", "Prosselsheim", "P\u00fcssensheim", "Seligenstadt"], 
"97280": ["Bayern-Remlingen", "Remlingen"], 
"97282": ["Bayern-Retzstadt", "Retzstadt"], 
"97283": ["Bayern-Riedenheim", "Riedenheim", "Stalldorf"], 
"97285": ["Bayern-R\u00f6ttingen", "Bayern-Tauberrettersheim", "R\u00f6ttingen", "Tauberrettersheim"], 
"97286": ["Bayern-Sommerhausen", "Bayern-Winterhausen", "Sommerhausen", "Winterhausen"], 
"97288": ["Bayern-Theilheim", "Theilheim"], 
"97289": ["Bayern-Th\u00fcngen", "Th\u00fcngen"], 
"97291": ["Bayern-Th\u00fcngersheim", "Th\u00fcngersheim"], 
"97292": ["Bayern-Holzkirchen", "Bayern-Uettingen", "Holzkirchen", "Holzm\u00fchle", "Uettingen", "W\u00fcstenzell"], 
"97294": ["Bayern-Unterpleichfeld", "Helmstadt", "Hilpertshausen", "Holzkirchhausen", "Unterpleichfeld"], 
"97295": ["Bayern-Waldbrunn", "Waldbrunn"], 
"97297": ["Bayern-Waldb\u00fcttelbrunn", "M\u00e4delhofen", "Ro\u00dfbrunn", "Waldb\u00fcttelbrunn"], 
"97299": ["Bayern-Zell", "Zell", "Zell a. Main", "Zell am Main"], 
"97318": ["Biebelried", "Etwashausen", "Hoheim", "Hohenfeld", "Kaltensondheim", "Kitzingen", "Kitzingen-Biebelried", "Repperndorf", "Sickershausen", "Westheim"], 
"97320": ["Albertshofen", "Buchbrunn", "Gro\u00dflangheim", "Kitzingen-Albertshofen", "Kitzingen-Buchbrunn", "Kitzingen-Gro\u00dflangheim", "Kitzingen-Mainstockheim", "Kitzingen-Sulzfeld", "Mainstockheim", "Sulzfeld", "Sulzfeld a. Main", "Sulzfeld am Main", "Weidenm\u00fchle"], 
"97332": ["Astheim", "Dimbach", "Eichfeld", "Elgersheim", "Escherndorf", "Fahr", "Gaibach", "Hallburg", "Kitzingen-Volkach", "Krautheim", "K\u00f6hler", "Obervolkach", "Rimbach", "Stettenm\u00fchle", "Strehlhof", "Vogelsburg", "Volkach", "Wenzelsm\u00fchle", "Ziegelh\u00fctte", "\u00d6ttershausen"], 
"97334": ["Kitzingen-Nordheim", "Kitzingen-Sommerach", "Nordheim", "Nordheim a. Main", "Nordheim am Main", "Sommerach"], 
"97335": ["Dettelbach", "Neuses am Berg"], 
"97337": ["Bibergau", "Br\u00fcck", "Dettelbach", "Effeldorf", "Euerfeld", "Kitzingen-Dettelbach", "Mainsondheim", "Neuses am Berg", "Neusetz", "Schernau", "Schnepfenbach"], 
"97340": ["Enheim", "Gnodstadt", "Gn\u00f6tzheim", "Kitzingen-Marktbreit", "Kitzingen-Martinsheim", "Kitzingen-Segnitz", "Marktbreit", "Martinsheim", "Segnitz", "Unterickelsheim"], 
"97342": ["Iffigheim", "Kitzingen-Marktsteft", "Kitzingen-Obernbreit", "Kitzingen-Seinsheim", "Marktsteft", "Michelfeld", "Obernbreit", "Seinsheim", "Tiefenstockheim", "W\u00e4sserndorf"], 
"97346": ["Birklingen", "Dornheim", "Forsthaus", "Hellmitzheim", "Iphofen", "Kitzingen-Iphofen", "M\u00f6nchsondheim", "Nenzenheim", "Possenheim"], 
"97348": ["Am K\u00fchbuck", "Am Wasserh\u00e4uschen", "Fr\u00f6hstockheim", "H\u00fcttenheim", "Kitzingen-R\u00f6delsee", "Kitzingen-Willanzheim", "Markt Einersheim", "Markt Einersheim (Kitzingen)", "Markt Herrnsheim", "R\u00f6delsee", "Schwanberg", "Willanzheim"], 
"97350": ["Kitzingen-Mainbernheim", "Mainbernheim"], 
"97353": ["Feuerbach", "Geesdorf", "Kitzingen-Wiesentheid", "Reupelsdorf", "Untersambach", "Wiesentheid"], 
"97355": ["Abtswind", "Atzhausen", "Castell", "Greuth", "Haidt", "Kitzingen-Abtswind", "Kitzingen-Castell", "Kitzingen-Kleinlangheim", "Kitzingen-R\u00fcdenhausen", "Kitzingen-Wiesenbronn", "Kleinlangheim", "R\u00fcdenhausen", "Stephansberg", "Trautberg", "Wiesenbronn", "W\u00fcstenfelden"], 
"97357": ["Altensch\u00f6nbach", "Bimbach", "Br\u00fcnnau", "J\u00e4rkendorf", "Kirchsch\u00f6nbach", "Kitzingen-Prichsenstadt", "Laub", "Neudorf", "Neuses am Sand", "Prichsenstadt", "R\u00fcdern", "Schnaudersm\u00fchle", "Stadelschwarzach", "Wiesenm\u00fchle"], 
"97359": ["D\u00fcllstadt", "Gerlachshausen", "H\u00f6rblach", "Kitzingen-Schwarzach", "M\u00fcnsterschwarzach", "Schwarzach", "Schwarzach a. Main", "Schwarzach am Main", "Schwarzenau", "Stadtschwarzach"], 
"97421": ["Altstadt", "Bayern-Schweinfurt", "Bellevue", "Fischerrain", "Gartenstadt", "Hainig", "Kiliansberg", "Musikerviertel", "Schweinfurt", "Z\u00fcrch"], 
"97422": ["Deutschhof", "Eselsh\u00f6he", "Haardt", "Hochfeld/Steinberg", "Schweinfurt"], 
"97424": ["Bergl", "Gartenstadt", "Hafen", "Maintal", "Oberndorf (Schweinfurt)", "Schweinfurt"], 
"97437": ["Bayern-Ha\u00dffurt", "Ha\u00dffurt", "Uchenhofen"], 
"97440": ["Bayern-Werneck", "Eckartshausen", "Egenhausen", "Ettleben", "E\u00dfleben", "M\u00fchlhausen", "Rundelshausen", "Schleerieth", "Schnackenwerth", "Schraudenbach", "Stettbach", "Vasb\u00fchl", "Werneck", "Zeuzleben"], 
"97447": ["Bayern-Frankenwinheim", "Bayern-Gerolzhofen", "Br\u00fcnnstadt", "Frankenwinheim", "Gerolzhofen", "Klesenm\u00fchle", "Lindelachshof"], 
"97450": ["Altbessingen", "Arnstein", "Bayern-Arnstein", "Binsbach", "Binsfeld", "B\u00fcchold", "G\u00e4nheim", "Halsheim", "Heugrumbach", "M\u00fcdesheim", "Neubessingen", "Reuchelheim"], 
"97453": ["Abersfeld", "Bayern-Schonungen", "Forst", "Hausen", "L\u00f6ffelsterz", "Mainberg", "Marktsteinach", "Schonungen"], 
"97456": ["Bayern-Dittelbrunn", "Dittelbrunn", "Hambach"], 
"97461": ["Bayern-Hofheim", "Eichelsdorf", "Erlsdorf", "Go\u00dfmannsdorf", "Hofheim", "Hofheim i.UFr.", "Hofheim in Unterfranken", "Lendershausen", "Manau", "Ostheim", "Reckertshausen", "R\u00fcgheim", "Sulzbach"], 
"97464": ["Bayern-Niederwerrn", "Niederwerrn", "Oberwerrn"], 
"97469": ["Bayern-Gochsheim", "Gochsheim"], 
"97475": ["Bayern-Zeil", "Zeil", "Zeil a. Main", "Zeil am Main"], 
"97478": ["Bayern-Knetzgau", "Knetzgau", "Wohnau"], 
"97483": ["Bayern-Eltmann", "Eltmann", "Ro\u00dfstadt", "Weisbrunn"], 
"97486": ["Altershausen", "Bayern-K\u00f6nigsberg", "D\u00f6rflis", "Hellingen", "Hofstetten", "Junkersdorf (K\u00f6nigsberg in Bayern)", "Klaubm\u00fchle", "Kottenbrunn", "K\u00f6nigsberg", "K\u00f6nigsberg i.Bay.", "K\u00f6nigsberg in Bayern", "K\u00f6slau"], 
"97488": ["Altenm\u00fcnster", "Ballingshausen", "Bayern-Stadtlauringen", "Birnfeld", "Fuchsstadt", "Mailes", "Oberlauringen", "Stadtlauringen", "Sulzdorf", "Wettringen", "Wetzhausen"], 
"97490": ["Bayern-Poppenhausen", "Hain", "Kronungen", "K\u00fctzberg", "Maibach", "Pfersdorf", "Poppenhausen"], 
"97491": ["Aidhausen", "Bayern-Aidhausen", "Friesenhausen", "Happertshausen"], 
"97493": ["Bayern-Bergrheinfeld", "Bergrheinfeld"], 
"97494": ["Bayern-Bundorf", "Bundorf", "Schweinshaupten", "St\u00f6ckach (Bundorf)"], 
"97496": ["Bayern-Burgpreppach", "Birkach", "Burgpreppach", "Fitzendorf", "Gemeinfeld", "Hohnhausen", "Ibind", "Leuzendorf", "Ueschersdorf"], 
"97497": ["Bayern-Dingolshausen", "Bischwind", "Dingolshausen"], 
"97499": ["Bayern-Donnersdorf", "Donnersdorf", "Falkenstein", "Kleinrheinfeld", "Pusselsheim", "Traustadt", "Tugendorf"], 
"97500": ["Bayern-Ebelsbach", "Ebelsbach", "Rudendorf", "Sch\u00f6nbrunn"], 
"97502": ["Bayern-Euerbach", "Euerbach", "Obbach"], 
"97503": ["Bayern-G\u00e4dheim", "G\u00e4dheim", "Ottendorf"], 
"97505": ["Bayern-Geldersheim", "Geldersheim"], 
"97506": ["Bayern-Grafenrheinfeld", "Grafenrheinfeld"], 
"97508": ["Bayern-Grettstadt", "D\u00fcrrfeld", "Grettstadt", "Obereuerheim", "Untereuerheim"], 
"97509": ["Bayern-Kolitzheim", "Gernach", "Herlheim", "Kloster St Ludwig", "Kolitzheim", "Lindach", "Stammheim (Kolitzheim)", "Unterspiesheim", "Wadenbrunn", "Zeilitzheim"], 
"97511": ["Bayern-L\u00fclsfeld", "L\u00fclsfeld", "Schallfeld"], 
"97513": ["Altmannsdorf", "Bayern-Michelau", "Hundelshausen", "Michelau", "Michelau i. Steigerwald", "Michelau im Steigerwald", "Pr\u00fc\u00dfberg", "Saudrachshof", "Sudrach"], 
"97514": ["Bayern-Oberaurach", "Fatschenbrunn", "Geusfeld", "Markertsgr\u00fcn", "Oberaurach", "Tretzendorf", "Trossenfurt", "Waldschwind", "Wustviel"], 
"97516": ["Bayern-Oberschwarzach", "Breitbach", "D\u00fcttingsfeld", "Handthal", "Mutzenroth", "Oberschwarzach", "Sch\u00f6naich", "Siegendorf", "Wiebelsberg"], 
"97517": ["Bayern-Rannungen", "Rannungen"], 
"97519": ["Bayern-Riedbach", "Kleinsteinach (Riedbach)", "Kreuzthal (Riedbach)", "Riedbach"], 
"97520": ["Bayern-R\u00f6thlein", "Heidenfeld", "Hirschfeld", "R\u00f6thlein"], 
"97522": ["Bayern-Sand", "Sand", "Sand a. Main", "Sand am Main"], 
"97523": ["Bayern-Schwanfeld", "Schwanfeld"], 
"97525": ["Bayern-Schwebheim", "Schwebheim"], 
"97526": ["Bayern-Sennfeld", "Reichelshof", "Sennfeld"], 
"97528": ["Bayern-Sulzdorf", "Obere\u00dffeld", "Schwanhausen", "Serrfeld", "Sternberg im Grabfeld", "Sulzdorf", "Sulzdorf a.d.Lederhecke", "Sulzdorf an der Lederhecke", "Zimmerau"], 
"97529": ["Bayern-Sulzheim", "M\u00f6nchstockheim", "Sulzheim"], 
"97531": ["Bayern-Theres", "Buch", "Horhausen", "Obertheres", "Theres", "Untertheres", "Wagenhausen"], 
"97532": ["Bayern-\u00dcchtelhausen", "Ebertshausen", "Hesselbach", "Hoppachshof", "Madenhausen", "Ottenhausen", "Thomashof", "Weipoltshausen", "Zell", "\u00dcchtelhausen"], 
"97534": ["Bayern-Waigolshausen", "Theilheim", "Waigolshausen"], 
"97535": ["Bayern-Wasserlosen", "Brebersdorf", "Burghausen", "Gre\u00dfthal", "Kaisten", "R\u00fctschenhausen", "Schwemmelsbach", "Wasserlosen", "W\u00fclfershausen"], 
"97537": ["Bayern-Wipfeld", "Wipfeld"], 
"97539": ["Bayern-Wonfurt", "Dampfach", "Steinsfeld", "Wonfurt"], 
"97616": ["Bad Neustadt", "Bad Neustadt (Bayern)", "Bad Neustadt a.d.Saale", "Bad Neustadt an der Saale", "Bayern-Salz", "Brendlorenzen", "Gartenstadt", "Herschfeld", "Lebenhan", "L\u00f6hrieth", "Salz", "Salz (Unterfranken)"], 
"97618": ["Bayern-Heustreu", "Bayern-Hohenroth", "Bayern-Hollstadt", "Bayern-Niederlauer", "Bayern-R\u00f6delmaier", "Bayern-Strahlungen", "Bayern-Unsleben", "Bayern-Wollbach", "Bayern-W\u00fclfershausen", "Heustreu", "Hohenroth", "Hollstadt", "Niederlauer", "R\u00f6delmaier", "Strahlungen", "Unsleben", "Wollbach", "W\u00fclfershausen", "W\u00fclfershausen a.d.Saale", "W\u00fclfershausen an der Saale"], 
"97631": ["Althausen", "Aub", "Bad K\u00f6nigshofen", "Bad K\u00f6nigshofen (Bayern)", "Bad K\u00f6nigshofen i. Grabfeld", "Bad K\u00f6nigshofen im Grabfeld", "Eyershausen", "Gabolshausen", "Ipthausen", "Merkershausen", "Sambachshof", "Untere\u00dffeld"], 
"97633": ["Alsleben", "Aubstadt", "Bayern-Aubstadt", "Bayern-Gro\u00dfbardorf", "Bayern-Gro\u00dfeibstadt", "Bayern-Herbstadt", "Bayern-H\u00f6chheim", "Bayern-Saal", "Bayern-Sulzfeld", "Bayern-Trappstadt", "Breitensee", "Buchm\u00fchle", "D\u00f6rfleshof", "Gemeindem\u00fchle", "Gollmuthhausen", "Gro\u00dfbardorf", "Gro\u00dfeibstadt", "Herbstadt", "H\u00f6chheim", "Irmelshausen", "Kleinbardorf", "Leinach", "Ottelmannshausen", "Papierm\u00fchle", "Rothausen", "Saal", "Saal a.d.Saale", "Saal an der Saale", "Steinm\u00fchle", "Sulzfeld", "Trappstadt", "Waltershausen", "Weidachsm\u00fchle"], 
"97638": ["Bahra", "Bayern-Mellrichstadt", "Frickenhausen", "Mellrichstadt", "Ro\u00dfrieth", "Sondheim"], 
"97640": ["Bayern-Hendungen", "Bayern-Oberstreu", "Bayern-Stockheim", "Hendungen", "Mittelstreu", "Oberstreu", "Rappershausen", "Stockheim"], 
"97645": ["Bayern-Ostheim", "Oberwaldbehrungen", "Ostheim", "Ostheim v.d.Rh\u00f6n", "Ostheim vor der Rh\u00f6n"], 
"97647": ["Bayern-Hausen", "Bayern-Nordheim", "Bayern-Sondheim", "Bayern-Willmars", "Hausen", "Neust\u00e4dtles", "Nordheim", "Nordheim v.d.Rh\u00f6n", "Nordheim vor der Rh\u00f6n", "Schweinfurter Haus", "Sondheim", "Sondheim v.d.Rh\u00f6n", "Th\u00fcringer H\u00fctte", "Willmars"], 
"97650": ["Bayern-Fladungen", "Fladungen", "R\u00fcdenschwinden", "Weimarschmieden"], 
"97653": ["Bayern-Bischofsheim", "Bischofsheim", "Bischofsheim an der Rh\u00f6n", "Bischofsheim i.d.Rh\u00f6n", "Haselbach in der Rh\u00f6n", "Holzberg (Bischofsheim an der Rh\u00f6n)", "Klosterkreuzberg", "Wegfurt"], 
"97654": ["Bastheim", "Bayern-Bastheim", "Braidbach", "Geckenau"], 
"97656": ["Bayern-Oberelsbach", "Ginolfs", "Oberelsbach", "Sondernau", "Unterelsbach", "Weisbach"], 
"97657": ["Bayern-Sandberg", "Kilianshof", "Langenleiten", "Sandberg", "Waldberg"], 
"97659": ["Bayern-Sch\u00f6nau", "Sch\u00f6nau", "Sch\u00f6nau a.d.Brend", "Sch\u00f6nau an der Brend"], 
"97688": ["Albertshausen", "Arnshausen", "Bad Kissingen", "Bad Kissingen (Bayern)", "Garitz", "Hausen", "Kleinbrach", "Poppenroth", "Reiterswiesen", "Winkels"], 
"97702": ["Althausen", "Bayern-M\u00fcnnerstadt", "Br\u00fcnn", "Burghausen", "Fridritt", "Gro\u00dfwenkheim", "Kleinwenkheim", "M\u00fcnnerstadt", "Reichenbach", "Seubrigshausen", "Wermerichshausen", "Windheim"], 
"97705": ["Bayern-Burkardroth", "Burkardroth", "Frauenroth", "Gef\u00e4ll", "Katzenbach", "Lauter", "Oehrberg", "Premich", "Stangenroth", "Stralsbach", "Waldfenster", "Wollbach", "Zahlbach"], 
"97708": ["Aschach", "Bad Bocklet", "Bad Bocklet (Bayern)", "Gro\u00dfenbrach", "Hohn", "Roth an der Saale", "Steinach"], 
"97711": ["Bayern-Ma\u00dfbach", "Bayern-Thundorf", "Ma\u00dfbach", "Poppenlauer", "Rothhausen", "Thundorf", "Thundorf i.UFr.", "Thundorf in Unterfranken", "Volkershausen", "Weichtungen"], 
"97714": ["Bayern-Oerlenbach", "Ebenhausen", "Eltingshausen", "Oerlenbach", "Rottershausen"], 
"97717": ["Aura", "Aura a.d.Saale", "Bayern-Aura", "Bayern-Euerdorf", "Bayern-Sulzthal", "Euerdorf", "Sulzthal", "Wirmsthal"], 
"97720": ["Bayern-N\u00fcdlingen", "Haard", "N\u00fcdlingen"], 
"97723": ["Bayern-Oberthulba", "Frankenbrunn", "Hassenbach", "Hetzlos", "Oberthulba", "Reith", "Schlimpfhof", "Thulba", "Wittershausen"], 
"97724": ["Bayern-Burglauer", "Burglauer"], 
"97725": ["Bayern-Elfershausen", "Elfershausen", "Engenthal", "Langendorf", "Machtilshausen", "Trimberg"], 
"97727": ["Bayern-Fuchsstadt", "Fuchsstadt"], 
"97729": ["Bayern-Ramsthal", "Ramsthal"], 
"97737": ["Aschenroth", "Bayern-Gem\u00fcnden", "Gem\u00fcnden", "Gem\u00fcnden a. Main", "Gem\u00fcnden am Main", "Harrbach", "Kleinwernfeld", "Langenprozelten", "Massenbuch", "Reichenbuch", "Sch\u00f6nau", "Seifriedsburg", "Wernfeld"], 
"97753": ["Bayern-Karlstadt", "Gambach", "Karlburg", "Karlstadt", "Karlstadt am Main", "M\u00fchlbach", "Rohrbach", "Stadelhofen", "Wiesenfeld"], 
"97762": ["Bayern-Hammelburg", "Diebach", "Feuerthal", "Gauaschach", "Hammelburg", "Morlesau", "Obererthal", "Obereschenbach", "Ochsenthal", "Pfaffenhausen", "Untererthal", "Untereschenbach", "Westheim"], 
"97769": ["Bad Br\u00fcckenau", "Bad Br\u00fcckenau (Bayern)", "R\u00f6mershag", "Volkers (Bad Br\u00fcckenau)"], 
"97772": ["Bayern-Wildflecken", "Wildflecken"], 
"97773": ["Aura", "Aura i. Sinngrund", "Bayern-Aura", "Deutelbach"], 
"97775": ["Bayern-Burgsinn", "Burgsinn"], 
"97776": ["Aschfeld", "Bayern-Eu\u00dfenheim", "B\u00fchler", "Eu\u00dfenheim", "Hundsbach", "M\u00fcnster", "Obersfeld", "Sch\u00f6narts"], 
"97778": ["Bayern-Fellen", "Fellen", "Rengersbrunn", "Wohnrod"], 
"97779": ["Bayern-Geroda", "Geroda", "Platz"], 
"97780": ["Bayern-G\u00f6ssenheim", "G\u00f6ssenheim", "Sachsenheim"], 
"97782": ["Bayern-Gr\u00e4fendorf", "Gr\u00e4fendorf", "Michelau", "Weickersgr\u00fcben"], 
"97783": ["Bayern-Karsbach", "He\u00dfdorf", "H\u00f6llrich", "Karsbach", "Weyersfeld"], 
"97785": ["Bayern-Mittelsinn", "Mittelsinn"], 
"97786": ["Bayern-Motten", "Kothen", "Motten", "Speicherz"], 
"97788": ["Bayern-Neuendorf", "Nantenbach", "Neuendorf"], 
"97789": ["Bayern-Oberleichtersbach", "Oberleichtersbach", "Unterleichtersbach"], 
"97791": ["Bayern-Obersinn", "Emmerichsthal", "Obersinn"], 
"97792": ["Bayern-Riedenberg", "Riedenberg"], 
"97794": ["Bayern-Rieneck", "Rieneck"], 
"97795": ["Bayern-Schondra", "Einraffshof", "M\u00fcnchau", "Obergeiersnest", "Schildeck", "Schondra", "Sch\u00f6nderling", "Singenrain", "Untergeiersnest"], 
"97797": ["Bayern-Wartmannsroth", "Dittlofsroda", "Heiligkreuz", "Neuwirtshaus", "Schw\u00e4rzelbach", "V\u00f6lkersleier", "Waizenbach", "Wartmannsroth", "Windheim"], 
"97799": ["Bayern-Zeitlofs", "Detter", "Rupboden", "Zeitlofs"], 
"97816": ["978-Lohr", "Lohr", "Lohr a. Main", "Lohr am Main", "Pflochsbach", "Rodenbach am Main", "Ruppertsh\u00fctten", "Sackenbach", "Steinbach", "Wombach"], 
"97828": ["978-Marktheidenfeld", "Altfeld", "Glasofen", "Marienbrunn", "Marktheidenfeld", "Michelrieth", "Oberwittbach", "Stadt Marktheidenfeld", "Zimmern"], 
"97833": ["978-Frammersbach", "Frammersbach", "Habichsthal"], 
"97834": ["978-Birkenfeld", "Birkenfeld", "Gemeinde Birkenfeld"], 
"97836": ["978-Bischbrunn", "Bischbrunn", "Gemeinde Bischbrunn", "Karlsh\u00f6he", "Oberndorf", "Schleifthor"], 
"97837": ["978-Erlenbach", "Erlenbach", "Erlenbach b. Marktheidenfeld", "Gemeinde Erlenbach", "Tiefenthal"], 
"97839": ["978-Esselbach", "Esselbach", "Kredenbach", "Steinmark"], 
"97840": ["978-Hafenlohr", "978-Rothenbuch", "Erlenfurt", "Hafenlohr", "Lichtenau", "Lindenfurterhof", "Rothenbuch"], 
"97842": ["978-Karbach", "Karbach", "Markt Karbach"], 
"97843": ["978-Neuh\u00fctten", "Neuh\u00fctten"], 
"97845": ["978-Neustadt", "Neustadt", "Neustadt a. Main", "Neustadt am Main"], 
"97846": ["978-Partenstein", "Partenstein"], 
"97848": ["978-Rechtenbach", "Rechtenbach"], 
"97849": ["978-Roden", "Gemeinde Roden", "Roden"], 
"97851": ["978-Rothenfels", "Bergrothenfels", "Rothenfels", "Stadt Rothenfels"], 
"97852": ["978-Schollbrunn", "Schleifm\u00fchle", "Schollbrunn"], 
"97854": ["978-Steinfeld", "Hausen", "Steinfeld", "Waldzell"], 
"97855": ["978-Triefenstein", "Homburg", "Lengfurt", "Rettersheim", "Trennfeld", "Triefenstein"], 
"97857": ["978-Urspringen", "Urspringen"], 
"97859": ["978-Wiesthal", "Krommenthal", "Wiesthal"], 
"97877": ["978-Wertheim", "Bestenheid", "Bettingen", "Dertingen", "Dietenhan", "Eichel/Hofgarten", "Gr\u00fcnenw\u00f6rt", "Hofgarten", "H\u00f6hefeld", "Kembach", "Lindelbach", "Nassig", "Reicholzheim", "Reinhardshof", "Sachsenhausen", "Urphar", "Vockenrot", "Waldenhausen", "Wartberg", "Wertheim", "Wertheim-Eichel"], 
"97892": ["978-Kreuzwertheim", "Kreuzwertheim", "R\u00f6ttbach", "Unterwittbach", "Wiebelbach"], 
"97896": ["978-Collenberg", "978-Eichenb\u00fchl", "978-Freudenberg", "Boxtal", "Collenberg", "Ebenheid", "Ebenheider Hof", "Eichenb\u00fchl", "Freudenberg", "Kirschfurt", "Rauenberg", "Wessental"], 
"97900": ["979-K\u00fclsheim", "Hundheim", "K\u00fclsheim", "Steinbach", "Steinfurt", "Uissigheim"], 
"97901": ["979-Altenbuch", "Altenbuch"], 
"97903": ["979-Collenberg", "Collenberg", "Reistenhausen"], 
"97904": ["979-Dorfprozelten", "Dorfprozelten"], 
"97906": ["979-Faulbach", "Breitenbrunn", "Faulbach"], 
"97907": ["979-Hasloch", "979-Schollbrunn", "Hasloch", "Hasselberg", "Karthause Gr\u00fcnau", "Schollbrunn"], 
"97909": ["979-Stadtprozelten", "Neuenbuch", "Stadtprozelten"], 
"97922": ["Beckstein", "Deubach", "Gerlachsheim", "Heckfeld", "K\u00f6nigshofen", "Lauda", "Lauda-K\u00f6nigshofen", "Lauda-K\u00f6nigshofen (979)", "Marbach", "Messelhausen", "Oberbalbach", "Oberlauda", "Sachsenflur", "Unterbalbach"], 
"97941": ["979-Tauberbischofsheim", "Dienstadt", "Distelhausen", "Dittigheim", "Dittwar", "Hochhausen", "Impfingen", "Tauberbischofsheim"], 
"97944": ["979-Boxberg", "Angelt\u00fcrn", "Bobstadt", "Boxberg", "Epplingen", "Kupprichhausen", "Lengenrieden", "Obersch\u00fcpf", "Schwabhausen", "Schweigern", "Uiffingen", "W\u00f6lchingen"], 
"97947": ["979-Gr\u00fcnsfeld", "Gr\u00fcnsfeld", "Gr\u00fcnsfeldhausen", "Krensheim", "K\u00fctzbrunn", "Paimar", "Zimmern"], 
"97950": ["979-Gro\u00dfrinderfeld", "Gerchsheim", "Gro\u00dfrinderfeld", "Ilmspan", "Sch\u00f6nfeld"], 
"97953": ["979-K\u00f6nigheim", "Brehmen", "Gissigheim", "K\u00f6nigheim", "P\u00fclfringen"], 
"97956": ["979-Werbach", "Brunntal", "Gamburg", "Niklashausen", "Wenkheim", "Werbach", "Werbachhausen"], 
"97957": ["979-Wittighausen", "Bowiesen", "Oberwittighausen", "Poppenhausen", "Unterwittighausen", "Vilchband", "Wittighausen"], 
"97959": ["979-Assamstadt", "Assamstadt"], 
"97980": ["Althausen", "Apfelbach", "Bad Mergentheim", "Bad Mergentheim (979)", "Dainbach", "Edelfingen", "Hachtel", "Herbsthausen", "L\u00f6ffelstelzen", "Markelsheim", "M\u00f6nchshof", "Neunkirchen", "Rengershausen", "Rot", "Stuppach", "Wachbach"], 
"97990": ["979-Weikersheim", "Elpersheim", "Haagen", "Honsbronn", "Laudenbach", "Nassau", "Neubronn", "Queckbronn", "Sch\u00e4ftersheim", "Standorf", "Weikersheim"], 
"97993": ["979-Creglingen", "Archshofen", "Creglingen", "Finsterlohr", "Frauental", "Waldmannshofen"], 
"97996": ["979-Niederstetten", "Adolzhausen", "Niederstetten", "Oberstetten", "Pfitzingen", "Rinderfeld", "R\u00fcsselhausen", "Wermutshausen", "Wildentierbach"], 
"97999": ["979-Igersheim", "Bernsfelden", "Harthausen", "Igersheim", "Neuses", "Simmringen"]}