[{"ags": "05334002", "area": 160.85, "email": null, "gemeinde": "Aachen, Stadt", "name": null, "ort": "Aachen", "phone": null, "plz": "52058", "population": 249070, "sitz": "Kreisfreie Stadt Aachen", "str": "Markt"}, 
{"ags": "05334004", "area": 31.68, "email": null, "gemeinde": "Alsdorf, Stadt", "name": null, "ort": "Alsdorf", "phone": null, "plz": "52477", "population": 47678, "sitz": "Stadt Alsdorf", "str": "Hubertusstraße17"}, 
{"ags": "05334008", "area": 27.84, "email": null, "gemeinde": "Baesweiler, Stadt", "name": null, "ort": "Baesweiler", "phone": null, "plz": "52499", "population": 27351, "sitz": "Stadt Baesweiler", "str": "Mariastraße 2"}, 
{"ags": "05334012", "area": 75.75, "email": null, "gemeinde": "Eschweiler, Stadt", "name": null, "ort": "Eschweiler", "phone": null, "plz": "52249", "population": 55784, "sitz": "Stadt Eschweiler", "str": "Johannes-Rau-Platz 1"}, 
{"ags": "05334016", "area": 33.38, "email": null, "gemeinde": "Herzogenrath, Stadt", "name": null, "ort": "Herzogenrath", "phone": null, "plz": "52134", "population": 46290, "sitz": "Stadt Herzogenrath", "str": "Rathausplatz 1"}, 
{"ags": "05334020", "area": 94.6, "email": null, "gemeinde": "Monschau, Stadt", "name": null, "ort": "Monschau", "phone": null, "plz": "52156", "population": 11645, "sitz": "Stadt Monschau", "str": "Laufenstraße 84"}, 
{"ags": "05334024", "area": 39.03, "email": null, "gemeinde": "Roetgen, Tor zur Eifel", "name": null, "ort": "Roetgen", "phone": null, "plz": "52159", "population": 8658, "sitz": "Gemeinde Roetgen", "str": "Hauptstraße 55"}, 
{"ags": "05334028", "area": 110.92, "email": null, "gemeinde": "Simmerath", "name": null, "ort": "Simmerath", "phone": null, "plz": "52152", "population": 15614, "sitz": "Gemeinde Simmerath", "str": "Rathausplatz"}, 
{"ags": "05334032", "area": 98.48, "email": null, "gemeinde": "Stolberg (Rhld.), Kupferstadt", "name": null, "ort": "Stolberg", "phone": null, "plz": "52222", "population": 56103, "sitz": "Stadt Stolberg (Rhld.)", "str": "Rathausstraße 11-13"}, 
{"ags": "05334036", "area": 34.39, "email": null, "gemeinde": "Würselen, Stadt", "name": null, "ort": "Würselen", "phone": null, "plz": "52146", "population": 38480, "sitz": "Stadt Würselen", "str": "Morlaixplatz 1"}, 
{"ags": "05358004", "area": 44.25, "email": null, "gemeinde": "Aldenhoven", "name": null, "ort": "Aldenhoven", "phone": null, "plz": "52457", "population": 13893, "sitz": "Gemeinde Aldenhoven", "str": "Dietrich-Mülfahrt-Str.11-13"}, 
{"ags": "05358008", "area": 85.01, "email": null, "gemeinde": "Düren, Stadt", "name": null, "ort": "Düren", "phone": null, "plz": "52349", "population": 91814, "sitz": "Stadt Düren", "str": "Kaiserplatz 2-4"}, 
{"email": "stadt@dueren.de", "name": "Düren", "ort": "Düren", "phone": "02421-25-2000", "plz": "52349", "prefix": "Bürgeramt", "str": "Markt 2"}, 
{"ags": "05358012", "area": 64.96, "email": null, "gemeinde": "Heimbach, Stadt", "name": null, "ort": "Heimbach", "phone": null, "plz": "52396", "population": 4262, "sitz": "Stadt Heimbach", "str": "Hengebachstraße 14"}, 
{"ags": "05358016", "area": 88.05, "email": null, "gemeinde": "Hürtgenwald", "name": null, "ort": "Hürtgenwald", "phone": null, "plz": "52393", "population": 8798, "sitz": "Gemeinde Hürtgenwald", "str": "August-Scholl-Straße 5"}, 
{"ags": "05358020", "area": 35.92, "email": null, "gemeinde": "Inden", "name": null, "ort": "Inden", "phone": null, "plz": "52459", "population": 7418, "sitz": "Gemeinde Inden", "str": "Rathausstraße 1"}, 
{"ags": "05358024", "area": 90.39, "email": null, "gemeinde": "Jülich, Stadt", "name": null, "ort": "Jülich", "phone": null, "plz": "52428", "population": 32635, "sitz": "Stadt Jülich", "str": "Große Rurstraße 17"}, 
{"ags": "05358028", "area": 41.73, "email": null, "gemeinde": "Kreuzau", "name": null, "ort": "Kreuzau", "phone": null, "plz": "52372", "population": 17463, "sitz": "Gemeinde Kreuzau", "str": "Bahnhofstraße 7"}, 
{"ags": "05358032", "area": 41.46, "email": null, "gemeinde": "Langerwehe", "name": null, "ort": "Langerwehe", "phone": null, "plz": "52379", "population": 14050, "sitz": "Gemeinde Langerwehe", "str": "Schönthaler Straße 4"}, 
{"ags": "05358036", "area": 65.43, "email": null, "gemeinde": "Linnich, Stadt", "name": null, "ort": "Linnich", "phone": null, "plz": "52441", "population": 12835, "sitz": "Stadt Linnich", "str": "Rurdorfer Straße 64"}, 
{"ags": "05358040", "area": 37.92, "email": null, "gemeinde": "Merzenich", "name": null, "ort": "Merzenich", "phone": null, "plz": "52399", "population": 10149, "sitz": "Gemeinde Merzenich", "str": "Valdersweg 1"}, 
{"ags": "05358044", "area": 65.04, "email": null, "gemeinde": "Nideggen, Stadt", "name": null, "ort": "Nideggen", "phone": null, "plz": "52385", "population": 10204, "sitz": "Stadt Nideggen", "str": "Zülpicher Straße 1"}, 
{"ags": "05358048", "area": 63.46, "email": null, "gemeinde": "Niederzier", "name": null, "ort": "Niederzier", "phone": null, "plz": "52382", "population": 14180, "sitz": "Gemeinde Niederzier", "str": "Rathausstraße 8"}, 
{"ags": "05358052", "area": 66.21, "email": null, "gemeinde": "Nörvenich", "name": null, "ort": "Nörvenich", "phone": null, "plz": "52388", "population": 10816, "sitz": "Gemeinde Nörvenich", "str": "Bahnhofstraße 25"}, 
{"ags": "05358056", "area": 68.51, "email": null, "gemeinde": "Titz", "name": null, "ort": "Titz", "phone": null, "plz": "52445", "population": 8569, "sitz": "Gemeinde Titz", "str": "Landstraße 4"}, 
{"ags": "05358060", "area": 83.15, "email": null, "gemeinde": "Vettweiß", "name": null, "ort": "Vettweiß", "phone": null, "plz": "52391", "population": 9685, "sitz": "Gemeinde Vettweiß", "str": "Gereonstraße 14"}, 
{"ags": "05370008", "area": 48.72, "email": null, "gemeinde": "Gangelt", "name": null, "ort": "Gangelt", "phone": null, "plz": "52538", "population": 12946, "sitz": "Gemeinde Gangelt", "str": "Burgstraße 10"}, 
{"ags": "05370024", "area": 42.09, "email": null, "gemeinde": "Selfkant", "name": null, "ort": "Selfkant", "phone": null, "plz": "52538", "population": 10290, "sitz": "Gemeinde Selfkant", "str": "Am Rathaus 13"}, 
{"ags": "05370012", "area": 83.16, "email": null, "gemeinde": "Geilenkirchen, Stadt", "name": null, "ort": "Geilenkirchen", "phone": null, "plz": "52511", "population": 27836, "sitz": "Stadt Geilenkirchen", "str": "Markt 9"}, 
{"ags": "05370016", "area": 92.21, "email": null, "gemeinde": "Heinsberg, Stadt", "name": null, "ort": "Heinsberg", "phone": null, "plz": "52525", "population": 42888, "sitz": "Stadt Heinsberg", "str": "Apfelstraße 60"}, 
{"ags": "05370032", "area": 30.27, "email": null, "gemeinde": "Waldfeucht", "name": null, "ort": "Waldfeucht", "phone": null, "plz": "52525", "population": 8998, "sitz": "Gemeinde Waldfeucht", "str": "Lambertusstraße 13"}, 
{"ags": "05370028", "area": 26.09, "email": null, "gemeinde": "Übach-Palenberg, Stadt", "name": null, "ort": "Übach-Palenberg", "phone": null, "plz": "52531", "population": 23979, "sitz": "Stadt Übach-Palenberg", "str": "Rathausplatz 4"}, 
{"email": "buergerservice@mail.aachen.de", "name": "Aachen Bahnhofplatz und Katschhof (FB 12/1)", "ort": "Aachen", "phone": "0241-432-0", "plz": "52064", "prefix": "Bürgeramt", "str": "Hackländerstr. 1\nVerwaltungsgebäude Bahnhofplatz"}, 
{"email": "buergeramt@mail.aachen.de", "name": "Aachen Servicecenter Call (FB 12/2)", "ort": "Aachen", "phone": "0241-432-0", "plz": "52064", "prefix": "Bürgeramt", "str": "Lagerhausstr. 20\nVerwaltungsgebäude am Marschiertor"}, 
{"email": "bezirksamt.brand@mail.aachen.de", "name": "Aachen Brand (B 1)", "ort": "Aachen", "phone": "0241-432-0", "plz": "52078", "prefix": "Bürgeramt", "str": "Paul-Küpper-Platz 1"}, 
{"email": "bezirksamt.eilendorf@mail.aachen.de", "name": "Aachen Eilendorf", "ort": "Aachen", "phone": "0241-432-0", "plz": "52080", "prefix": "Bürgeramt", "str": "Heinrich-Thomas-Platz 1"}, 
{"email": "bezirksamt.haaren@mail.aachen.de", "name": "Aachen Haaren (BA 3)", "ort": "Aachen", "phone": "0241-432-0", "plz": "52080", "prefix": "Bürgeramt", "str": "Germanusstr. 32-34"}, 
{"email": "bezirksamt.kornelimuenster.walheim@mail.aachen.de", "name": "Aachen Kornelimünster / Walheim (BA 4)", "ort": "Aachen", "phone": "0241-432-0", "plz": "52076", "prefix": "Bürgeramt", "str": "Schulberg 20"}, 
{"email": "bezirksamt.laurensberg@mail.aachen.de", "name": "Aachen Laurensberg (B 5)", "ort": "Aachen", "phone": "0241-432-0", "plz": "52072", "prefix": "Bürgeramt", "str": "Rathausstr. 12"}, 
{"email": "bezirksamt.richterich@mail.aachen.de", "name": "Aachen Richterich (B 6)", "ort": "Aachen", "phone": "0241-432-0", "plz": "52072", "prefix": "Bürgeramt", "str": "Roermonder Str. 559"}, 
{"email": "buergerservice@mail.aachen.de", "name": "Aachen Katschhof (FB 12/1)", "ort": "Aachen", "phone": "0241-432-0", "plz": "52062", "prefix": "Bürgeramt", "str": "Johannes-Paul-II.-Str. 1"}]