[{"plz": "55116", "ort": "Mainz", "name": "Mainz, Stadt", "street": "Jockel-Fuchs-Platz 1"}, 
{"plz": "55116", "ort": "Mainz", "name": "Mainz Altstadt", "street": "Jockel-Fuchs-Platz 1\nRathaus", "phone": "06131-122-932", "email": "ortsverwaltung.altstadt@stadt.mainz.de"}, 
{"plz": "55116", "ort": "Mainz", "name": "Mainz", "street": "Kaiserstr. 3-5", "phone": "06131-12-0", "email": "buergeramt@stadt.mainz.de"}, 
{"plz": "55118", "ort": "Mainz", "name": "Mainz Neustadt", "street": "Leibnizstr. 47", "phone": "06131-604-147", "email": "ortsverwaltung.neustadt@stadt.mainz.de"}, 
{"plz": "55120", "ort": "Mainz", "name": "Mainz Mombach", "street": "Hauptstr. 136", "phone": "06131-680-303", "email": "ortsverwaltung.mombach@stadt.mainz.de"}, 
{"plz": "55122", "ort": "Mainz", "name": "Mainz Hartenberg/Münchfeld", "street": "John F. Kennedy-Str. 7b", "phone": "06131-371-612", "email": "ortsverwaltung.hartenberg-muenchfeld@stadt.mainz.de"}, 
{"plz": "55124", "ort": "Mainz", "name": "Mainz Gonsenheim", "street": "Pfarrstr. 1", "phone": "06131-44651", "email": "ortsverwaltung.gonsenheim@stadt.mainz.de"}, 
{"plz": "55126", "ort": "Mainz", "name": "Mainz Finthen", "street": "Poststr. 42-44", "phone": "06131-475-413", "email": "ortsverwaltung.finthen@stadt.mainz.de"}, 
{"plz": "55127", "ort": "Mainz", "name": "Mainz Lerchenberg", "street": "Hebbelstr. 2", "phone": "06131-78-171", "email": "ortsverwaltung.lerchenberg@stadt.mainz.de"}, 
{"plz": "55127", "ort": "Mainz", "name": "Mainz Marienborn", "street": "Im Borner Grund 38", "phone": "06131-366-631", "email": "ortsverwaltung.marienborn@stadt.mainz.de"}, 
{"plz": "55127", "ort": "Mainz", "name": "Mainz Drais", "street": "Daniel-Brendel-Str. 11", "phone": "06131-940-991", "email": "ortsverwaltung.drais@stadt.mainz.de"}, 
{"plz": "55128", "ort": "Mainz", "name": "Mainz Bretzenheim", "street": "An der Wied 2", "phone": "06131-338-260", "email": "ortsverwaltung.bretzenheim@stadt.mainz.de"}, 
{"plz": "55129", "ort": "Mainz", "name": "Mainz Hechtsheim", "street": "Morschstr. 1", "phone": "06131-504-069", "email": "ortsverwaltung.hechtsheim@stadt.mainz.de"}, 
{"plz": "55129", "ort": "Mainz", "name": "Mainz Ebersheim", "street": "Römerstr. 17", "phone": "06136-4107", "email": "ortsverwaltung.ebersheim@stadt.mainz.de"}, 
{"plz": "55130", "ort": "Mainz", "name": "Mainz Laubenheim", "street": "Longchamplatz 1", "phone": "06131-86-115", "email": "ortsverwaltung.laubenheim@stadt.mainz.de"}, 
{"plz": "55130", "ort": "Mainz", "name": "Mainz Weisenau", "street": "Tanzplatz 3", "phone": "06131-831-930", "email": "ortsverwaltung.weisenau@stadt.mainz.de"}, 
{"plz": "55131", "ort": "Mainz", "name": "Mainz Oberstadt", "street": "Gleiwitzer Str. 2", "phone": "06131-574-870", "email": "ortsverwaltung.oberstadt@stadt.mainz.de"}, 
{"plz": "55218", "ort": "Ingelheim am Rhein", "name": "Ingelheim am Rhein, Stadt", "street": "Fridtjof-Nansen-Platz 1"}, 
{"plz": "55232", "ort": "Alzey", "name": "Bermersheim vor der Höhe", "street": "Weinrufstraße 38"}, 
{"plz": "55232", "ort": "Alzey", "name": "Alzey, Stadt", "street": "Ernst-Ludwig-Straße 42"}, 
{"plz": "55246", "ort": "Mainz", "name": "Mainz Kastel/Kostheim", "street": "St. Veiter Platz 1", "phone": "06134-603-0", "email": "ortsverwaltung-kastel-kostheim@wiesbaden.de"}, 
{"plz": "55257", "ort": "Budenheim", "name": "Budenheim", "street": "Berliner Straße 3"}, 
{"plz": "55268", "ort": "Nieder-Olm", "name": "Jugenheim in Rheinhessen", "street": "Pariser Straße 110"}, 
{"plz": "55276", "ort": "Oppenheim", "name": "Oppenheim, Stadt", "street": "Sant'-Ambrogio-Ring 33"}, 
{"plz": "55286", "ort": "Wörrstadt", "name": "Wörrstadt, Stadt", "street": "Zum Römergrund 2-6"}, 
{"plz": "55294", "ort": "Bodenheim", "name": "Gau-Bischofsheim", "street": "Am Dollesplatz 1"}, 
{"plz": "55411", "ort": "Bingen am Rhein", "name": "Weiler bei Bingen", "street": "Koblenzer Straße 18"}, 
{"plz": "55411", "ort": "Bingen am Rhein", "name": "Bingen am Rhein, Stadt", "street": "Burg Klopp"}, 
{"plz": "55435", "ort": "Gau-Algesheim", "name": "Schwabenheim an der Selz", "street": "Hospitalstraße 22"}, 
{"plz": "55450", "ort": "Langenlonsheim", "name": "Stromberg, Stadt", "street": "Naheweinstraße 80"}, 
{"plz": "55469", "ort": "Simmern / Hunsrück", "name": "Simmern/ Hunsrück, Stadt", "street": "Brühlstraße 2"}, 
{"plz": "55481", "ort": "Kirchberg (Hunsrück)", "name": "Kirchberg (Hunsrück), Stadt", "street": "Marktplatz 5"}, 
{"plz": "55545", "ort": "Bad Kreuznach", "name": "Bad Kreuznach, Stadt", "street": "Hochstraße 48"}, 
{"plz": "55566", "ort": "Bad Sobernheim", "name": "Bad Sobernheim, Stadt", "street": "Marktplatz 11"}, 
{"plz": "55576", "ort": "Sprendlingen", "name": "Sankt Johann", "street": "Elisabethenstraße 1"}, 
{"plz": "55583", "ort": "Bad Kreuznach", "name": "Pfaffen-Schwabenheim", "street": "Rheingrafenstraße 11"}, 
{"plz": "55593", "ort": "Rüdesheim", "name": "Oberhausen an der Nahe", "street": "Nahestraße 63"}, 
{"plz": "55599", "ort": "Gau-Bickelheim", "name": "Stein-Bockenheim", "street": "St. Floriansweg 8"}, 
{"plz": "55606", "ort": "Kirn", "name": "Oberhausen bei Kirn", "street": "Bahnhofstraße 31"}, 
{"plz": "55743", "ort": "Idar-Oberstein", "name": "Idar-Oberstein, Stadt", "street": "Georg-Maus-Straße 1"}, 
{"plz": "55756", "ort": "Herrstein", "name": "Berschweiler bei Kirn", "street": "Brühlstraße 16"}, 
{"plz": "55765", "ort": "Birkenfeld", "name": "Hoppstädten-Weiersbach", "street": "Schneewiesenstraße 21"}, 
{"plz": "55774", "ort": "Baumholder", "name": "Berschweiler bei Baumholder", "street": "Am Weiherdamm 1"}]