[{"plz": "50126", "ort": "Bergheim", "name": "Bergheim", "street": "Bethlehemer Str. 9-11", "phone": "02271-89-0", "email": "buergerservice@bergheim.de"}, 
{"plz": "50126", "ort": "Bergheim", "name": "Bergheim, Stadt", "street": "Bethlehemer Straße 9-11"}, 
{"plz": "50169", "ort": "Kerpen", "name": "Kerpen Horrem", "street": "Mittelstr. 23-31\nSoziokulturelles Zentrum", "phone": "02237-58162", "email": "buergerbuero@stadt-kerpen.de"}, 
{"plz": "50170", "ort": "Kerpen", "name": "Kerpen Buir", "street": "Kirchenstr. 9", "phone": "02237-58162", "email": "buergerbuero@stadt-kerpen.de"}, 
{"plz": "50171", "ort": "Kerpen", "name": "Kerpen, Kolpingstadt", "street": "Jahnplatz 1", "phone": "02237-58-0", "email": "buergerbuero@stadt-kerpen.de"}, 
{"plz": "50181", "ort": "Bedburg", "name": "Bedburg, Stadt", "street": "Am Rathaus 1"}, 
{"plz": "50189", "ort": "Elsdorf", "name": "Elsdorf, Stadt", "street": "Gladbacher Straße 111"}, 
{"plz": "50226", "ort": "Frechen", "name": "Frechen, Stadt", "street": "Johann-Schmitz-Platz 1-3"}, 
{"plz": "50259", "ort": "Pulheim", "name": "Pulheim, Stadt", "street": "Alte Kölner Straße 26"}, 
{"plz": "50321", "ort": "Brühl", "name": "Brühl, Stadt", "street": "Uhlstraße 3"}, 
{"plz": "50354", "ort": "Hürth", "name": "Hürth, Stadt", "street": "Friedrich-Ebert-Straße 40"}, 
{"plz": "50354", "ort": "Hürth", "name": "Hürth", "street": "Friedrich-Ebert-Str. 40", "phone": "02233-53-0", "email": "rathaus@huerth.de"}, 
{"plz": "50374", "ort": "Erftstadt", "name": "Erftstadt, Stadt", "street": "Holzdamm 10"}, 
{"plz": "50389", "ort": "Wesseling", "name": "Wesseling, Stadt", "street": "Alfons-Müller-Platz"}, 
{"plz": "50667", "ort": "Köln", "name": "Köln, Stadt", "street": "Rathaus"}, 
{"plz": "50667", "ort": "Köln", "name": "Köln", "street": "Laurenzplatz 1-3", "phone": "0221-221-0", "email": "kundenzentrum-innenstadt@stadt-koeln.de"}, 
{"plz": "50733", "ort": "Köln", "name": "Köln Meldehalle Nippes", "street": "Neusser Str. 450", "phone": "0221-221-0", "email": "meldehalle-nippes-info@stadt-koeln.de"}, 
{"plz": "50765", "ort": "Köln", "name": "Köln Kundenzentrum Chorweiler", "street": "Athener Ring 5\ngegenüber dem Stadthaus", "phone": "0221-221-0", "email": "meldehalle-chorweiler-info@stadt-koeln.de"}, 
{"plz": "50825", "ort": "Köln", "name": "Köln Kundenzentrum Ehrenfeld", "street": "Venloer Str. 419-421", "phone": "0221-221-0", "email": "meldehalle-ehrenfeld-info@stadt-koeln.de"}, 
{"plz": "50931", "ort": "Köln", "name": "Köln Kundenzentrum Lindenthal", "street": "Aachener Str. 220", "phone": "0221-221-0", "email": "meldehalle-lindenthal-info@stadt-koeln.de"}, 
{"plz": "50996", "ort": "Köln", "name": "Köln Meldehalle Rodenkirchen", "street": "Hauptstr. 85", "phone": "0221-221-0", "email": "meldehalle-rodenkirchen-info@stadt-koeln.de"}]