{"54290": ["Trier", "Trier (Rheinland-Pfalz)", "Trier-Mitte/Gartenfeld"], 
"54292": ["Ruwer/Eitelsbach", "Trier"], 
"54293": ["Biewer", "Ehrang/Quint", "Pfalzel", "Trier", "West/Pallien"], 
"54294": ["Feyen/Weismark", "Trier", "Zewen"], 
"54295": ["Olewig", "Trier", "Trier-K\u00fcrenz"], 
"54296": ["Irsch", "Kernscheid", "Trier"], 
"54298": ["Aach", "Aach (Rheinland-Pfalz)", "Eisenach", "Eisenach (Rheinland-Pfalz)", "Gilzem", "Gilzem (Rheinland-Pfalz)", "Helenenberg", "Hofweiler", "Hohensonne", "H\u00f6hjunk", "Igel", "Igel (Rheinland-Pfalz)", "Liersberg", "M\u00f6hn", "Niederweis", "Niederweis (Rheinland-Pfalz)", "Orenhofen", "Orenhofen (Rheinland-Pfalz)", "Tr\u00e4g", "Welschbillig", "Welschbillig (Rheinland-Pfalz)"], 
"54306": ["Kordel", "Kordel (Rheinland-Pfalz)"], 
"54308": ["Grewenich", "Langsur", "Langsur (Rheinland-Pfalz)", "Mesenich", "Metzdorf", "Wasserbilligerbr\u00fcck"], 
"54309": ["Butzweiler", "Newel", "Newel (Rheinland-Pfalz)"], 
"54310": ["Edingen", "Godendorf", "Kersch", "Menningen", "Menningen (Rheinland-Pfalz)", "Minden", "Minden (Rheinland-Pfalz)", "Olk", "Ralingen", "Ralingen (Rheinland-Pfalz)", "Wintersdorf"], 
"54311": ["Fusenich", "Sirzenich", "Trierweiler", "Trierweiler (Rheinland-Pfalz)", "Udelfangen"], 
"54313": ["Daufenbach", "Zemmer", "Zemmer (Rheinland-Pfalz)"], 
"54314": ["Baldringen", "Baldringen (Rheinland-Pfalz)", "Frommersbach", "Greimerath", "Greimerath (Rheinland-Pfalz)", "Hentern", "Hentern (Rheinland-Pfalz)", "Neunh\u00e4user", "Niederzerf", "Oberzerf", "Paschel", "Paschel (Rheinland-Pfalz)", "Sch\u00f6merich", "Sch\u00f6merich (Rheinland-Pfalz)", "Vierherrenborn", "Vierherrenborn (Rheinland-Pfalz)", "Zerf", "Zerf (Rheinland-Pfalz)"], 
"54316": ["Bonerath", "Bonerath (Rheinland-Pfalz)", "Franzenheim", "Franzenheim (Rheinland-Pfalz)", "Geizenburg", "Hinzenburg", "Hinzenburg (Rheinland-Pfalz)", "Hockweiler", "Hockweiler (Rheinland-Pfalz)", "Holzerath", "Holzerath (Rheinland-Pfalz)", "Lampaden", "Lampaden (Rheinland-Pfalz)", "Lonzenburg", "Ollmuth", "Ollmuth (Rheinland-Pfalz)", "Pluwig", "Pluwig (Rheinland-Pfalz)", "Sch\u00f6ndorf", "Sch\u00f6ndorf (Rheinland-Pfalz)"], 
"54317": ["Farschweiler", "Farschweiler (Rheinland-Pfalz)", "Gusterath", "Gusterath (Rheinland-Pfalz)", "Gutweiler", "Gutweiler (Rheinland-Pfalz)", "Herl", "Herl (Rheinland-Pfalz)", "Kasel", "Kasel (Rheinland-Pfalz)", "Korlingen", "Korlingen (Rheinland-Pfalz)", "Lorscheid", "Lorscheid (Rheinland-Pfalz)", "Morscheid", "Morscheid (Rheinland-Pfalz)", "Osburg", "Osburg (Rheinland-Pfalz)", "Riveris", "Riveris (Rheinland-Pfalz)", "Sommerau", "Sommerau (Rheinland-Pfalz)", "Thomm", "Thomm (Rheinland-Pfalz)"], 
"54318": ["Gr\u00fcnhaus", "Mertesdorf", "Mertesdorf (Rheinland-Pfalz)"], 
"54320": ["Waldrach", "Waldrach (Rheinland-Pfalz)"], 
"54329": ["Filzen (Konz)", "Konz", "Konz (Rheinland-Pfalz)"], 
"54331": ["Oberbillig", "Oberbillig (Rheinland-Pfalz)", "Pellingen", "Pellingen (Rheinland-Pfalz)"], 
"54332": ["Reinig", "Wasserliesch", "Wasserliesch (Rheinland-Pfalz)"], 
"54338": ["Issel", "Longen", "Longen (Rheinland-Pfalz)", "Schweich", "Schweich (Rheinland-Pfalz)"], 
"54340": ["Bekond", "Bekond (Rheinland-Pfalz)", "Detzem", "Detzem (Rheinland-Pfalz)", "Ensch", "Ensch (Rheinland-Pfalz)", "Kl\u00fcsserath", "Kl\u00fcsserath (Rheinland-Pfalz)", "K\u00f6werich", "K\u00f6werich (Rheinland-Pfalz)", "Leiwen", "Leiwen (Rheinland-Pfalz)", "Longuich", "Longuich (Rheinland-Pfalz)", "Naurath", "Naurath (Eifel)", "Naurath (Rheinland-Pfalz)", "P\u00f6lich", "P\u00f6lich (Rheinland-Pfalz)", "Riol", "Riol (Rheinland-Pfalz)", "Schleich", "Schleich (Rheinland-Pfalz)", "Th\u00f6rnich", "Th\u00f6rnich (Rheinland-Pfalz)"], 
"54341": ["Fastrau", "Fell", "Fell (Rheinland-Pfalz)"], 
"54343": ["F\u00f6hren", "F\u00f6hren (Rheinland-Pfalz)"], 
"54344": ["Kenn", "Kenn (Rheinland-Pfalz)"], 
"54346": ["Mehring", "Mehring (Rheinland-Pfalz)"], 
"54347": ["Neumagen-Dhron", "Neumagen-Dhron (Rheinland-Pfalz)"], 
"54349": ["Trittenheim", "Trittenheim (Rheinland-Pfalz)"], 
"54411": ["Deuselbach", "Deuselbach (Rheinland-Pfalz)", "Hermeskeil", "Hermeskeil (Rheinland-Pfalz)", "Rorodt", "Rorodt (Rheinland-Pfalz)"], 
"54413": ["Bescheid", "Bescheid (Rheinland-Pfalz)", "Beuren", "Beuren (Hochwald)", "Beuren (Rheinland-Pfalz)", "Damflos", "Damflos (Rheinland-Pfalz)", "Geisfeld", "Geisfeld (Rheinland-Pfalz)", "Grimburg", "Grimburg (Rheinland-Pfalz)", "Gusenburg", "Gusenburg (Rheinland-Pfalz)", "Prosterath", "Rascheid", "Rascheid (Rheinland-Pfalz)"], 
"54421": ["Hinzert-P\u00f6lert", "Hinzert-P\u00f6lert (Rheinland-Pfalz)", "Reinsfeld", "Reinsfeld (Rheinland-Pfalz)"], 
"54422": ["B\u00f6rfink", "B\u00f6rfink (Rheinland-Pfalz)", "Neuhof", "Neuh\u00fctten", "Neuh\u00fctten (Rheinland-Pfalz)", "Z\u00fcsch", "Z\u00fcsch (Rheinland-Pfalz)"], 
"54424": ["Burtscheid", "Burtscheid (Rheinland-Pfalz)", "Etgert", "Etgert (Rheinland-Pfalz)", "Gielert", "Gielert (Rheinland-Pfalz)", "L\u00fcckenburg", "L\u00fcckenburg (Rheinland-Pfalz)", "Thalfang", "Thalfang (Rheinland-Pfalz)"], 
"54426": ["Berglicht", "Berglicht (Rheinland-Pfalz)", "Breit", "Breit (Rheinland-Pfalz)", "B\u00fcdlich", "B\u00fcdlich (Rheinland-Pfalz)", "Dhronecken", "Dhronecken (Rheinland-Pfalz)", "Gr\u00e4fendhron", "Gr\u00e4fendhron (Rheinland-Pfalz)", "Heidenburg", "Heidenburg (Rheinland-Pfalz)", "Hilscheid", "Hilscheid (Rheinland-Pfalz)", "Immert", "Immert (Rheinland-Pfalz)", "Malborn", "Malborn (Rheinland-Pfalz)", "Merschbach", "Merschbach (Rheinland-Pfalz)", "Naurath", "Naurath (Rheinland-Pfalz)", "Naurath (Wald)", "Neunkirchen", "Neunkirchen (Rheinland-Pfalz)", "Sch\u00f6nberg", "Sch\u00f6nberg (Rheinland-Pfalz)", "Talling", "Talling (Rheinland-Pfalz)"], 
"54427": ["Kell", "Kell (Rheinland-Pfalz)", "Kell am See", "M\u00fchlscheid"], 
"54429": ["Heddert", "Heddert (Rheinland-Pfalz)", "Mandern", "Mandern (Rheinland-Pfalz)", "Schillingen", "Schillingen (Rheinland-Pfalz)", "Waldweiler", "Waldweiler (Rheinland-Pfalz)"], 
"54439": ["Dittlingen", "Fisch", "Fisch (Rheinland-Pfalz)", "Kelsen", "K\u00f6rrig", "Merzkirchen", "Merzkirchen (Rheinland-Pfalz)", "Palzem", "Palzem (Rheinland-Pfalz)", "Portz", "Rommelfangen", "Saarburg", "Saarburg (Rheinland-Pfalz)", "S\u00fcdlingen"], 
"54441": ["Ayl", "Ayl (Rheinland-Pfalz)", "Kanzem", "Kanzem (Rheinland-Pfalz)", "Kastel-Staadt", "Kastel-Staadt (Rheinland-Pfalz)", "Kirf", "Kirf (Rheinland-Pfalz)", "K\u00fcmmern", "Mannebach", "Mannebach (Rheinland-Pfalz)", "Ockfen", "Ockfen (Rheinland-Pfalz)", "Schoden", "Schoden (Rheinland-Pfalz)", "Taben-Rodt", "Taben-Rodt (Rheinland-Pfalz)", "Temmels", "Temmels (Rheinland-Pfalz)", "Trassem", "Trassem (Rheinland-Pfalz)", "Wawern", "Wawern (Rheinland-Pfalz)", "Wellen", "Wellen (Rheinland-Pfalz)"], 
"54450": ["Freudenburg", "Freudenburg (Rheinland-Pfalz)"], 
"54451": ["Irsch", "Irsch (Rheinland-Pfalz)"], 
"54453": ["Nittel", "Nittel (Rheinland-Pfalz)"], 
"54455": ["Serrig", "Serrig (Rheinland-Pfalz)"], 
"54456": ["Fellerich", "Onsdorf", "Onsdorf (Rheinland-Pfalz)", "Tawern", "Tawern (Rheinland-Pfalz)"], 
"54457": ["Wincheringen", "Wincheringen (Rheinland-Pfalz)"], 
"54459": ["Wiltingen", "Wiltingen (Rheinland-Pfalz)"], 
"54470": ["Bernkastel-Kues", "Bernkastel-Kues (Rheinland-Pfalz)", "Brauneberg", "Brauneberg (Rheinland-Pfalz)", "Graach", "Graach (Rheinland-Pfalz)", "Graach an der Mosel", "Hirzlei", "Lieser", "Lieser (Rheinland-Pfalz)"], 
"54472": ["Brauneberg", "Burgen", "Burgen (Rheinland-Pfalz)", "Gornhausen", "Gornhausen (Rheinland-Pfalz)", "Hochscheid", "Hochscheid (Rheinland-Pfalz)", "Kommen", "Kommen (Rheinland-Pfalz)", "Longkamp", "Longkamp (Rheinland-Pfalz)", "Monzelfeld", "Monzelfeld (Rheinland-Pfalz)", "Veldenz", "Veldenz (Rheinland-Pfalz)"], 
"54483": ["Emmeroth", "Fronhofen", "G\u00f6tzeroth", "Ilsbach", "Kleinich", "Kleinich (Rheinland-Pfalz)", "Oberkleinich", "Pilmeroth", "Thalkleinich"], 
"54484": ["Maring-Noviand", "Maring-Noviand (Rheinland-Pfalz)"], 
"54486": ["M\u00fclheim", "M\u00fclheim (Rheinland-Pfalz)", "M\u00fclheim an der Mosel"], 
"54487": ["Wintrich", "Wintrich (Rheinland-Pfalz)"], 
"54492": ["Altmachern", "Erden", "Erden (Rheinland-Pfalz)", "Klosterberg", "L\u00f6snich", "L\u00f6snich (Rheinland-Pfalz)", "Machern", "Zeltingen-Rachtig", "Zeltingen-Rachtig (Rheinland-Pfalz)"], 
"54497": ["Gonzerath", "Haag", "Hinzerath", "Horath", "Horath (Rheinland-Pfalz)", "Hundheim", "Hunolstein", "Morbach", "Morbach (Rheinland-Pfalz)", "Rapperath", "Wederath", "Weiperath"], 
"54498": ["Piesport", "Piesport (Rheinland-Pfalz)"], 
"54516": ["Bombogen", "Flu\u00dfbach", "Flu\u00dfbach (Rheinland-Pfalz)", "L\u00fcxem", "Wengerohr", "Wittlich", "Wittlich (Rheinland-Pfalz)"], 
"54518": ["Altrich", "Altrich (Rheinland-Pfalz)", "Arenrath", "Arenrath (Rheinland-Pfalz)", "Bergweiler", "Bergweiler (Rheinland-Pfalz)", "Binsfeld", "Binsfeld (Rheinland-Pfalz)", "Bruch", "Bruch (Rheinland-Pfalz)", "Dodenburg", "Dodenburg (Rheinland-Pfalz)", "Dreis", "Dreis (Rheinland-Pfalz)", "Esch", "Esch (Rheinland-Pfalz)", "Gladbach", "Gladbach (Rheinland-Pfalz)", "Heckenm\u00fcnster", "Heckenm\u00fcnster (Rheinland-Pfalz)", "Heidweiler", "Heidweiler (Rheinland-Pfalz)", "Hupperath", "Hupperath (Rheinland-Pfalz)", "Kaiserm\u00fchle", "Kesten", "Kesten (Rheinland-Pfalz)", "Minderlittgen", "Minderlittgen (Rheinland-Pfalz)", "Minheim", "Minheim (Rheinland-Pfalz)", "Niersbach", "Niersbach (Rheinland-Pfalz)", "Osann-Monzel", "Osann-Monzel (Rheinland-Pfalz)", "Platten", "Platten (Rheinland-Pfalz)", "Plein", "Plein (Rheinland-Pfalz)", "Rivenich", "Rivenich (Rheinland-Pfalz)", "Sehlem", "Sehlem (Rheinland-Pfalz)"], 
"54523": ["Dierscheid", "Dierscheid (Rheinland-Pfalz)", "Hetzerath", "Hetzerath (Rheinland-Pfalz)", "Kalbergerhof"], 
"54524": ["Klausen", "Klausen (Rheinland-Pfalz)"], 
"54526": ["Landscheid", "Landscheid (Rheinland-Pfalz)", "Niederkail"], 
"54528": ["Salmtal", "Salmtal (Rheinland-Pfalz)"], 
"54529": ["Spangdahlem", "Spangdahlem (Rheinland-Pfalz)"], 
"54531": ["Buchholz, Gem Eckfeld", "Buchholz, Gem Pantenburg", "Eckfeld", "Eckfeld (Rheinland-Pfalz)", "Manderscheid", "Manderscheid (Rheinland-Pfalz)", "Meerfeld", "Meerfeld (Rheinland-Pfalz)", "Pantenburg", "Pantenburg (Rheinland-Pfalz)", "Wallscheid", "Wallscheid (Rheinland-Pfalz)"], 
"54533": ["Bettenfeld", "Bettenfeld (Rheinland-Pfalz)", "Bierm\u00fchle", "Dierfeld", "Dierfeld (Rheinland-Pfalz)", "Eisenschmitt", "Eisenschmitt (Rheinland-Pfalz)", "Gipperath", "Gipperath (Rheinland-Pfalz)", "Gransdorf", "Gransdorf (Rheinland-Pfalz)", "Greimerath", "Greimerath (Rheinland-Pfalz)", "Hasborn", "Hasborn (Rheinland-Pfalz)", "Laufeld", "Laufeld (Rheinland-Pfalz)", "Niederscheidweiler", "Niederscheidweiler (Rheinland-Pfalz)", "Nieder\u00f6fflingen", "Nieder\u00f6fflingen (Rheinland-Pfalz)", "Oberkail", "Oberkail (Rheinland-Pfalz)", "Oberscheidweiler", "Oberscheidweiler (Rheinland-Pfalz)", "Ober\u00f6fflingen", "Ober\u00f6fflingen (Rheinland-Pfalz)", "Salmberg", "Schwarzenborn", "Schwarzenborn (Rheinland-Pfalz)", "Willwerscheid", "Willwerscheid (Rheinland-Pfalz)"], 
"54534": ["Gro\u00dflittgen", "Gro\u00dflittgen (Rheinland-Pfalz)", "Karl", "Karl (Rheinland-Pfalz)", "Musweiler", "Musweiler (Rheinland-Pfalz)", "Schladt", "Schladt (Rheinland-Pfalz)"], 
"54536": ["Kr\u00f6v", "Kr\u00f6v (Rheinland-Pfalz)"], 
"54538": ["Bausendorf", "Bausendorf (Rheinland-Pfalz)", "Bengel", "Bengel (Rheinland-Pfalz)", "Diefenbach", "Diefenbach (Rheinland-Pfalz)", "Engelsberg", "Hontheim", "Hontheim (Rheinland-Pfalz)", "Kinderbeuern", "Kinderbeuern (Rheinland-Pfalz)", "Kinheim", "Kinheim (Rheinland-Pfalz)", "Melchhof", "Neidhof"], 
"54539": ["Zeltingen, Forsthaus", "Zeltingen-Rachtig", "Zeltingen-Rachtig (Rheinland-Pfalz)", "\u00dcrzig", "\u00dcrzig (Rheinland-Pfalz)"], 
"54550": ["Daun", "Daun (Rheinland-Pfalz)", "Gem\u00fcnden", "Neunkirchen", "Rengen", "Steinborn", "Waldk\u00f6nigen", "Weiersbach"], 
"54552": ["Beinhausen", "Beinhausen (Rheinland-Pfalz)", "Boxberg", "Boxberg (Rheinland-Pfalz)", "Brockscheid", "Brockscheid (Rheinland-Pfalz)", "Darscheid", "Darscheid (Rheinland-Pfalz)", "Demerath", "Demerath (Rheinland-Pfalz)", "Dockweiler", "Dockweiler (Rheinland-Pfalz)", "Dreis-Br\u00fcck", "Dreis-Br\u00fcck (Rheinland-Pfalz)", "Ellscheid", "Ellscheid (Rheinland-Pfalz)", "Gefell", "Gefell (Rheinland-Pfalz)", "H\u00f6rscheid", "H\u00f6rscheid (Rheinland-Pfalz)", "H\u00f6rschhausen", "H\u00f6rschhausen (Rheinland-Pfalz)", "Immerath", "Immerath (Rheinland-Pfalz)", "Katzwinkel", "Katzwinkel (Rheinland-Pfalz)", "Kradenbach", "Kradenbach (Rheinland-Pfalz)", "Mehren", "Mehren (Rheinland-Pfalz)", "Neichen", "Neichen (Rheinland-Pfalz)", "Nerdlen", "Nerdlen (Rheinland-Pfalz)", "Sarmersbach", "Sarmersbach (Rheinland-Pfalz)", "Schalkenmehren", "Schalkenmehren (Rheinland-Pfalz)", "Sch\u00f6nbach", "Sch\u00f6nbach (Rheinland-Pfalz)", "Steineberg", "Steineberg (Rheinland-Pfalz)", "Steiningen", "Steiningen (Rheinland-Pfalz)", "Strotzb\u00fcsch", "Strotzb\u00fcsch (Rheinland-Pfalz)", "Udler", "Udler (Rheinland-Pfalz)", "Utzerath", "Utzerath (Rheinland-Pfalz)", "\u00dcdersdorf", "\u00dcdersdorf (Rheinland-Pfalz)"], 
"54558": ["Gillenfeld", "Gillenfeld (Rheinland-Pfalz)", "M\u00fcckeln", "M\u00fcckeln (Rheinland-Pfalz)", "Saxler", "Saxler (Rheinland-Pfalz)", "Sprink", "Strohn", "Strohn (Rheinland-Pfalz)", "Winkel", "Winkel (Eifel)", "Winkel (Rheinland-Pfalz)"], 
"54568": ["Gerolstein", "Gerolstein (Rheinland-Pfalz)", "M\u00fcllenborn"], 
"54570": ["Berlingen", "Berlingen (Rheinland-Pfalz)", "Betteldorf", "Betteldorf (Rheinland-Pfalz)", "Bleckhausen", "Bleckhausen (Rheinland-Pfalz)", "Bleckhausener M\u00fchle", "Densborn", "Densborn (Rheinland-Pfalz)", "Desserath", "Deudesfeld", "Deudesfeld (Rheinland-Pfalz)", "Hinterweiler", "Hinterweiler (Rheinland-Pfalz)", "Hohenfels-Essingen", "Hohenfels-Essingen (Rheinland-Pfalz)", "Kalenborn-Scheuern", "Kalenborn-Scheuern (Rheinland-Pfalz)", "Kirchweiler", "Kirchweiler (Rheinland-Pfalz)", "Meisburg", "Meisburg (Rheinland-Pfalz)", "M\u00fcrlenbach", "M\u00fcrlenbach (Rheinland-Pfalz)", "Neroth", "Neroth (Rheinland-Pfalz)", "Niederstadtfeld", "Niederstadtfeld (Rheinland-Pfalz)", "Oberstadtfeld", "Oberstadtfeld (Rheinland-Pfalz)", "Pelm", "Pelm (Rheinland-Pfalz)", "Rockeskyll", "Rockeskyll (Rheinland-Pfalz)", "Salm", "Salm (Rheinland-Pfalz)", "Sauerseifen", "Schutz", "Schutz (Rheinland-Pfalz)", "Wallenborn", "Wallenborn (Rheinland-Pfalz)", "Weidenbach", "Weidenbach (Rheinland-Pfalz)"], 
"54574": ["Birresborn", "Birresborn (Rheinland-Pfalz)", "Kopp", "Kopp (Rheinland-Pfalz)", "Rom"], 
"54576": ["Dohm-Lammersdorf", "Dohm-Lammersdorf (Rheinland-Pfalz)", "Hillesheim", "Hillesheim (Rheinland-Pfalz)"], 
"54578": ["Basberg", "Basberg (Rheinland-Pfalz)", "Berndorf", "Berndorf (Rheinland-Pfalz)", "Kerpen", "Kerpen (Eifel)", "Kerpen (Rheinland-Pfalz)", "Mirbach", "Nohn", "Nohn (Rheinland-Pfalz)", "Oberbettingen", "Oberbettingen (Rheinland-Pfalz)", "Oberehe-Stroheich", "Oberehe-Stroheich (Rheinland-Pfalz)", "Walsdorf", "Walsdorf (Rheinland-Pfalz)", "Wiesbaum", "Wiesbaum (Rheinland-Pfalz)"], 
"54579": ["Ah\u00fctte", "Heyroth", "Leudersdorf", "Niederehe", "\u00dcxheim", "\u00dcxheim (Rheinland-Pfalz)"], 
"54584": ["Feusdorf", "Feusdorf (Rheinland-Pfalz)", "G\u00f6nnersdorf", "G\u00f6nnersdorf (Rheinland-Pfalz)", "J\u00fcnkerath", "J\u00fcnkerath (Rheinland-Pfalz)"], 
"54585": ["Esch", "Esch (Rheinland-Pfalz)"], 
"54586": ["Sch\u00fcller", "Sch\u00fcller (Rheinland-Pfalz)"], 
"54587": ["Birgel", "Birgel (Rheinland-Pfalz)", "Lissendorf", "Lissendorf (Rheinland-Pfalz)"], 
"54589": ["Kerschenbach", "Kerschenbach (Rheinland-Pfalz)", "Sch\u00f6nfeld", "Stadtkyll", "Stadtkyll (Rheinland-Pfalz)"], 
"54595": ["Dausfeld", "Gondelsheim", "Gondenbrett", "Gondenbrett (Rheinland-Pfalz)", "Hermespand", "Niedermehlen", "Niederpr\u00fcm", "Obermehlen", "Orlenbach", "Orlenbach (Rheinland-Pfalz)", "Pittenbach", "Pittenbach (Rheinland-Pfalz)", "Pr\u00fcm", "Pr\u00fcm (Rheinland-Pfalz)", "Steinmehlen", "Wascheid", "Watzerath", "Watzerath (Rheinland-Pfalz)", "Weinsfeld", "Weinsheim", "Weinsheim (Rheinland-Pfalz)", "Willwerath"], 
"54597": ["Auw", "Auw (Rheinland-Pfalz)", "Auw bei Pr\u00fcm", "Balesfeld", "Balesfeld (Rheinland-Pfalz)", "Burbach", "Burbach (Rheinland-Pfalz)", "Denterhof", "Duppach", "Duppach (Rheinland-Pfalz)", "Ellwerath", "Euscheid", "Euscheid (Rheinland-Pfalz)", "Feuerscheid", "Feuerscheid (Rheinland-Pfalz)", "Fleringen", "Fleringen (Rheinland-Pfalz)", "Gesotz, Gem Feuerscheid", "Gesotz, Gem Hargarten", "Gesotz, Gem Pl\u00fctscheid", "Habscheid", "Habscheid (Rheinland-Pfalz)", "Hersdorf", "Hersdorf (Rheinland-Pfalz)", "Hofswald", "Kinzenburg", "Kinzenburg (Rheinland-Pfalz)", "Kleinlangenfeld", "Kleinlangenfeld (Rheinland-Pfalz)", "Lascheid", "Lascheid (Rheinland-Pfalz)", "Laudesfeld", "Lierfeld", "Lierfeld (Rheinland-Pfalz)", "L\u00fcnebach", "L\u00fcnebach (Rheinland-Pfalz)", "Masthorn", "Masthorn (Rheinland-Pfalz)", "Matzerath", "Matzerath (Rheinland-Pfalz)", "Merlscheid", "Merlscheid (Rheinland-Pfalz)", "Neuendorf", "Neuendorf (Rheinland-Pfalz)", "Neuheilenbach", "Neuheilenbach (Rheinland-Pfalz)", "Olzheim", "Olzheim (Rheinland-Pfalz)", "Ormont", "Ormont (Rheinland-Pfalz)", "Pl\u00fctscheid", "Pl\u00fctscheid (Rheinland-Pfalz)", "Pronsfeld", "Pronsfeld (Rheinland-Pfalz)", "Reuth", "Reuth (Rheinland-Pfalz)", "Rommersheim", "Rommersheim (Rheinland-Pfalz)", "Roth", "Roth (Rheinland-Pfalz)", "Roth bei Pr\u00fcm", "Schlausenbach", "Schwarzbach", "Schwirzheim", "Schwirzheim (Rheinland-Pfalz)", "Seiwerath", "Seiwerath (Rheinland-Pfalz)", "Steffeln", "Steffeln (Rheinland-Pfalz)", "Strickscheid", "Strickscheid (Rheinland-Pfalz)", "Wallersheim", "Wallersheim (Rheinland-Pfalz)", "Wei\u00dfenseifen, Gem M\u00fcrlenbach", "Wei\u00dfenseifen, Gem Wallersheim"], 
"54608": ["Bleialf", "Bleialf (Rheinland-Pfalz)", "Brandscheid", "Brandscheid (Rheinland-Pfalz)", "Buchet", "Buchet (Rheinland-Pfalz)", "Gro\u00dflangenfeld", "Gro\u00dflangenfeld (Rheinland-Pfalz)", "Herscheid", "Hontheim", "M\u00fctzenich", "M\u00fctzenich (Rheinland-Pfalz)", "Oberlascheid", "Oberlascheid (Rheinland-Pfalz)", "Schweiler", "Sellerich", "Sellerich (Rheinland-Pfalz)", "Sellericherh\u00f6he", "Winterscheid", "Winterscheid (Rheinland-Pfalz)"], 
"54610": ["B\u00fcdesheim", "B\u00fcdesheim (Rheinland-Pfalz)"], 
"54611": ["Hallschlag", "Hallschlag (Rheinland-Pfalz)", "Scheid", "Scheid (Rheinland-Pfalz)"], 
"54612": ["Lasel", "Lasel (Rheinland-Pfalz)", "Nimshuscheid", "Nimshuscheid (Rheinland-Pfalz)", "Wawern", "Wawern (Rheinland-Pfalz)"], 
"54614": ["Dingdorf", "Dingdorf (Rheinland-Pfalz)", "Giesdorf", "Giesdorf (Rheinland-Pfalz)", "Heisdorf", "Heisdorf (Rheinland-Pfalz)", "Niederlauch", "Niederlauch (Rheinland-Pfalz)", "Nimsreuland", "Nimsreuland (Rheinland-Pfalz)", "Oberlauch", "Oberlauch (Rheinland-Pfalz)", "Sch\u00f6necken", "Sch\u00f6necken (Rheinland-Pfalz)", "Wetteldorf", "Winringen", "Winringen (Rheinland-Pfalz)"], 
"54616": ["Hemmeres", "Winterspelt", "Winterspelt (Rheinland-Pfalz)"], 
"54617": ["Harspelt", "Harspelt (Rheinland-Pfalz)", "L\u00fctzkampen", "L\u00fctzkampen (Rheinland-Pfalz)", "Sevenig", "Sevenig (Our)", "Sevenig (Rheinland-Pfalz)"], 
"54619": ["Banzenhof", "Dackscheid", "Dromigt", "Eschfeld", "Eschfeld (Rheinland-Pfalz)", "Gro\u00dfkampenberg", "Gro\u00dfkampenberg (Rheinland-Pfalz)", "Heckhuscheid", "Heckhuscheid (Rheinland-Pfalz)", "Herzfeld", "Herzfeld (Rheinland-Pfalz)", "Kesfeld", "Kesfeld (Rheinland-Pfalz)", "Leidenborn", "Leidenborn (Rheinland-Pfalz)", "Lichtenborn", "Lichtenborn (Rheinland-Pfalz)", "Reiff", "Reiff (Rheinland-Pfalz)", "Roscheid", "Roscheid (Rheinland-Pfalz)", "Sengerich", "Sengerich (Rheinland-Pfalz)", "Spielmannsholz", "\u00dcttfeld", "\u00dcttfeld (Rheinland-Pfalz)"], 
"54634": ["Birtlingen", "Birtlingen (Rheinland-Pfalz)", "Bitburg", "Bitburg (Rheinland-Pfalz)", "Masholder", "Matzen", "Metterich", "Metterich (Rheinland-Pfalz)", "M\u00f6tsch", "Niederstedem", "Niederstedem (Rheinland-Pfalz)", "Oberstedem", "Oberstedem (Rheinland-Pfalz)", "Stahl"], 
"54636": ["Altenhof", "Altscheid", "Altscheid (Rheinland-Pfalz)", "Baustert", "Baustert (Rheinland-Pfalz)", "Berghausen", "Bickendorf", "Bickendorf (Rheinland-Pfalz)", "Biersdorf", "Biersdorf (Rheinland-Pfalz)", "Biersdorf am See", "Brecht", "Brecht (Rheinland-Pfalz)", "Dahlem", "Dahlem (Rheinland-Pfalz)", "Dockendorf", "Dockendorf (Rheinland-Pfalz)", "Echtershausen", "Echtershausen (Rheinland-Pfalz)", "Ehlenz", "Ehlenz (Rheinland-Pfalz)", "E\u00dflingen", "E\u00dflingen (Rheinland-Pfalz)", "Feilsdorf", "Feilsdorf (Rheinland-Pfalz)", "Flie\u00dfem", "Flie\u00dfem (Rheinland-Pfalz)", "Hamm", "Hamm (Rheinland-Pfalz)", "Heilenbach", "Heilenbach (Rheinland-Pfalz)", "Hermesdorf", "H\u00fctterscheid", "H\u00fctterscheid (Rheinland-Pfalz)", "H\u00fcttingen", "H\u00fcttingen (Rheinland-Pfalz)", "H\u00fcttingen an der Kyll", "Idenheim", "Idenheim (Rheinland-Pfalz)", "Idesheim", "Idesheim (Rheinland-Pfalz)", "Ingendorf", "Ingendorf (Rheinland-Pfalz)", "Koosb\u00fcsch", "Lie\u00dfem", "Lie\u00dfem (Rheinland-Pfalz)", "Meckel", "Meckel (Rheinland-Pfalz)", "Merkeshausen", "Messerich", "Messerich (Rheinland-Pfalz)", "M\u00fclbach", "M\u00fclbach (Rheinland-Pfalz)", "Nattenheim", "Nattenheim (Rheinland-Pfalz)", "Neum\u00fchle", "Niederweiler", "Niederweiler (Rheinland-Pfalz)", "Oberweiler", "Oberweiler (Rheinland-Pfalz)", "Oberweis", "Oberweis (Rheinland-Pfalz)", "Ritterm\u00fchle", "Rittersdorf", "Rittersdorf (Rheinland-Pfalz)", "R\u00f6hl", "R\u00f6hl (Rheinland-Pfalz)", "Scharfbillig", "Scharfbillig (Rheinland-Pfalz)", "Schleid", "Schleid (Rheinland-Pfalz)", "Seffern", "Seffern (Rheinland-Pfalz)", "Sefferweich", "Sefferweich (Rheinland-Pfalz)", "S\u00fclm", "S\u00fclm (Rheinland-Pfalz)", "Trimport", "Trimport (Rheinland-Pfalz)", "Weidingen", "Weidingen (Rheinland-Pfalz)", "Wiersdorf", "Wiersdorf (Rheinland-Pfalz)", "Wi\u00dfmannsdorf", "Wi\u00dfmannsdorf (Rheinland-Pfalz)", "Wolsfeld", "Wolsfeld (Rheinland-Pfalz)"], 
"54646": ["Bettingen", "Bettingen (Rheinland-Pfalz)", "Brimingen", "Brimingen (Rheinland-Pfalz)", "Burg", "Burg (Rheinland-Pfalz)", "Enzen", "Enzen (Rheinland-Pfalz)", "Halsdorf", "Halsdorf (Rheinland-Pfalz)", "Hisel", "Niehl", "Niehl (Rheinland-Pfalz)", "Olsdorf", "Olsdorf (Rheinland-Pfalz)", "Stockem", "Stockem (Rheinland-Pfalz)", "Wettlingen", "Wettlingen (Rheinland-Pfalz)"], 
"54647": ["Dudeldorf", "Dudeldorf (Rheinland-Pfalz)", "Gondorf", "Gondorf (Rheinland-Pfalz)", "Picklie\u00dfem", "Picklie\u00dfem (Rheinland-Pfalz)"], 
"54649": ["Dackscheid", "Dackscheid (Rheinland-Pfalz)", "Eilscheid", "Eilscheid (Rheinland-Pfalz)", "Hargarten", "Hargarten (Rheinland-Pfalz)", "Lambertsberg", "Lambertsberg (Rheinland-Pfalz)", "Lauperath", "Lauperath (Rheinland-Pfalz)", "Luppertsseifen, Gem Burscheid", "Manderscheid", "Manderscheid (Rheinland-Pfalz)", "Mauel", "Mauel (Rheinland-Pfalz)", "Niederpierscheid", "Niederpierscheid (Rheinland-Pfalz)", "Oberpierscheid", "Oberpierscheid (Rheinland-Pfalz)", "Pintesfeld", "Pintesfeld (Rheinland-Pfalz)", "Waxweiler", "Waxweiler (Rheinland-Pfalz)"], 
"54655": ["Altenhof", "Etteldorf", "Etteldorf (Rheinland-Pfalz)", "Friedb\u00fcsch", "Kyllburg", "Kyllburg (Rheinland-Pfalz)", "Kyllburgweiler", "Kyllburgweiler (Rheinland-Pfalz)", "Malberg", "Malberg (Rheinland-Pfalz)", "Malbergweich", "Malbergweich (Rheinland-Pfalz)", "Orsfeld", "Orsfeld (Rheinland-Pfalz)", "Sankt Thomas", "Sankt Thomas (Rheinland-Pfalz)", "Seinsfeld", "Seinsfeld (Rheinland-Pfalz)", "Steinborn", "Steinborn (Rheinland-Pfalz)", "Usch", "Usch (Rheinland-Pfalz)", "Wilsecker", "Wilsecker (Rheinland-Pfalz)", "Zendscheid", "Zendscheid (Rheinland-Pfalz)"], 
"54657": ["Badem", "Badem (Rheinland-Pfalz)", "Gindorf", "Gindorf (Rheinland-Pfalz)", "Neidenbach", "Neidenbach (Rheinland-Pfalz)"], 
"54662": ["Beilingen", "Beilingen (Rheinland-Pfalz)", "Herforst", "Herforst (Rheinland-Pfalz)", "Pfalzkyll", "Philippsheim", "Philippsheim (Rheinland-Pfalz)", "Speicher", "Speicher (Rheinland-Pfalz)"], 
"54664": ["Auw", "Auw (Rheinland-Pfalz)", "Auw an der Kyll", "Hosten", "Hosten (Rheinland-Pfalz)", "Preist", "Preist (Rheinland-Pfalz)"], 
"54666": ["Irrel", "Irrel (Rheinland-Pfalz)"], 
"54668": ["Alsdorf", "Alsdorf (Rheinland-Pfalz)", "Diesburgerhof", "Echternacherbr\u00fcck", "Echternacherbr\u00fcck (Rheinland-Pfalz)", "Ernzen", "Ernzen (Rheinland-Pfalz)", "Ferschweiler", "Ferschweiler (Rheinland-Pfalz)", "Holsthum", "Holsthum (Rheinland-Pfalz)", "Kaschenbach", "Kaschenbach (Rheinland-Pfalz)", "Neu-Diesburgerhof", "Niederweis", "Niederweis (Rheinland-Pfalz)", "Peffingen", "Peffingen (Rheinland-Pfalz)", "Pr\u00fcmzurlay", "Pr\u00fcmzurlay (Rheinland-Pfalz)", "Schankweiler", "Schankweiler (Rheinland-Pfalz)"], 
"54669": ["Bollendorf", "Bollendorf (Rheinland-Pfalz)"], 
"54673": ["Ammeldingen", "Ammeldingen (Rheinland-Pfalz)", "Ammeldingen bei Neuerburg", "Bauler", "Bauler (Rheinland-Pfalz)", "Berkoth", "Berkoth (Rheinland-Pfalz)", "Berscheid", "Berscheid (Rheinland-Pfalz)", "Dauwelshausen", "Dauwelshausen (Rheinland-Pfalz)", "Emmelbaum", "Emmelbaum (Rheinland-Pfalz)", "Falkenauel", "Gaym\u00fchle, Gem Bauler", "Gaym\u00fchle, Gem Berscheid", "Gem\u00fcnd", "Gem\u00fcnd (Rheinland-Pfalz)", "Heilbach", "Heilbach (Rheinland-Pfalz)", "Herbstm\u00fchle", "Herbstm\u00fchle (Rheinland-Pfalz)", "H\u00fctten", "H\u00fctten (Rheinland-Pfalz)", "Karlshausen", "Karlshausen (Rheinland-Pfalz)", "Keppeshausen", "Keppeshausen (Rheinland-Pfalz)", "Koxhausen", "Koxhausen (Rheinland-Pfalz)", "Krautscheid", "Krautscheid (Rheinland-Pfalz)", "Leimbach", "Leimbach (Rheinland-Pfalz)", "Machtemesm\u00fchle", "Muxerath", "Muxerath (Rheinland-Pfalz)", "Nasingen", "Nasingen (Rheinland-Pfalz)", "Neuerburg", "Neuerburg (Rheinland-Pfalz)", "Plascheid", "Plascheid (Rheinland-Pfalz)", "Preischeiderley", "Ringhuscheid", "Rodershausen", "Rodershausen (Rheinland-Pfalz)", "Sauerwies", "Scheitenkorb", "Scheitenkorb (Rheinland-Pfalz)", "Scheuern", "Scheuern (Rheinland-Pfalz)", "Schwabert", "Sevenig", "Sevenig (Rheinland-Pfalz)", "Sevenig bei Neuerburg", "Uppershausen", "Uppershausen (Rheinland-Pfalz)", "Waldhof-Falkenstein", "Waldhof-Falkenstein (Rheinland-Pfalz)", "Zweifelscheid", "Zweifelscheid (Rheinland-Pfalz)"], 
"54675": ["Ammeldingen", "Ammeldingen (Rheinland-Pfalz)", "Ammeldingen an der Our", "Biesdorf", "Biesdorf (Rheinland-Pfalz)", "Fischbach-Oberraden", "Fischbach-Oberraden (Rheinland-Pfalz)", "Gaym\u00fchle, Gem Biesdorf", "Gaym\u00fchle, Gem Wallendorf", "Geichlingen", "Geichlingen (Rheinland-Pfalz)", "Gentingen", "Gentingen (Rheinland-Pfalz)", "Hommerdingen", "Hommerdingen (Rheinland-Pfalz)", "H\u00fcttingen", "H\u00fcttingen (Rheinland-Pfalz)", "Kruchten", "Kruchten (Rheinland-Pfalz)", "K\u00f6rperich", "K\u00f6rperich (Rheinland-Pfalz)", "Lahr", "Lahr (Rheinland-Pfalz)", "Mettendorf", "Mettendorf (Rheinland-Pfalz)", "Niedergeckler", "Niedergeckler (Rheinland-Pfalz)", "Niederraden", "Niederraden (Rheinland-Pfalz)", "Niedersgegen", "Nusbaum", "Nusbaum (Rheinland-Pfalz)", "Obergeckler", "Obergeckler (Rheinland-Pfalz)", "Obersgegen", "Roth", "Roth (Rheinland-Pfalz)", "Roth an der Our", "Sinspelt", "Sinspelt (Rheinland-Pfalz)", "Utscheid", "Utscheid (Rheinland-Pfalz)", "Wallendorf", "Wallendorf (Rheinland-Pfalz)"], 
"54687": ["Arzfeld", "Arzfeld (Rheinland-Pfalz)", "Halenbach", "Hickeshausen", "H\u00f6lzchen", "Neurath"], 
"54689": ["Affler", "Affler (Rheinland-Pfalz)", "Dahnen", "Dahnen (Rheinland-Pfalz)", "Daleiden", "Daleiden (Rheinland-Pfalz)", "Dasburg", "Dasburg (Rheinland-Pfalz)", "Irrhausen", "Irrhausen (Rheinland-Pfalz)", "Jucken", "Jucken (Rheinland-Pfalz)", "Kickeshausen", "Kickeshausen (Rheinland-Pfalz)", "Olmscheid", "Olmscheid (Rheinland-Pfalz)", "Preischeid", "Preischeid (Rheinland-Pfalz)", "Reipeldingen", "Reipeldingen (Rheinland-Pfalz)", "Steinrausch", "\u00dcbereisenbach", "\u00dcbereisenbach (Rheinland-Pfalz)"]}