{"56068": ["Altstadt", "Koblenz", "Koblenz-Altstadt", "Koblenz-Mitte", "Koblenz-Rauental", "Koblenz-Stolzenfels", "Koblenz-S\u00fcd", "Mitte", "Rauental", "Stolzenfels", "S\u00fcd"], 
"56070": ["Bubenheim", "Kesselheim", "Koblenz", "Koblenz-Bubenheim", "Koblenz-Kesselheim", "Koblenz-L\u00fctzel", "Koblenz-Metternich", "Koblenz-Neuendorf", "Koblenz-R\u00fcbenach", "Koblenz-Wallersheim", "L\u00fctzel", "Metternich", "Neuendorf", "R\u00fcbenach", "Wallersheim"], 
"56072": ["Bisholder", "G\u00fcls", "Koblenz", "Koblenz-G\u00fcls", "Koblenz-Metternich", "Koblenz-R\u00fcbenach", "Metternich", "R\u00fcbenach"], 
"56073": ["Goldgrube", "Koblenz", "Koblenz-Goldgrube", "Koblenz-Lay", "Koblenz-Mitte", "Koblenz-Moselwei\u00df", "Koblenz-Rauental", "Koblenz-S\u00fcd", "Lay", "Mitte", "Moselwei\u00df", "Rauental", "S\u00fcd"], 
"56075": ["Karthause", "Koblenz", "Koblenz-Karthause", "Koblenz-Mitte", "Koblenz-Oberwerth", "Koblenz-Stolzenfels", "Koblenz-S\u00fcd", "Mitte", "Oberwerth", "Stolzenfels", "S\u00fcd"], 
"56076": ["Ehrenbreitstein", "Horchheim", "Horchheimer H\u00f6he", "Horchheimer H\u00f6he (Koblenz)", "Koblenz", "Koblenz-Ehrenbreitstein", "Koblenz-Horchheim", "Koblenz-Horchheimer H\u00f6he", "Koblenz-Pfaffendorf", "Koblenz-Pfaffendorfer H\u00f6he", "Pfaffendorf", "Pfaffendorfer H\u00f6he", "Pfaffendorfer H\u00f6he (Koblenz)"], 
"56077": ["Arenberg", "Arzheim", "Asterstein", "Ehrenbreitstein", "Horchheimer H\u00f6he", "Horchheimer H\u00f6he (Koblenz)", "Immendorf", "Koblenz", "Koblenz-Arenberg", "Koblenz-Arzheim", "Koblenz-Asterstein", "Koblenz-Ehrenbreitstein", "Koblenz-Horchheimer H\u00f6he", "Koblenz-Immendorf", "Koblenz-Niederberg", "Niederberg"], 
"56112": ["Lahnstein", "Lahnstein (Rheinland-Pfalz)", "Niederlahnstein", "Oberlahnstein"], 
"56130": ["Altes Forsthaus", "Bad Ems", "Bad Ems (Rheinland-Pfalz)", "Buchenberg", "Grenzloch", "Heinrichshof", "Lindenbach", "Schleuse Dausenau", "Schleuse Ems"], 
"56132": ["Becheln", "Becheln (Rheinland-Pfalz)", "Dausenau", "Dausenau (Rheinland-Pfalz)", "Fr\u00fccht", "Fr\u00fccht (Rheinland-Pfalz)", "Kemmenau", "Kemmenau (Rheinland-Pfalz)", "Miellen", "Miellen (Rheinland-Pfalz)", "Nievern", "Nievern (Rheinland-Pfalz)", "Sch\u00f6ne Aussicht", "Waldfrieden-Schweizertal"], 
"56133": ["Fachbach", "Fachbach (Rheinland-Pfalz)"], 
"56154": ["Bad Salzig", "Boppard", "Boppard (Rheinland-Pfalz)", "Buchenau", "Buchholz", "Herschwiesen", "Hirzenach", "Holzfeld", "Oppenhausen", "Udenhausen", "Weiler"], 
"56170": ["Bembsm\u00fchle", "Bendorf", "Bendorf (Rheinland-Pfalz)", "Lachnitzm\u00fchle", "M\u00fclhofen", "Sayn", "Stromberg"], 
"56179": ["Niederwerth", "Niederwerth (Rheinland-Pfalz)", "Vallendar", "Vallendar (Rheinland-Pfalz)"], 
"56182": ["Urbar", "Urbar (Rheinland-Pfalz)"], 
"56191": ["Weitersburg", "Weitersburg (Rheinland-Pfalz)"], 
"56203": ["Bemberm\u00fchle", "H\u00f6hr-Grenzhausen", "H\u00f6hr-Grenzhausen (Rheinland-Pfalz)", "Waldfriede"], 
"56204": ["Hillscheid", "Hillscheid (Rheinland-Pfalz)"], 
"56206": ["Hilgert", "Hilgert (Rheinland-Pfalz)", "Kammerforst", "Kammerforst (Rheinland-Pfalz)"], 
"56218": ["M\u00fclheim-K\u00e4rlich", "M\u00fclheim-K\u00e4rlich (Rheinland-Pfalz)"], 
"56220": ["Bassenheim", "Bassenheim (Rheinland-Pfalz)", "Kaltenengers", "Kaltenengers (Rheinland-Pfalz)", "Kettig", "Kettig (Rheinland-Pfalz)", "Sankt Sebastian", "Sankt Sebastian (Rheinland-Pfalz)", "Urmitz", "Urmitz (Rheinland-Pfalz)"], 
"56235": ["Hundsdorf", "Hundsdorf (Rheinland-Pfalz)", "Ransbach-Baumbach", "Ransbach-Baumbach (Rheinland-Pfalz)"], 
"56237": ["Alsbach", "Alsbach (Rheinland-Pfalz)", "Breitenau", "Breitenau (Rheinland-Pfalz)", "Caan", "Caan (Rheinland-Pfalz)", "Deesen", "Deesen (Rheinland-Pfalz)", "Nauort", "Nauort (Rheinland-Pfalz)", "Oberhaid", "Oberhaid (Rheinland-Pfalz)", "Sessenbach", "Sessenbach (Rheinland-Pfalz)", "Wirscheid", "Wirscheid (Rheinland-Pfalz)", "Wittgert", "Wittgert (Rheinland-Pfalz)"], 
"56242": ["Ellenhausen", "Ellenhausen (Rheinland-Pfalz)", "Hammerm\u00fchle", "Marienrachdorf", "Marienrachdorf (Rheinland-Pfalz)", "Nordhofen", "Nordhofen (Rheinland-Pfalz)", "Quirnbach", "Quirnbach (Rheinland-Pfalz)", "Selters", "Selters (Rheinland-Pfalz)", "Selters (Westerwald)"], 
"56244": ["Arnsh\u00f6fen", "Arnsh\u00f6fen (Rheinland-Pfalz)", "Ettinghausen", "Ettinghausen (Rheinland-Pfalz)", "Ewighausen", "Ewighausen (Rheinland-Pfalz)", "Freilingen", "Freilingen (Rheinland-Pfalz)", "Freirachdorf", "Freirachdorf (Rheinland-Pfalz)", "Goddert", "Goddert (Rheinland-Pfalz)", "Hahn", "Hahn (Rheinland-Pfalz)", "Hahn am See", "Hartenfels", "Hartenfels (Rheinland-Pfalz)", "Helferskirchen", "Helferskirchen (Rheinland-Pfalz)", "Kr\u00fcmmel", "Kr\u00fcmmel (Rheinland-Pfalz)", "Kuhnh\u00f6fen", "Kuhnh\u00f6fen (Rheinland-Pfalz)", "Leuterod", "Leuterod (Rheinland-Pfalz)", "Maxsain", "Maxsain (Rheinland-Pfalz)", "Niedersayn", "Niedersayn (Rheinland-Pfalz)", "R\u00fcckeroth", "R\u00fcckeroth (Rheinland-Pfalz)", "Sainerholz", "Schenkelberg", "Schenkelberg (Rheinland-Pfalz)", "Sessenhausen", "Sessenhausen (Rheinland-Pfalz)", "Steinen", "Steinen (Rheinland-Pfalz)", "Vielbach", "Vielbach (Rheinland-Pfalz)", "Weidenhahn", "Weidenhahn (Rheinland-Pfalz)", "W\u00f6lferlingen", "W\u00f6lferlingen (Rheinland-Pfalz)", "\u00d6tzingen", "\u00d6tzingen (Rheinland-Pfalz)"], 
"56249": ["Herschbach", "Herschbach (Rheinland-Pfalz)"], 
"56253": ["Treis-Karden", "Treis-Karden (Rheinland-Pfalz)"], 
"56254": ["Moselkern", "Moselkern (Rheinland-Pfalz)", "M\u00fcden", "M\u00fcden (Mosel)", "M\u00fcden (Rheinland-Pfalz)"], 
"56269": ["Br\u00fcckrachdorf", "Dierdorf", "Dierdorf (Rheinland-Pfalz)", "Elgert", "Giershofen", "Marienhausen", "Marienhausen (Rheinland-Pfalz)", "Wienau"], 
"56271": ["Isenburg", "Isenburg (Rheinland-Pfalz)", "Kettemers M\u00fchle", "Kleinmaischeid", "Kleinmaischeid (Rheinland-Pfalz)", "Maroth", "Maroth (Rheinland-Pfalz)", "M\u00fcndersbach", "M\u00fcndersbach (Rheinland-Pfalz)", "Ro\u00dfbach", "Ro\u00dfbach (Rheinland-Pfalz)", "Wiedischhausen"], 
"56276": ["Gro\u00dfmaischeid", "Gro\u00dfmaischeid (Rheinland-Pfalz)", "Kausen", "Stebach", "Stebach (Rheinland-Pfalz)"], 
"56281": ["D\u00f6rth", "D\u00f6rth (Rheinland-Pfalz)", "Emmelshausen", "Emmelshausen (Rheinland-Pfalz)", "Hungenroth", "Hungenroth (Rheinland-Pfalz)", "Karbach", "Karbach (Rheinland-Pfalz)", "Schwall", "Schwall (Rheinland-Pfalz)"], 
"56283": ["Beulich", "Beulich (Rheinland-Pfalz)", "Dieler", "Gondershausen", "Gondershausen (Rheinland-Pfalz)", "Halsenbach", "Halsenbach (Rheinland-Pfalz)", "Kratzenburg", "Kratzenburg (Rheinland-Pfalz)", "Mermuth", "Mermuth (Rheinland-Pfalz)", "Morshausen", "Morshausen (Rheinland-Pfalz)", "Ney", "Ney (Rheinland-Pfalz)", "N\u00f6rtershausen", "N\u00f6rtershausen (Rheinland-Pfalz)", "Wildenbungert"], 
"56288": ["Alterk\u00fclz", "Alterk\u00fclz (Rheinland-Pfalz)", "Bell", "Bell (Hunsr\u00fcck)", "Bell (Rheinland-Pfalz)", "Braunshorn", "Braunshorn (Rheinland-Pfalz)", "Bubach", "Bubach (Rheinland-Pfalz)", "Dudenroth", "Ebschied", "Hasselbach", "Hasselbach (Rheinland-Pfalz)", "Hollnich", "Hollnich (Rheinland-Pfalz)", "Hundheim", "Kastellaun", "Kastellaun (Rheinland-Pfalz)", "Korweiler", "Korweiler (Rheinland-Pfalz)", "Krastel", "Lahr", "Lahr (Rheinland-Pfalz)", "Laubach", "Laubach (Rheinland-Pfalz)", "Leideneck", "Michelbach", "Michelbach (Rheinland-Pfalz)", "Roth", "Roth (Rheinland-Pfalz)", "Spesenroth", "Spesenroth (Rheinland-Pfalz)", "Steffenshof", "V\u00f6lkenroth", "Wohnroth", "Zilshausen", "Zilshausen (Rheinland-Pfalz)"], 
"56290": ["Beltheim", "Beltheim (Rheinland-Pfalz)", "Buch", "Buch (Rheinland-Pfalz)", "Dommershausen", "Dommershausen (Rheinland-Pfalz)", "Dorweiler", "Eveshausen", "Frankweiler", "G\u00f6denroth", "G\u00f6denroth (Rheinland-Pfalz)", "Heyweiler", "Lieg", "Lieg (Rheinland-Pfalz)", "L\u00fctz", "L\u00fctz (Rheinland-Pfalz)", "Macken", "Macken (Rheinland-Pfalz)", "Mannebach", "M\u00f6rsdorf", "M\u00f6rsdorf (Rheinland-Pfalz)", "M\u00f6rz", "Sabershausen", "Schnellbach", "Sevenich", "Uhler", "Uhler (Rheinland-Pfalz)"], 
"56291": ["Badenhard", "Badenhard (Rheinland-Pfalz)", "Bickenbach", "Bickenbach (Rheinland-Pfalz)", "Birkheim", "Birkheim (Rheinland-Pfalz)", "Hausbay", "Hausbay (Rheinland-Pfalz)", "Kehlenm\u00fchle", "Kisselbach", "Kisselbach (Rheinland-Pfalz)", "Laudert", "Laudert (Rheinland-Pfalz)", "Leiningen", "Leiningen (Rheinland-Pfalz)", "Lingerhahn", "Lingerhahn (Rheinland-Pfalz)", "Maisborn", "Maisborn (Rheinland-Pfalz)", "M\u00fchlpfad", "M\u00fchlpfad (Rheinland-Pfalz)", "Niedert", "Niedert (Rheinland-Pfalz)", "Norath", "Norath (Rheinland-Pfalz)", "Ostersm\u00fchle", "Pfalzfeld", "Pfalzfeld (Rheinland-Pfalz)", "Sauerbrunnen", "Steinbach", "Steinbach (Rheinland-Pfalz)", "Th\u00f6rlingen", "Th\u00f6rlingen (Rheinland-Pfalz)", "Utzenhain", "Utzenhain (Rheinland-Pfalz)", "Wiebelsheim", "Wiebelsheim (Rheinland-Pfalz)"], 
"56294": ["Gappenach", "Gappenach (Rheinland-Pfalz)", "Gierschnach", "Gierschnach (Rheinland-Pfalz)", "Kalt", "Kalt (Rheinland-Pfalz)", "K\u00fcttig", "Lasserg", "Metternich", "M\u00fcnstermaifeld", "M\u00fcnstermaifeld (Rheinland-Pfalz)", "Wierschem", "Wierschem (Rheinland-Pfalz)"], 
"56295": ["Kerben", "Kerben (Rheinland-Pfalz)", "Lonnig", "Lonnig (Rheinland-Pfalz)", "R\u00fcber", "R\u00fcber (Rheinland-Pfalz)"], 
"56299": ["Ochtendung", "Ochtendung (Rheinland-Pfalz)"], 
"56305": ["D\u00f6ttesfeld", "D\u00f6ttesfeld (Rheinland-Pfalz)", "Nieder\u00e4hren", "Ober\u00e4hren", "Puderbach", "Puderbach (Rheinland-Pfalz)", "Reichenstein"], 
"56307": ["Dernbach", "Dernbach (Rheinland-Pfalz)", "D\u00fcrrholz", "D\u00fcrrholz (Rheinland-Pfalz)", "Harschbach", "Harschbach (Rheinland-Pfalz)"], 
"56316": ["Hanroth", "Hanroth (Rheinland-Pfalz)", "Niederhofen", "Niederhofen (Rheinland-Pfalz)", "Raubach", "Raubach (Rheinland-Pfalz)"], 
"56317": ["Linkenbach", "Linkenbach (Rheinland-Pfalz)", "Urbach", "Urbach (Rheinland-Pfalz)"], 
"56321": ["Brey", "Brey (Rheinland-Pfalz)", "Rhens", "Rhens (Rheinland-Pfalz)"], 
"56322": ["Spay", "Spay (Rheinland-Pfalz)"], 
"56323": ["H\u00fcnenfeld", "Waldesch", "Waldesch (Rheinland-Pfalz)"], 
"56329": ["Fellen", "Sankt Goar", "Sankt Goar (Rheinland-Pfalz)", "St. Goar", "Werlau"], 
"56330": ["Fi\u00dfm\u00fchle", "Kobern-Gondorf", "Kobern-Gondorf (Rheinland-Pfalz)"], 
"56332": ["Alken", "Alken (Rheinland-Pfalz)", "Brodenbach", "Brodenbach (Rheinland-Pfalz)", "Burgen", "Burgen (Rheinland-Pfalz)", "Dieblich", "Dieblich (Rheinland-Pfalz)", "Franzenm\u00fchle", "Gastem\u00fchle", "Hatzenport", "Hatzenport (Rheinland-Pfalz)", "Lehmen", "Lehmen (Rheinland-Pfalz)", "L\u00f6f", "L\u00f6f (Rheinland-Pfalz)", "Mohrenm\u00fchle", "Niederfell", "Niederfell (Rheinland-Pfalz)", "Oberfell", "Oberfell (Rheinland-Pfalz)", "Rosenhof", "Schwalberhof", "Wolken", "Wolken (Rheinland-Pfalz)"], 
"56333": ["Winningen", "Winningen (Rheinland-Pfalz)"], 
"56335": ["Neuh\u00e4usel", "Neuh\u00e4usel (Rheinland-Pfalz)"], 
"56337": ["Arzbach", "Arzbach (Rheinland-Pfalz)", "Eitelborn", "Eitelborn (Rheinland-Pfalz)", "Kadenbach", "Kadenbach (Rheinland-Pfalz)", "Simmern", "Simmern (Rheinland-Pfalz)"], 
"56338": ["Braubach", "Braubach (Rheinland-Pfalz)"], 
"56340": ["B\u00fcchelborn", "Dachsborn", "Dachsenhausen", "Dachsenhausen (Rheinland-Pfalz)", "Erlenborn", "Osterspai", "Osterspai (Rheinland-Pfalz)"], 
"56341": ["Filsen", "Filsen (Rheinland-Pfalz)", "Kamp-Bornhofen", "Kamp-Bornhofen (Rheinland-Pfalz)"], 
"56346": ["Bornsm\u00fchle", "Ehrenthal", "Gute M\u00fchle", "Immenhof", "Loreley", "Lykershausen", "Lykershausen (Rheinland-Pfalz)", "Prath", "Prath (Rheinland-Pfalz)", "R\u00f6delbach", "Sankt Goarshausen", "Sankt Goarshausen (Rheinland-Pfalz)", "Saueressigs M\u00fchle", "St. Goarshausen", "Str\u00f6bels M\u00fchle", "Theism\u00fchlen"], 
"56348": ["Bornich", "Bornich (Rheinland-Pfalz)", "Dahlheim", "Dahlheim (Rheinland-Pfalz)", "D\u00f6rscheid", "D\u00f6rscheid (Rheinland-Pfalz)", "Kestert", "Kestert (Rheinland-Pfalz)", "Patersberg", "Patersberg (Rheinland-Pfalz)", "Weisel", "Weisel (Rheinland-Pfalz)"], 
"56349": ["Kaub", "Kaub (Rheinland-Pfalz)", "Viktoriastollen"], 
"56355": ["Bettendorf", "Bettendorf (Rheinland-Pfalz)", "Diethardt", "Diethardt (Rheinland-Pfalz)", "Endlichhofen", "Endlichhofen (Rheinland-Pfalz)", "Hunzel", "Hunzel (Rheinland-Pfalz)", "Kehlbach", "Kehlbach (Rheinland-Pfalz)", "Lautert", "Lautert (Rheinland-Pfalz)", "Nast\u00e4tten", "Nast\u00e4tten (Rheinland-Pfalz)", "Oberbachheim", "Oberbachheim (Rheinland-Pfalz)", "Schneidm\u00fchle", "Weidenbach", "Weidenbach (Rheinland-Pfalz)", "Winterwerb", "Winterwerb (Rheinland-Pfalz)"], 
"56357": ["Auel", "Auel (Rheinland-Pfalz)", "Berg", "Berg (Rheinland-Pfalz)", "Bogel", "Bogel (Rheinland-Pfalz)", "Buch", "Buch (Rheinland-Pfalz)", "Dessighofen", "Dessighofen (Rheinland-Pfalz)", "Dornholzhausen", "Dornholzhausen (Rheinland-Pfalz)", "Ehr", "Ehr (Rheinland-Pfalz)", "Eschbach", "Eschbach (Rheinland-Pfalz)", "Geisig", "Geisig (Rheinland-Pfalz)", "Gemmerich", "Gemmerich (Rheinland-Pfalz)", "Hainau", "Hainau (Rheinland-Pfalz)", "Hasenm\u00fchle", "Himmighofen", "Himmighofen (Rheinland-Pfalz)", "Hollerm\u00fchle", "Holzhausen", "Holzhausen (Rheinland-Pfalz)", "Holzhausen an der Haide", "Kasdorf", "Kasdorf (Rheinland-Pfalz)", "Lierschied", "Lierschied (Rheinland-Pfalz)", "Lipporn", "Lipporn (Rheinland-Pfalz)", "Lollschied", "Lollschied (Rheinland-Pfalz)", "Marienfels", "Marienfels (Rheinland-Pfalz)", "Miehlen", "Miehlen (Rheinland-Pfalz)", "Niederbachheim", "Niederbachheim (Rheinland-Pfalz)", "Niederwallmenach", "Niederwallmenach (Rheinland-Pfalz)", "Nochern", "Nochern (Rheinland-Pfalz)", "Obertiefenbach", "Obertiefenbach (Rheinland-Pfalz)", "Oberwallmenach", "Oberwallmenach (Rheinland-Pfalz)", "Oelsberg", "Oelsberg (Rheinland-Pfalz)", "Pohl", "Pohl (Rheinland-Pfalz)", "Reichenberg", "Reichenberg (Rheinland-Pfalz)", "Reitzenhain", "Reitzenhain (Rheinland-Pfalz)", "Rettershain", "Rettershain (Rheinland-Pfalz)", "Ruppertshofen", "Ruppertshofen (Rheinland-Pfalz)", "Str\u00fcth", "Str\u00fcth (Rheinland-Pfalz)", "Uhusm\u00fchle", "Welterod", "Welterod (Rheinland-Pfalz)", "Weyer", "Weyer (Rheinland-Pfalz)"], 
"56368": ["Berghausen", "Berghausen (Rheinland-Pfalz)", "Ergeshausen", "Ergeshausen (Rheinland-Pfalz)", "Herold", "Herold (Rheinland-Pfalz)", "Katzenelnbogen", "Katzenelnbogen (Rheinland-Pfalz)", "Klingelbach", "Klingelbach (Rheinland-Pfalz)", "Niedertiefenbach", "Niedertiefenbach (Rheinland-Pfalz)", "Roth", "Roth (Rheinland-Pfalz)"], 
"56370": ["Allendorf", "Allendorf (Rheinland-Pfalz)", "Attenhausen", "Attenhausen (Rheinland-Pfalz)", "Berndroth", "Berndroth (Rheinland-Pfalz)", "Biebrich", "Biebrich (Rheinland-Pfalz)", "Bremberg", "Bremberg (Rheinland-Pfalz)", "D\u00f6rsdorf", "D\u00f6rsdorf (Rheinland-Pfalz)", "Ebertshausen", "Ebertshausen (Rheinland-Pfalz)", "Eisighofen", "Eisighofen (Rheinland-Pfalz)", "Gutenacker", "Gutenacker (Rheinland-Pfalz)", "K\u00f6rdorf", "K\u00f6rdorf (Rheinland-Pfalz)", "Mittelfischbach", "Mittelfischbach (Rheinland-Pfalz)", "Oberfischbach", "Oberfischbach (Rheinland-Pfalz)", "Reckenroth", "Reckenroth (Rheinland-Pfalz)", "Rettert", "Rettert (Rheinland-Pfalz)", "Sch\u00f6nborn", "Sch\u00f6nborn (Rheinland-Pfalz)", "Wasenbach", "Wasenbach (Rheinland-Pfalz)"], 
"56377": ["D\u00f6rnberg", "D\u00f6rnberg (Rheinland-Pfalz)", "Giesh\u00fcbel", "Herbelsm\u00fchle", "Kalkofen, Gem D\u00f6rnberg", "Misselberg", "Misselberg (Rheinland-Pfalz)", "Nassau", "Nassau (Rheinland-Pfalz)", "Scheuern", "Schleuse", "Schweighausen", "Schweighausen (Rheinland-Pfalz)", "Seelbach", "Seelbach (Rheinland-Pfalz)", "Waldschmidtm\u00fchle"], 
"56379": ["Arnstein", "Bergerhof", "Buchholz", "Charlottenberg", "Charlottenberg (Rheinland-Pfalz)", "Dienethal", "Dienethal (Rheinland-Pfalz)", "D\u00f6rnberg", "Gasteyers M\u00fchle", "Geilnau", "Geilnau (Rheinland-Pfalz)", "Holzappel", "Holzappel (Rheinland-Pfalz)", "Horhausen", "Horhausen (Rheinland-Pfalz)", "H\u00f6mberg", "H\u00f6mberg (Rheinland-Pfalz)", "H\u00fctte, Gem D\u00f6rnberg", "Laurenburg", "Laurenburg (Rheinland-Pfalz)", "Obernhof", "Obernhof (Rheinland-Pfalz)", "Oberwies", "Oberwies (Rheinland-Pfalz)", "Rupbach, Gem Bremberg", "Rupbach, Gem Gutenacker", "Rupbach, Gem Steinsberg", "Salscheid", "Scheidt", "Scheidt (Rheinland-Pfalz)", "Singhofen", "Singhofen (Rheinland-Pfalz)", "Steckenbergerm\u00fchle", "Steinsberg", "Steinsberg (Rheinland-Pfalz)", "Sulzbach", "Sulzbach (Rheinland-Pfalz)", "Wein\u00e4hr", "Wein\u00e4hr (Rheinland-Pfalz)", "Winden", "Winden (Rheinland-Pfalz)", "Zechenhaus", "Zimmerschied", "Zimmerschied (Rheinland-Pfalz)"], 
"56410": ["Bladernheim", "Elgendorf", "Eschelbach", "Ettersdorf", "Horressen", "Montabaur", "Montabaur (Rheinland-Pfalz)", "Reckenthal", "Wirzenborn"], 
"56412": ["Boden", "Boden (Rheinland-Pfalz)", "Daubach", "Daubach (Rheinland-Pfalz)", "Gackenbach", "Gackenbach (Rheinland-Pfalz)", "Girod", "Girod (Rheinland-Pfalz)", "Gro\u00dfholbach", "Gro\u00dfholbach (Rheinland-Pfalz)", "G\u00f6rgeshausen", "G\u00f6rgeshausen (Rheinland-Pfalz)", "Heilberscheid", "Heilberscheid (Rheinland-Pfalz)", "Heiligenroth", "Heiligenroth (Rheinland-Pfalz)", "Holler", "Holler (Rheinland-Pfalz)", "Horbach", "Horbach (Rheinland-Pfalz)", "H\u00fcbingen", "H\u00fcbingen (Rheinland-Pfalz)", "Nentershausen", "Nentershausen (Rheinland-Pfalz)", "Niederelbert", "Niederelbert (Rheinland-Pfalz)", "Niedererbach", "Niedererbach (Rheinland-Pfalz)", "Nomborn", "Nomborn (Rheinland-Pfalz)", "Oberelbert", "Oberelbert (Rheinland-Pfalz)", "Ruppach-Goldhausen", "Ruppach-Goldhausen (Rheinland-Pfalz)", "Stahlhofen", "Stahlhofen (Rheinland-Pfalz)", "Untershausen", "Untershausen (Rheinland-Pfalz)", "Welschneudorf", "Welschneudorf (Rheinland-Pfalz)"], 
"56414": ["Berod", "Berod (Rheinland-Pfalz)", "Berod bei Wallmerod", "Bilkheim", "Bilkheim (Rheinland-Pfalz)", "Dreikirchen", "Dreikirchen (Rheinland-Pfalz)", "Eisen", "Herschbach", "Herschbach (Oberwesterwald)", "Herschbach (Rheinland-Pfalz)", "Hundsangen", "Hundsangen (Rheinland-Pfalz)", "Meudt", "Meudt (Rheinland-Pfalz)", "Molsberg", "Molsberg (Rheinland-Pfalz)", "Niederahr", "Niederahr (Rheinland-Pfalz)", "Oberahr", "Oberahr (Rheinland-Pfalz)", "Obererbach", "Obererbach (Rheinland-Pfalz)", "Salz", "Salz (Rheinland-Pfalz)", "Steinefrenz", "Steinefrenz (Rheinland-Pfalz)", "Wahnscheid", "Wallmerod", "Wallmerod (Rheinland-Pfalz)", "Weroth", "Weroth (Rheinland-Pfalz)", "Zehnhausen", "Zehnhausen (Rheinland-Pfalz)", "Zehnhausen bei Wallmerod"], 
"56422": ["Wirges", "Wirges (Rheinland-Pfalz)"], 
"56424": ["Bannberscheid", "Bannberscheid (Rheinland-Pfalz)", "Ebernhahn", "Ebernhahn (Rheinland-Pfalz)", "Mogendorf", "Mogendorf (Rheinland-Pfalz)", "Moschheim", "Moschheim (Rheinland-Pfalz)", "Staudt", "Staudt (Rheinland-Pfalz)"], 
"56427": ["Siershahn", "Siershahn (Rheinland-Pfalz)"], 
"56428": ["Dernbach", "Dernbach (Rheinland-Pfalz)", "Dernbach (Westerwald)"], 
"56457": ["Halbs", "Halbs (Rheinland-Pfalz)", "Hergenroth", "Hergenroth (Rheinland-Pfalz)", "Jeremiasm\u00fchle", "Sainscheid", "Westerburg", "Westerburg (Rheinland-Pfalz)"], 
"56459": ["Ailertchen", "Ailertchen (Rheinland-Pfalz)", "Bellingen", "Bellingen (Rheinland-Pfalz)", "Berzhahn", "Berzhahn (Rheinland-Pfalz)", "Brandscheid", "Brandscheid (Rheinland-Pfalz)", "Elbingen", "Elbingen (Rheinland-Pfalz)", "Gem\u00fcnden", "Gem\u00fcnden (Rheinland-Pfalz)", "Girkenroth", "Girkenroth (Rheinland-Pfalz)", "Guckheim", "Guckheim (Rheinland-Pfalz)", "Hammerm\u00fchle", "Harschbacherfeld", "H\u00e4rtlingen", "H\u00e4rtlingen (Rheinland-Pfalz)", "Kaden", "Kaden (Rheinland-Pfalz)", "K\u00f6lbingen", "K\u00f6lbingen (Rheinland-Pfalz)", "Langenhahn", "Langenhahn (Rheinland-Pfalz)", "M\u00e4hren", "M\u00e4hren (Rheinland-Pfalz)", "Pottum", "Pottum (Rheinland-Pfalz)", "Rotenhain", "Rotenhain (Rheinland-Pfalz)", "Rothenbach", "Rothenbach (Rheinland-Pfalz)", "Stahlhofen", "Stahlhofen (Rheinland-Pfalz)", "Stahlhofen am Wiesensee", "Stockum-P\u00fcschen", "Stockum-P\u00fcschen (Rheinland-Pfalz)", "Weltersburg", "Weltersburg (Rheinland-Pfalz)", "Westert", "Willmenrod", "Willmenrod (Rheinland-Pfalz)", "Winnen", "Winnen (Rheinland-Pfalz)", "W\u00f6rsdorf"], 
"56462": ["H\u00f6hn", "H\u00f6hn (Rheinland-Pfalz)"], 
"56470": ["Bad Marienberg", "Bad Marienberg (Rheinland-Pfalz)", "Bad Marienberg (Westerwald)", "Eichenstruth", "Zinhain"], 
"56472": ["Damm\u00fchle", "Dreisbach", "Dreisbach (Rheinland-Pfalz)", "Fehl-Ritzhausen", "Fehl-Ritzhausen (Rheinland-Pfalz)", "Gro\u00dfseifen", "Gro\u00dfseifen (Rheinland-Pfalz)", "Hahn", "Hahn (Rheinland-Pfalz)", "Hahn bei Marienberg", "Hardt", "Hardt (Rheinland-Pfalz)", "Hof", "Hof (Rheinland-Pfalz)", "Lautzenbr\u00fccken", "Lautzenbr\u00fccken (Rheinland-Pfalz)", "Nisterau", "Nisterau (Rheinland-Pfalz)", "Nisterberg", "Nisterberg (Rheinland-Pfalz)", "Stockhausen-Illfurth", "Stockhausen-Illfurth (Rheinland-Pfalz)"], 
"56477": ["Emmerichenhain", "Nister-M\u00f6hrendorf", "Nister-M\u00f6hrendorf (Rheinland-Pfalz)", "Rennerod", "Rennerod (Rheinland-Pfalz)", "Waigandshain", "Waigandshain (Rheinland-Pfalz)", "Zehnhausen", "Zehnhausen (Rheinland-Pfalz)", "Zehnhausen bei Rennerod"], 
"56479": ["Bretthausen", "Bretthausen (Rheinland-Pfalz)", "Elsoff", "Elsoff (Rheinland-Pfalz)", "Elsoff (Westerwald)", "Hellenhahn-Schellenberg", "Hellenhahn-Schellenberg (Rheinland-Pfalz)", "Homberg", "Homberg (Rheinland-Pfalz)", "H\u00fcblingen", "H\u00fcblingen (Rheinland-Pfalz)", "Irmtraut", "Irmtraut (Rheinland-Pfalz)", "Liebenscheid", "Liebenscheid (Rheinland-Pfalz)", "Neunkirchen", "Neunkirchen (Rheinland-Pfalz)", "Neustadt", "Neustadt (Rheinland-Pfalz)", "Niederro\u00dfbach", "Niederro\u00dfbach (Rheinland-Pfalz)", "Oberrod", "Oberrod (Rheinland-Pfalz)", "Oberro\u00dfbach", "Oberro\u00dfbach (Rheinland-Pfalz)", "Rehe", "Rehe (Rheinland-Pfalz)", "Salzburg", "Salzburg (Rheinland-Pfalz)", "Seck", "Seck (Rheinland-Pfalz)", "Stein-Neukirch", "Stein-Neukirch (Rheinland-Pfalz)", "Waldm\u00fchlen", "Waldm\u00fchlen (Rheinland-Pfalz)", "Westernohe", "Westernohe (Rheinland-Pfalz)", "Willingen", "Willingen (Rheinland-Pfalz)"], 
"56564": ["Neuwied", "Neuwied (Rheinland-Pfalz)"], 
"56566": ["Block", "Engers", "Gladbach", "Heimbach-Weis", "Neuwied", "Oberbieber"], 
"56567": ["Altwied", "Fahr", "Feldkirchen", "G\u00f6nnersdorf", "Irlich", "Neuwied", "Niederbieber", "Rodenbach", "Segendorf", "Torney", "Wollendorf"], 
"56575": ["Wei\u00dfenthurm", "Wei\u00dfenthurm (Rheinland-Pfalz)"], 
"56579": ["Bonefeld", "Bonefeld (Rheinland-Pfalz)", "Hardert", "Hardert (Rheinland-Pfalz)", "Rengsdorf", "Rengsdorf (Rheinland-Pfalz)"], 
"56581": ["Ehlscheid", "Ehlscheid (Rheinland-Pfalz)", "Hegerhof", "Kurtscheid", "Kurtscheid (Rheinland-Pfalz)", "Melsbach", "Melsbach (Rheinland-Pfalz)"], 
"56584": ["Anhausen", "Anhausen (Rheinland-Pfalz)", "Meinborn", "Meinborn (Rheinland-Pfalz)", "R\u00fcscheid", "R\u00fcscheid (Rheinland-Pfalz)", "Thalhausen", "Thalhausen (Rheinland-Pfalz)"], 
"56587": ["Ellingen", "Oberhonnefeld-Gierend", "Oberhonnefeld-Gierend (Rheinland-Pfalz)", "Oberraden", "Oberraden (Rheinland-Pfalz)", "Stra\u00dfenhaus", "Stra\u00dfenhaus (Rheinland-Pfalz)"], 
"56588": ["Waldbreitbach"], 
"56589": ["Datzeroth", "Niederbreitbach"], 
"56593": ["B\u00fcrdenbach", "G\u00fcllesheim", "Horhausen", "Horhausen (Westerwald)", "Krunkel", "Niedersteinebach", "Obersteinebach", "Pleckhausen", "Pleckhauserm\u00fchle"], 
"56594": ["Willroth"], 
"56598": ["Hammerstein", "Rheinbrohl"], 
"56599": ["Leutesdorf"], 
"56626": ["Andernach", "Andernach (Rheinland-Pfalz)", "Eich", "Miesenheim", "Namedy"], 
"56630": ["Kretz", "Kretz (Rheinland-Pfalz)"], 
"56637": ["Plaidt", "Plaidt (Rheinland-Pfalz)"], 
"56642": ["Kruft", "Kruft (Rheinland-Pfalz)"], 
"56645": ["Nickenich", "Nickenich (Rheinland-Pfalz)"], 
"56648": ["Saffig", "Saffig (Rheinland-Pfalz)"], 
"56651": ["Brenk", "Brenk (Rheinland-Pfalz)", "Galenberg", "Galenberg (Rheinland-Pfalz)", "Niederd\u00fcrenbach", "Niederd\u00fcrenbach (Rheinland-Pfalz)", "Niederzissen", "Niederzissen (Rheinland-Pfalz)", "Oberd\u00fcrenbach", "Oberd\u00fcrenbach (Rheinland-Pfalz)", "Oberzissen", "Oberzissen (Rheinland-Pfalz)", "Rodder"], 
"56653": ["Ahrweiler-Wehr", "Glees", "Glees (Rheinland-Pfalz)", "Maria Laach", "Wassenach", "Wassenach (Rheinland-Pfalz)", "Wehr", "Wehr (Rheinland-Pfalz)"], 
"56656": ["Brohl-L\u00fctzing"], 
"56659": ["Burgbrohl", "Oberl\u00fctzingen"], 
"56727": ["Alzheim", "Brachems", "K\u00fcrrenberg", "Mayen", "Mayen (Rheinland-Pfalz)", "Nitztal", "Reudelsterz", "Reudelsterz (Rheinland-Pfalz)", "Sankt Johann", "Sankt Johann (Rheinland-Pfalz)"], 
"56729": ["Acht", "Acht (Rheinland-Pfalz)", "Anschau", "Anschau (Rheinland-Pfalz)", "Arft", "Arft (Rheinland-Pfalz)", "Baar", "Baar (Rheinland-Pfalz)", "Bermel", "Bermel (Rheinland-Pfalz)", "Boos", "Boos (Rheinland-Pfalz)", "Ditscheid", "Ditscheid (Rheinland-Pfalz)", "Ettringen", "Ettringen (Rheinland-Pfalz)", "Geisb\u00fcschhof", "Herresbach", "Herresbach (Rheinland-Pfalz)", "Heunenhof", "Hirten", "Hirten (Rheinland-Pfalz)", "Kehrig", "Kehrig (Rheinland-Pfalz)", "Kirchwald", "Kirchwald (Rheinland-Pfalz)", "Langenfeld", "Langscheid", "Lind", "Luxem", "Mimbach", "Monreal", "M\u00fcnk", "Nachtsheim", "Neu Virneburg", "Nitz", "Siebenbach", "Virneburg", "Weiler", "Welschenbach", "W\u00fcsteratherhof"], 
"56736": ["Kottenheim"], 
"56743": ["Mendig", "Th\u00fcr", "Th\u00fcringen"], 
"56745": ["Bell", "Hausten", "Rieden", "Volkesfeld", "Weibern"], 
"56746": ["Hohenleimbach", "Kempenich", "Langhardt", "Spessart"], 
"56751": ["Einig", "Gering", "Kollig", "Polch", "Ruitsch"], 
"56753": ["Mertloch", "Naunheim", "Nettem\u00fchle", "Pillig", "Schlo\u00dfhof", "Trimbs", "Welling"], 
"56754": ["Binningen", "Brohl", "Br\u00fcckenm\u00fchle", "D\u00fcnfus", "Forst (Eifel)", "M\u00f6ntenich", "Pilligerheck", "Roes", "Rotherhof", "Sauersm\u00fchle"], 
"56759": ["Eppenberg", "Kaisersesch", "Kalenborn", "Laubach", "Leienkaul", "Maria Martental", "Neuhof", "Pr\u00e4fekturhof", "Sch\u00f6ne Aussicht, Gem Landkern", "Sch\u00f6ne Aussicht, Gem Masburg"], 
"56761": ["Brachtendorf", "D\u00fcngenheim", "Eulgem", "Gamlen", "Hambuch", "Hauroth", "Kaifenheim", "Masburg", "M\u00fcllenbach", "Polcherholz", "Urmersbach", "Zettingen"], 
"56766": ["Auderath", "Berenbach", "Filz", "Horperath", "Ulmen"], 
"56767": ["Gunderath", "H\u00f6chstberg", "Kaperich", "Kolverath", "K\u00f6lnische H\u00f6fe", "K\u00f6tterichen", "Lirstal", "Mosbruch", "Oberelz", "Sassen", "Uersfeld", "Ue\u00df"], 
"56769": ["Arbach", "Bereborn", "Mannebach", "Retterath"], 
"56812": ["Cochem", "Cochem (Rheinland-Pfalz)", "Dohr", "Dohr (Rheinland-Pfalz)", "Valwig", "Valwig (Rheinland-Pfalz)"], 
"56814": ["Beilstein", "Beilstein (Rheinland-Pfalz)", "Bremm", "Bremm (Rheinland-Pfalz)", "Bruttig-Fankel", "Bruttig-Fankel (Rheinland-Pfalz)", "Ediger-Eller", "Ediger-Eller (Rheinland-Pfalz)", "Ernst", "Ernst (Rheinland-Pfalz)", "Faid", "Faid (Rheinland-Pfalz)", "Greimersburg", "Greimersburg (Rheinland-Pfalz)", "Illerich", "Illerich (Rheinland-Pfalz)", "Landkern", "Landkern (Rheinland-Pfalz)", "Wirfus", "Wirfus (Rheinland-Pfalz)"], 
"56818": ["Klotten", "Klotten (Rheinland-Pfalz)"], 
"56820": ["Briedern", "Briedern (Rheinland-Pfalz)", "Mesenich", "Nehren", "Senheim"], 
"56821": ["Ellenz-Poltersdorf"], 
"56823": ["B\u00fcchel"], 
"56825": ["Beuren", "Gevenich", "Gillenbeuren", "Kliding", "Schmitt", "Urschmitt", "Weiler"], 
"56826": ["Driesch", "Heckenhof", "Lutzerath", "Wagenhausen", "Wollmerath"], 
"56828": ["Alflen"], 
"56829": ["Brieden", "Kail", "Pommern"], 
"56841": ["H\u00f6deshof", "Traben-Trarbach", "Wolf"], 
"56843": ["Burg (Mosel)", "Irmenach", "L\u00f6tzbeuren", "Scholmunderhof", "Starkenburg"], 
"56850": ["Briedeler Heck", "Enkirch", "Hahn", "Hohestein", "Maiermund", "Raversbeuren"], 
"56856": ["Merl", "Verbandsgemeinde Zell (Mosel)", "Zell", "Zell (Mosel)"], 
"56858": ["Altlay", "Altstrimmig", "Belg", "Forst (Hunsr\u00fcck)", "Grenderich", "Haserich", "Liesenich", "Mittelstrimmig", "Neef", "Peterswald-L\u00f6ffelscheid", "R\u00f6delhausen", "Sankt Aldegund", "Sosberg", "Tellig", "W\u00fcrrich"], 
"56859": ["Alf", "Bullay", "Weidenhell"], 
"56861": ["Reil"], 
"56862": ["P\u00fcnderich"], 
"56864": ["Bad Bertrich", "Beurenerm\u00fchle", "Bonsbeuern", "Pelzerhaus"], 
"56865": ["Blankenrath", "Hesweiler", "Moritzheim", "Panzweiler", "Reidenhausen", "Schauren", "Vogthof", "Walhausen"], 
"56867": ["Briedel"], 
"56869": ["Mastershausen"]}