{"55116": ["Altstadt", "Mainz", "Mainz-Altstadt", "Mainz-Neustadt", "Mainz-Oberstadt", "Neustadt", "Oberstadt"], 
"55118": ["Mainz", "Mainz-Neustadt", "Neustadt"], 
"55120": ["Mainz", "Mainz-Mombach", "Mainz-Neustadt", "Mombach", "Neustadt"], 
"55122": ["Gonsenheim", "Hartenberg-M\u00fcnchfeld", "Hartenberg-M\u00fcnchfeld (Mainz)", "Mainz", "Mainz-Gonsenheim", "Mainz-Neustadt", "Neustadt"], 
"55124": ["Gonsenheim", "Mainz", "Mainz-Gonsenheim", "Mainz-Oberstadt", "Oberstadt"], 
"55126": ["Finthen", "Layenhof", "Mainz", "Mainz-Finthen", "Mainz-Layenhof"], 
"55127": ["Drais", "Lerchenberg", "Mainz", "Mainz-Drais", "Mainz-Lerchenberg", "Mainz-Marienborn", "Marienborn"], 
"55128": ["Bretzenheim", "Mainz", "Mainz-Bretzenheim", "Mainz-Oberstadt", "Oberstadt"], 
"55129": ["Bretzenheim", "Ebersheim", "Hechtsheim", "Mainz", "Mainz-Bretzenheim", "Mainz-Ebersheim", "Mainz-Hechtsheim"], 
"55130": ["Laubenheim", "Mainz", "Mainz-Laubenheim", "Mainz-Weisenau", "Weisenau"], 
"55131": ["Altstadt", "Mainz", "Mainz-Altstadt", "Mainz-Neustadt", "Mainz-Oberstadt", "Mainz-Weisenau", "Neustadt", "Oberstadt", "Weisenau"], 
"55218": ["552-Ingelheim", "Frei-Weinheim", "Gro\u00dfwinternheim", "Ingelheim", "Ingelheim am Rhein", "Ingelheim-West", "Nieder-Ingelheim", "Ober-Ingelheim", "Sporkenheim"], 
"55232": ["552-Alzey", "552-Ensheim", "Alzey", "Dautenheim", "Ensheim", "Heimersheim", "Schafhausen", "Weinheim"], 
"55234": ["552-Albig", "552-Bechenheim", "552-Bechtolsheim", "552-Bermersheim", "552-Biebelnheim", "552-Dintesheim", "552-Eppelsheim", "552-Esselborn", "552-Flomborn", "552-Framersheim", "552-Freimersheim", "552-Hochborn", "552-Kettenheim", "552-Monzernheim", "552-Nack", "552-Offenheim", "552-Wahlheim", "552-Wendelsheim", "Albig", "Bechenheim", "Bechtolsheim", "Bermersheim", "Bermersheim vor der H\u00f6he", "Biebelnheim", "Dintesheim", "Eppelsheim", "Erbes-B\u00fcdesheim", "Erbes-B\u00fcdesheim (552)", "Esselborn", "Flomborn", "Framersheim", "Freimersheim", "Gau-Heppenheim", "Gau-Heppenheim (552)", "Hangen-Weisheim", "Hangen-Weisheim (552)", "Hochborn", "Kettenheim", "Monzernheim", "Nack", "Nieder-Wiesen", "Nieder-Wiesen (552)", "Ober-Fl\u00f6rsheim", "Ober-Fl\u00f6rsheim (552)", "Offenheim", "Wahlheim", "Wendelsheim"], 
"55237": ["552-Bornheim", "552-Flonheim", "552-Lonsheim", "Bornheim", "Flonheim", "Lonsheim", "Uffhofen"], 
"55239": ["Gau-K\u00f6ngernheim", "Gau-Odernheim", "Gau-Odernheim (552)"], 
"55246": ["552-Wiesbaden", "Mainz-Kostheim", "Wiesbaden"], 
"55252": ["Mainz-Kastel", "Wiesbaden"], 
"55257": ["552-Budenheim", "Budenheim"], 
"55262": ["Ingelheim am Rhein", "Uhlerborn"], 
"55263": ["Ingelheim am Rhein", "Wackernheim"], 
"55268": ["Nieder-Olm", "Nieder-Olm (552)"], 
"55270": ["552-Bubenheim", "552-Engelstadt", "552-Essenheim", "552-Jugenheim", "552-Schwabenheim", "552-S\u00f6rgenloch", "552-Zornheim", "Bubenheim", "Engelstadt", "Essenheim", "Jugenheim", "Jugenheim in Rheinhessen", "Klein-Winternheim", "Klein-Winternheim (552)", "Ober-Olm", "Ober-Olm (552)", "Schwabenheim", "Schwabenheim an der Selz", "S\u00f6rgenloch", "Zornheim"], 
"55271": ["Stadecken-Elsheim", "Stadecken-Elsheim (552)"], 
"55276": ["552-Dienheim", "552-Oppenheim", "Dienheim", "Oppenheim"], 
"55278": ["552-Dalheim", "552-Dexheim", "552-Dolgesheim", "552-Eimsheim", "552-Friesenheim", "552-Hahnheim", "552-K\u00f6ngernheim", "552-Ludwigsh\u00f6he", "552-Mommenheim", "552-Selzen", "552-Uelversheim", "552-Undenheim", "552-Weinolsheim", "Dalheim", "Dexheim", "Dolgesheim", "Eimsheim", "Friesenheim", "Hahnheim", "K\u00f6ngernheim", "Ludwigsh\u00f6he", "Mommenheim", "Selzen", "Uelversheim", "Undenheim", "Weinolsheim"], 
"55279": ["Nierstein"], 
"55283": ["552-Nierstein", "Nierstein", "Schwabsburg"], 
"55286": ["552-Sulzheim", "552-W\u00f6rrstadt", "Rommersheim", "Sulzheim", "W\u00f6rrstadt"], 
"55288": ["552-Armsheim", "552-Gabsheim", "552-Partenheim", "552-Schornsheim", "552-Spiesheim", "552-Udenheim", "Armsheim", "Gabsheim", "Partenheim", "Schornsheim", "Spiesheim", "Udenheim"], 
"55291": ["552-Saulheim", "Saulheim"], 
"55294": ["552-Bodenheim", "Bodenheim"], 
"55296": ["552-Harxheim", "552-L\u00f6rzweiler", "Gau-Bischofsheim", "Gau-Bischofsheim (552)", "Harxheim", "L\u00f6rzweiler"], 
"55299": ["552-Nackenheim", "Nackenheim"], 
"55411": ["Bingen", "Bingen (Rheinland-Pfalz)", "Bingen am Rhein", "Bingerbr\u00fcck", "B\u00fcdesheim", "Dromersheim", "Gaulsheim", "Kempten am Rhein", "Sponsheim"], 
"55413": ["Manubach", "Manubach (Rheinland-Pfalz)", "Niederheimbach", "Niederheimbach (Rheinland-Pfalz)", "Oberdiebach", "Oberdiebach (Rheinland-Pfalz)", "Oberheimbach", "Oberheimbach (Rheinland-Pfalz)", "Trechtingshausen", "Trechtingshausen (Rheinland-Pfalz)", "Weiler", "Weiler (Rheinland-Pfalz)", "Weiler bei Bingen"], 
"55422": ["Bacharach", "Bacharach (Rheinland-Pfalz)", "Breitscheid", "Breitscheid (Rheinland-Pfalz)", "Henschhausen (Bacharach)", "Medenscheid", "Neurath", "Steeg"], 
"55424": ["M\u00fcnster-Sarmsheim", "M\u00fcnster-Sarmsheim (Rheinland-Pfalz)"], 
"55425": ["Genheim", "Waldalgesheim", "Waldalgesheim (Rheinland-Pfalz)"], 
"55430": ["Dellhofen", "Engeh\u00f6ll", "Oberwesel", "Oberwesel (Rheinland-Pfalz)", "Perscheid", "Perscheid (Rheinland-Pfalz)", "Urbar", "Urbar (Rheinland-Pfalz)"], 
"55432": ["Damscheid", "Damscheid (Rheinland-Pfalz)", "Niederburg", "Niederburg (Rheinland-Pfalz)"], 
"55435": ["Gau-Algesheim", "Gau-Algesheim (Rheinland-Pfalz)"], 
"55437": ["Appenheim", "Appenheim (Rheinland-Pfalz)", "Nieder-Hilbersheim", "Nieder-Hilbersheim (Rheinland-Pfalz)", "Ober-Hilbersheim", "Ober-Hilbersheim (Rheinland-Pfalz)", "Ockenheim", "Ockenheim (Rheinland-Pfalz)"], 
"55442": ["Daxweiler", "Daxweiler (Rheinland-Pfalz)", "Roth", "Roth (Rheinland-Pfalz)", "Stromberg", "Stromberg (Rheinland-Pfalz)", "Warmsroth", "Warmsroth (Rheinland-Pfalz)"], 
"55444": ["D\u00f6rrebach", "D\u00f6rrebach (Rheinland-Pfalz)", "Eckenroth", "Eckenroth (Rheinland-Pfalz)", "Schweppenhausen", "Schweppenhausen (Rheinland-Pfalz)", "Sch\u00f6neberg", "Sch\u00f6neberg (Rheinland-Pfalz)", "Seibersbach", "Seibersbach (Rheinland-Pfalz)", "Waldlaubersheim", "Waldlaubersheim (Rheinland-Pfalz)"], 
"55450": ["Langenlonsheim", "Langenlonsheim (Rheinland-Pfalz)"], 
"55452": ["Dorsheim", "Dorsheim (Rheinland-Pfalz)", "Guldental", "Guldental (Rheinland-Pfalz)", "Hergenfeld", "Hergenfeld (Rheinland-Pfalz)", "Laubenheim", "Laubenheim (Rheinland-Pfalz)", "R\u00fcmmelsheim", "R\u00fcmmelsheim (Rheinland-Pfalz)", "Windesheim", "Windesheim (Rheinland-Pfalz)"], 
"55457": ["Gensingen", "Gensingen (Rheinland-Pfalz)", "Horrweiler", "Horrweiler (Rheinland-Pfalz)"], 
"55459": ["Aspisheim", "Aspisheim (Rheinland-Pfalz)", "Grolsheim", "Grolsheim (Rheinland-Pfalz)"], 
"55469": ["Altweidelbach", "Altweidelbach (Rheinland-Pfalz)", "Belgweiler", "Belgweiler (Rheinland-Pfalz)", "Bergenhausen", "Bergenhausen (Rheinland-Pfalz)", "Birkenhof", "Budenbach", "Budenbach (Rheinland-Pfalz)", "Heidehof", "Holzbach", "Holzbach (Rheinland-Pfalz)", "Horn", "Horn (Rheinland-Pfalz)", "Klosterkumbd", "Klosterkumbd (Rheinland-Pfalz)", "Mutterschied", "Mutterschied (Rheinland-Pfalz)", "Nannhausen", "Nannhausen (Rheinland-Pfalz)", "Nickweiler", "Niederkumbd", "Niederkumbd (Rheinland-Pfalz)", "Ohlweiler", "Ohlweiler (Rheinland-Pfalz)", "Oppertshausen", "Oppertshausen (Rheinland-Pfalz)", "Pleizenhausen", "Pleizenhausen (Rheinland-Pfalz)", "Rayerschied", "Rayerschied (Rheinland-Pfalz)", "Riegenroth", "Riegenroth (Rheinland-Pfalz)", "Sch\u00f6nborn", "Sch\u00f6nborn (Rheinland-Pfalz)", "Simmern", "Simmern (Rheinland-Pfalz)", "Simmern/Hunsr\u00fcck"], 
"55471": ["Biebern", "Biebern (Rheinland-Pfalz)", "Fronhofen", "Fronhofen (Rheinland-Pfalz)", "Keidelheim", "Keidelheim (Rheinland-Pfalz)", "K\u00fclz", "K\u00fclz (Hunsr\u00fcck)", "K\u00fclz (Rheinland-Pfalz)", "K\u00fcmbdchen", "K\u00fcmbdchen (Rheinland-Pfalz)", "Neuerkirch", "Neuerkirch (Rheinland-Pfalz)", "Ravengiersburg", "Ravengiersburg (Rheinland-Pfalz)", "Reich", "Reich (Rheinland-Pfalz)", "Sargenroth", "Sargenroth (Rheinland-Pfalz)", "Tiefenbach", "Tiefenbach (Rheinland-Pfalz)", "W\u00fcschheim", "W\u00fcschheim (Rheinland-Pfalz)"], 
"55481": ["Dillendorf", "Dillendorf (Rheinland-Pfalz)", "Hecken", "Hecken (Rheinland-Pfalz)", "Kirchberg", "Kirchberg (Hunsr\u00fcck)", "Kirchberg (Rheinland-Pfalz)", "Kludenbach", "Kludenbach (Rheinland-Pfalz)", "Liederbach", "Lindenschied", "Lindenschied (Rheinland-Pfalz)", "Maitzborn", "Maitzborn (Rheinland-Pfalz)", "Metzenhausen", "Metzenhausen (Rheinland-Pfalz)", "Nieder Kostenz", "Nieder Kostenz (Rheinland-Pfalz)", "Ober Kostenz", "Ober Kostenz (Rheinland-Pfalz)", "Reckershausen", "Reckershausen (Rheinland-Pfalz)", "R\u00f6dern", "R\u00f6dern (Rheinland-Pfalz)", "Schwarzen", "Schwarzen (Rheinland-Pfalz)", "Todenroth", "Todenroth (Rheinland-Pfalz)", "Wallenbr\u00fcck", "Womrath", "Womrath (Rheinland-Pfalz)"], 
"55483": ["B\u00e4renbach", "B\u00e4renbach (Rheinland-Pfalz)", "Dickenschied", "Dickenschied (Rheinland-Pfalz)", "Hahn-Flughafen", "Heinzenbach", "Heinzenbach (Rheinland-Pfalz)", "Hirschfeld", "Hirschfeld (Hunsr\u00fcck)", "Hirschfeld (Rheinland-Pfalz)", "Horbruch", "Horbruch (Rheinland-Pfalz)", "Kappel", "Kappel (Rheinland-Pfalz)", "Krummenau", "Krummenau (Rheinland-Pfalz)", "Lautzenhausen", "Lautzenhausen (Rheinland-Pfalz)", "Schlierschied", "Schlierschied (Rheinland-Pfalz)", "Unzenberg", "Unzenberg (Rheinland-Pfalz)"], 
"55487": ["Dill", "Dill (Rheinland-Pfalz)", "Laufersweiler", "Laufersweiler (Rheinland-Pfalz)", "Niedersohren", "Niedersohren (Rheinland-Pfalz)", "Sohren", "Sohren (Rheinland-Pfalz)", "Sohrschied", "Sohrschied (Rheinland-Pfalz)"], 
"55490": ["Gehlweiler", "Gehlweiler (Rheinland-Pfalz)", "Gem\u00fcnden", "Gem\u00fcnden (Rheinland-Pfalz)", "Henau", "Henau (Rheinland-Pfalz)", "Mengerschied", "Mengerschied (Rheinland-Pfalz)", "Panzweiler", "Rohrbach", "Rohrbach (Rheinland-Pfalz)", "Wildburg", "Woppenroth", "Woppenroth (Rheinland-Pfalz)"], 
"55491": ["B\u00fcchenbeuren", "B\u00fcchenbeuren (Rheinland-Pfalz)", "Niederweiler", "Niederweiler (Rheinland-Pfalz)", "Wahlenau", "Wahlenau (Rheinland-Pfalz)"], 
"55494": ["Benzweiler", "Benzweiler (Rheinland-Pfalz)", "Dichtelbach", "Dichtelbach (Rheinland-Pfalz)", "Erbach", "Erbach (Rheinland-Pfalz)", "Liebshausen", "Liebshausen (Rheinland-Pfalz)", "M\u00f6rschbach", "M\u00f6rschbach (Rheinland-Pfalz)", "Rheinb\u00f6llen", "Rheinb\u00f6llen (Rheinland-Pfalz)", "Wahlbach", "Wahlbach (Rheinland-Pfalz)"], 
"55496": ["Argenthal", "Argenthal (Rheinland-Pfalz)"], 
"55497": ["Ellern", "Ellern (Hunsr\u00fcck)", "Ellern (Rheinland-Pfalz)", "Schnorbach", "Schnorbach (Rheinland-Pfalz)"], 
"55499": ["Riesweiler", "Riesweiler (Rheinland-Pfalz)"], 
"55543": ["Bad Kreuznach", "Bad Kreuznach (Rheinland-Pfalz)", "Rosenhof"], 
"55545": ["Bad Kreuznach", "Bosenheim", "Ippesheim", "Planig", "Winzenheim"], 
"55546": ["Biebelsheim", "Biebelsheim (Rheinland-Pfalz)", "Frei-Laubersheim", "Frei-Laubersheim (Rheinland-Pfalz)", "F\u00fcrfeld", "F\u00fcrfeld (Rheinland-Pfalz)", "Hackenheim", "Hackenheim (Rheinland-Pfalz)", "Neu-Bamberg", "Neu-Bamberg (Rheinland-Pfalz)", "Pfaffen-Schwabenheim", "Pfaffen-Schwabenheim (Rheinland-Pfalz)", "Tiefenthal", "Tiefenthal (Rheinland-Pfalz)", "Volxheim", "Volxheim (Rheinland-Pfalz)"], 
"55559": ["Bretzenheim", "Bretzenheim (Rheinland-Pfalz)"], 
"55566": ["Bad Sobernheim", "Bad Sobernheim (Rheinland-Pfalz)", "Daubach", "Daubach (Rheinland-Pfalz)", "Ippenschied", "Ippenschied (Rheinland-Pfalz)", "Kirschroth", "Kirschroth (Rheinland-Pfalz)", "Meddersheim", "Meddersheim (Rheinland-Pfalz)", "Rehbach", "Rehbach (Rheinland-Pfalz)", "Steinhardt"], 
"55568": ["Abtweiler", "Abtweiler (Rheinland-Pfalz)", "Lauschied", "Lauschied (Rheinland-Pfalz)", "Staudernheim", "Staudernheim (Rheinland-Pfalz)"], 
"55569": ["Auen", "Auen (Rheinland-Pfalz)", "Langenthal", "Langenthal (Rheinland-Pfalz)", "Monzingen", "Monzingen (Rheinland-Pfalz)", "Nu\u00dfbaum", "Nu\u00dfbaum (Rheinland-Pfalz)"], 
"55571": ["Odernheim", "Odernheim (Rheinland-Pfalz)", "Odernheim am Glan"], 
"55576": ["Badenheim", "Badenheim (Rheinland-Pfalz)", "Pleitersheim", "Pleitersheim (Rheinland-Pfalz)", "Sprendlingen", "Sprendlingen (Rheinland-Pfalz)", "Welgesheim", "Welgesheim (Rheinland-Pfalz)", "Zotzenheim", "Zotzenheim (Rheinland-Pfalz)"], 
"55578": ["Gau-Weinheim", "Gau-Weinheim (Rheinland-Pfalz)", "Sankt Johann", "Sankt Johann (Rheinland-Pfalz)", "St. Johann", "Vendersheim", "Vendersheim (Rheinland-Pfalz)", "Wallertheim", "Wallertheim (Rheinland-Pfalz)", "Wolfsheim", "Wolfsheim (Rheinland-Pfalz)"], 
"55583": ["Bad Kreuznach", "Bad M\u00fcnster am Stein-Ebernburg"], 
"55585": ["Altenbamberg", "Altenbamberg (Rheinland-Pfalz)", "Duchroth", "Duchroth (Rheinland-Pfalz)", "Hochst\u00e4tten", "Hochst\u00e4tten (Rheinland-Pfalz)", "Niederhausen", "Niederhausen (Rheinland-Pfalz)", "Norheim", "Norheim (Rheinland-Pfalz)", "Oberhausen", "Oberhausen (Rheinland-Pfalz)", "Oberhausen an der Nahe"], 
"55590": ["Meisenheim", "Meisenheim (Rheinland-Pfalz)"], 
"55592": ["Breitenheim", "Breitenheim (Rheinland-Pfalz)", "Desloch", "Desloch (Rheinland-Pfalz)", "Jeckenbach", "Jeckenbach (Rheinland-Pfalz)", "Raumbach", "Raumbach (Rheinland-Pfalz)", "Rehborn", "Rehborn (Rheinland-Pfalz)"], 
"55593": ["R\u00fcdesheim", "R\u00fcdesheim (Rheinland-Pfalz)"], 
"55595": ["Allenfeld", "Allenfeld (Rheinland-Pfalz)", "Argenschwang", "Argenschwang (Rheinland-Pfalz)", "Bockenau", "Bockenau (Rheinland-Pfalz)", "Boos", "Boos (Rheinland-Pfalz)", "Braunweiler", "Braunweiler (Rheinland-Pfalz)", "Burgsponheim", "Burgsponheim (Rheinland-Pfalz)", "Dalberg", "Dalberg (Rheinland-Pfalz)", "Gebroth", "Gebroth (Rheinland-Pfalz)", "Gutenberg", "Gutenberg (Rheinland-Pfalz)", "Hargesheim", "Hargesheim (Rheinland-Pfalz)", "H\u00fcffelsheim", "H\u00fcffelsheim (Rheinland-Pfalz)", "Mandel", "Mandel (Rheinland-Pfalz)", "M\u00fcnchwald", "M\u00fcnchwald (Rheinland-Pfalz)", "Roxheim", "Roxheim (Rheinland-Pfalz)", "Sankt Katharinen", "Sankt Katharinen (Rheinland-Pfalz)", "Sommerloch", "Sommerloch (Rheinland-Pfalz)", "Spabr\u00fccken", "Spabr\u00fccken (Rheinland-Pfalz)", "Spall", "Spall (Rheinland-Pfalz)", "Sponheim", "Sponheim (Rheinland-Pfalz)", "Traisen", "Traisen (Rheinland-Pfalz)", "Wallhausen", "Wallhausen (Rheinland-Pfalz)", "Weinsheim", "Weinsheim (Rheinland-Pfalz)", "Winterbach", "Winterbach (Rheinland-Pfalz)", "Winterburg", "Winterburg (Rheinland-Pfalz)"], 
"55596": ["Oberstreit", "Oberstreit (Rheinland-Pfalz)", "Schlo\u00dfb\u00f6ckelheim", "Schlo\u00dfb\u00f6ckelheim (Rheinland-Pfalz)", "Waldb\u00f6ckelheim", "Waldb\u00f6ckelheim (Rheinland-Pfalz)"], 
"55597": ["Gumbsheim", "Gumbsheim (Rheinland-Pfalz)", "W\u00f6llstein", "W\u00f6llstein (Rheinland-Pfalz)"], 
"55599": ["Eckelsheim", "Eckelsheim (Rheinland-Pfalz)", "Gau-Bickelheim", "Gau-Bickelheim (Rheinland-Pfalz)", "Siefersheim", "Siefersheim (Rheinland-Pfalz)", "Stein-Bockenheim", "Stein-Bockenheim (Rheinland-Pfalz)", "Wonsheim", "Wonsheim (Rheinland-Pfalz)"], 
"55606": ["Brauweiler", "Brauweiler (Rheinland-Pfalz)", "Bruschied", "Bruschied (Rheinland-Pfalz)", "B\u00e4rweiler", "B\u00e4rweiler (Rheinland-Pfalz)", "Hahnenbach", "Hahnenbach (Rheinland-Pfalz)", "Heimweiler", "Heimweiler (Rheinland-Pfalz)", "Heinzenberg", "Heinzenberg (Rheinland-Pfalz)", "Heinzenberger-Gesellschaftsm\u00fchle", "Hochstetten-Dhaun", "Hochstetten-Dhaun (Rheinland-Pfalz)", "Horbach", "Horbach (Rheinland-Pfalz)", "Hottenm\u00fchle", "Kellenbach", "Kellenbach (Rheinland-Pfalz)", "Kirn", "Kirn (Rheinland-Pfalz)", "K\u00f6nigsau", "K\u00f6nigsau (Rheinland-Pfalz)", "Limbach", "Limbach (Rheinland-Pfalz)", "Lochm\u00fchle", "Meckenbach", "Meckenbach (Rheinland-Pfalz)", "Oberhausen", "Oberhausen (Rheinland-Pfalz)", "Otzweiler", "Otzweiler (Rheinland-Pfalz)", "Rudolfshaus", "Untere Horbachsm\u00fchle", "Wartenstein", "Welschr\u00f6therhof"], 
"55608": ["Becherbach", "Becherbach (Rheinland-Pfalz)", "Bergen", "Bergen (Rheinland-Pfalz)", "Berschweiler", "Berschweiler (Rheinland-Pfalz)", "Berschweiler bei Kirn", "Griebelschied", "Griebelschied (Rheinland-Pfalz)", "Hausen", "Hausen (Rheinland-Pfalz)", "Schneppenbach", "Schneppenbach (Rheinland-Pfalz)"], 
"55618": ["Simmertal", "Simmertal (Rheinland-Pfalz)"], 
"55619": ["Hennweiler", "Hennweiler (Rheinland-Pfalz)"], 
"55621": ["Hundsbach", "Hundsbach (Rheinland-Pfalz)"], 
"55624": ["Bollenbach", "Bollenbach (Rheinland-Pfalz)", "G\u00f6senroth", "G\u00f6senroth (Rheinland-Pfalz)", "Oberkirn", "Oberkirn (Rheinland-Pfalz)", "Rhaunen", "Rhaunen (Rheinland-Pfalz)", "Schwerbach", "Schwerbach (Rheinland-Pfalz)", "Weitersbach", "Weitersbach (Rheinland-Pfalz)"], 
"55626": ["Bundenbach", "Bundenbach (Rheinland-Pfalz)"], 
"55627": ["Martinstein", "Martinstein (Rheinland-Pfalz)", "Merxheim", "Merxheim (Rheinland-Pfalz)", "Weiler", "Weiler (Rheinland-Pfalz)", "Weiler bei Monzingen"], 
"55629": ["Schwarzerden", "Schwarzerden (Rheinland-Pfalz)", "Seesbach", "Seesbach (Rheinland-Pfalz)", "Weitersborn", "Weitersborn (Rheinland-Pfalz)"], 
"55743": ["Algenrodt", "Enzweiler", "Fischbach", "Fischbach (Rheinland-Pfalz)", "Georg-Weierbach", "Gerach", "Gerach (Rheinland-Pfalz)", "G\u00f6ttschied", "Hammerstein", "Heidehof", "Hintertiefenbach", "Hintertiefenbach (Rheinland-Pfalz)", "Idar", "Idar-Oberstein", "Idar-Oberstein (Rheinland-Pfalz)", "Kirchenbollenbach", "Kirschweiler", "Kirschweiler (Rheinland-Pfalz)", "Oberstein"], 
"55756": ["Herrstein", "Herrstein (Rheinland-Pfalz)"], 
"55758": ["Allenbach", "Allenbach (Rheinland-Pfalz)", "Asbach", "Asbach (Rheinland-Pfalz)", "Asbacherh\u00fctte", "Breitenthal", "Breitenthal (Rheinland-Pfalz)", "Bruchweiler", "Bruchweiler (Rheinland-Pfalz)", "B\u00e4renbach", "B\u00e4renbach (Rheinland-Pfalz)", "Dickesbach", "Dickesbach (Rheinland-Pfalz)", "Hammerbirkenfeld", "Hellertshausen", "Hellertshausen (Rheinland-Pfalz)", "Herborn", "Herborn (Rheinland-Pfalz)", "Hettenrodt", "Hettenrodt (Rheinland-Pfalz)", "Hottenbach", "Hottenbach (Rheinland-Pfalz)", "Kempfeld", "Kempfeld (Rheinland-Pfalz)", "Langweiler", "Langweiler (Rheinland-Pfalz)", "Mackenrodt", "Mackenrodt (Rheinland-Pfalz)", "Mittelreidenbach", "Mittelreidenbach (Rheinland-Pfalz)", "M\u00f6rschied", "M\u00f6rschied (Rheinland-Pfalz)", "Niederhosenbach", "Niederhosenbach (Rheinland-Pfalz)", "Niederw\u00f6rresbach", "Niederw\u00f6rresbach (Rheinland-Pfalz)", "Oberhosenbach", "Oberhosenbach (Rheinland-Pfalz)", "Oberreidenbach", "Oberreidenbach (Rheinland-Pfalz)", "Oberw\u00f6rresbach", "Oberw\u00f6rresbach (Rheinland-Pfalz)", "Schauren", "Schauren (Rheinland-Pfalz)", "Schmidthachenbach", "Schmidthachenbach (Rheinland-Pfalz)", "Sensweiler", "Sensweiler (Rheinland-Pfalz)", "Sien", "Sien (Rheinland-Pfalz)", "Sienhachenbach", "Sienhachenbach (Rheinland-Pfalz)", "Sonnschied", "Sonnschied (Rheinland-Pfalz)", "Stipshausen", "Stipshausen (Rheinland-Pfalz)", "Sulzbach", "Sulzbach (Rheinland-Pfalz)", "Veitsrodt", "Veitsrodt (Rheinland-Pfalz)", "Vollmersbach", "Vollmersbach (Rheinland-Pfalz)", "Weiden", "Weiden (Rheinland-Pfalz)", "Wickenrodt", "Wickenrodt (Rheinland-Pfalz)", "Wirschweiler", "Wirschweiler (Rheinland-Pfalz)"], 
"55765": ["Birkenfeld", "Birkenfeld (Rheinland-Pfalz)", "Dambach", "Dambach (Rheinland-Pfalz)", "Dienstweiler", "Dienstweiler (Rheinland-Pfalz)", "Eborn", "Elchweiler", "Elchweiler (Rheinland-Pfalz)", "Ellenberg", "Ellenberg (Rheinland-Pfalz)", "Ellweiler", "Ellweiler (Rheinland-Pfalz)", "Oberhambach", "Oberhambach (Rheinland-Pfalz)", "Rimsberg", "Rimsberg (Rheinland-Pfalz)", "Schmi\u00dfberg", "Schmi\u00dfberg (Rheinland-Pfalz)", "Waldfriede"], 
"55767": ["Abentheuer", "Abentheuer (Rheinland-Pfalz)", "Achtelsbach", "Achtelsbach (Rheinland-Pfalz)", "Br\u00fccken", "Br\u00fccken (Rheinland-Pfalz)", "Buhlenberg", "Buhlenberg (Rheinland-Pfalz)", "Gimbweiler", "Gimbweiler (Rheinland-Pfalz)", "Gollenberg", "Gollenberg (Rheinland-Pfalz)", "Hattgenstein", "Hattgenstein (Rheinland-Pfalz)", "Kronweiler", "Kronweiler (Rheinland-Pfalz)", "Leisel", "Leisel (Rheinland-Pfalz)", "Meckenbach", "Meckenbach (Rheinland-Pfalz)", "Niederbrombach", "Niederbrombach (Rheinland-Pfalz)", "Niederhambach", "Niederhambach (Rheinland-Pfalz)", "Nohen", "Nohen (Rheinland-Pfalz)", "Oberbrombach", "Oberbrombach (Rheinland-Pfalz)", "Rinzenberg", "Rinzenberg (Rheinland-Pfalz)", "R\u00f6tsweiler-Nockenthal", "R\u00f6tsweiler-Nockenthal (Rheinland-Pfalz)", "Schwollen", "Schwollen (Rheinland-Pfalz)", "Siesbach", "Siesbach (Rheinland-Pfalz)", "Sonnenberg-Winnenberg", "Sonnenberg-Winnenberg (Rheinland-Pfalz)", "Wilzenberg-Hu\u00dfweiler", "Wilzenberg-Hu\u00dfweiler (Rheinland-Pfalz)"], 
"55768": ["Hoppst\u00e4dten-Weiersbach", "Hoppst\u00e4dten-Weiersbach (Rheinland-Pfalz)", "Neubr\u00fccke"], 
"55774": ["Baumholder", "Baumholder (Rheinland-Pfalz)"], 
"55776": ["Berglangenbach", "Berglangenbach (Rheinland-Pfalz)", "Frauenberg", "Frauenberg (Rheinland-Pfalz)", "Hahnweiler", "Hahnweiler (Rheinland-Pfalz)", "Reichenbach", "Reichenbach (Rheinland-Pfalz)", "Rohrbach", "Rohrbach (Rheinland-Pfalz)", "Ruschberg", "Ruschberg (Rheinland-Pfalz)", "R\u00fcckweiler", "R\u00fcckweiler (Rheinland-Pfalz)"], 
"55777": ["Berschweiler", "Berschweiler (Rheinland-Pfalz)", "Eckersweiler", "Eckersweiler (Rheinland-Pfalz)", "Fohren-Linden", "Fohren-Linden (Rheinland-Pfalz)", "Mettweiler", "Mettweiler (Rheinland-Pfalz)"], 
"55779": ["Heimbach", "Heimbach (Rheinland-Pfalz)", "Leitzweiler", "Leitzweiler (Rheinland-Pfalz)"]}