[{"ags": "05112000", "area": 232.79, "email": null, "gemeinde": "Duisburg, Stadt", "name": null, "ort": "Duisburg", "phone": null, "plz": "47051", "population": 495152, "sitz": "Kreisfreie Stadt Duisburg", "str": "Burgplatz 19"}, 
{"email": "bza.mitte@stadt-duisburg.de", "name": "Duisburg Bezirksamt Mitte", "ort": "Duisburg", "phone": "0203-940-00", "plz": "47051", "prefix": "Bürgeramt", "str": "Sonnenwall 73-75"}, 
{"ags": "05114000", "area": 137.78, "email": null, "gemeinde": "Krefeld, Stadt", "name": null, "ort": "Krefeld", "phone": null, "plz": "47798", "population": 227050, "sitz": "Kreisfreie Stadt Krefeld", "str": "Von-der-Leyen-Platz 1"}, 
{"email": "fb31@krefeld.de", "name": "Krefeld Mitte", "ort": "Krefeld", "phone": "02151-86-0", "plz": "47798", "prefix": "Bürgeramt", "str": "Theaterplatz 1\nSeidenweberhaus"}, 
{"ags": "05154004", "area": 61.31, "email": null, "gemeinde": "Bedburg-Hau", "name": null, "ort": "Bedburg-Hau", "phone": null, "plz": "47551", "population": 13033, "sitz": "Gemeinde Bedburg-Hau", "str": "Rathausplatz 1"}, 
{"ags": "05154012", "area": 96.97, "email": null, "gemeinde": "Geldern, Stadt", "name": null, "ort": "Geldern", "phone": null, "plz": "47608", "population": 33733, "sitz": "Stadt Geldern", "str": "Issumer Tor 36"}, 
{"ags": "05154016", "area": 115.43, "email": null, "gemeinde": "Goch, Stadt", "name": null, "ort": "Goch", "phone": null, "plz": "47574", "population": 34593, "sitz": "Stadt Goch", "str": "Markt 2"}, 
{"ags": "05154020", "area": 54.74, "email": null, "gemeinde": "Issum", "name": null, "ort": "Issum", "phone": null, "plz": "47661", "population": 12201, "sitz": "Gemeinde Issum", "str": "Herrlichkeit 7-9"}, 
{"ags": "05154024", "area": 88.2, "email": null, "gemeinde": "Kalkar, Stadt", "name": null, "ort": "Kalkar", "phone": null, "plz": "47546", "population": 13953, "sitz": "Stadt Kalkar", "str": "Markt 20"}, 
{"ags": "05154028", "area": 58.17, "email": null, "gemeinde": "Kerken", "name": null, "ort": "Kerken", "phone": null, "plz": "47647", "population": 12564, "sitz": "Gemeinde Kerken", "str": "Dionysiusplatz 4"}, 
{"ags": "05154032", "area": 100.64, "email": null, "gemeinde": "Kevelaer, Stadt", "name": null, "ort": "Kevelaer", "phone": null, "plz": "47623", "population": 27891, "sitz": "Stadt Kevelaer", "str": "Peter-Plümpe-Platz 12"}, 
{"ags": "05154036", "area": 97.76, "email": null, "gemeinde": "Kleve, Stadt", "name": null, "ort": "Kleve", "phone": null, "plz": "47533", "population": 52470, "sitz": "Stadt Kleve", "str": "Minoritenplatz 1"}, 
{"ags": "05154040", "area": 76.89, "email": null, "gemeinde": "Kranenburg", "name": null, "ort": "Kranenburg", "phone": null, "plz": "47559", "population": 11087, "sitz": "Gemeinde Kranenburg", "str": "Klever Straße 4"}, 
{"ags": "05154048", "area": 30.03, "email": null, "gemeinde": "Rheurdt", "name": null, "ort": "Rheurdt", "phone": null, "plz": "47509", "population": 6566, "sitz": "Gemeinde Rheurdt", "str": "Rathausstraße 35"}, 
{"ags": "05154052", "area": 74, "email": null, "gemeinde": "Straelen, Stadt", "name": null, "ort": "Straelen", "phone": null, "plz": "47638", "population": 16232, "sitz": "Stadt Straelen", "str": "Rathausstraße 1"}, 
{"ags": "05154056", "area": 60.93, "email": null, "gemeinde": "Uedem", "name": null, "ort": "Uedem", "phone": null, "plz": "47589", "population": 8362, "sitz": "Gemeinde Uedem", "str": "Mosterstraße 2"}, 
{"ags": "05154060", "area": 48.17, "email": null, "gemeinde": "Wachtendonk", "name": null, "ort": "Wachtendonk", "phone": null, "plz": "47669", "population": 8192, "sitz": "Gemeinde Wachtendonk", "str": "Weinstraße 1"}, 
{"ags": "05154064", "area": 79.49, "email": null, "gemeinde": "Weeze", "name": null, "ort": "Weeze", "phone": null, "plz": "47652", "population": 11900, "sitz": "Gemeinde Weeze", "str": "Cyriakusplatz 13-14"}, 
{"ags": "05166008", "area": 30.98, "email": null, "gemeinde": "Grefrath, Sport- und Freizeitgemeinde", "name": null, "ort": "Grefrath", "phone": null, "plz": "47929", "population": 14734, "sitz": "Gemeinde Grefrath", "str": "Rathausplatz 3"}, 
{"ags": "05166012", "area": 68.8, "email": null, "gemeinde": "Kempen, Stadt", "name": null, "ort": "Kempen", "phone": null, "plz": "47906", "population": 34562, "sitz": "Stadt Kempen", "str": "Buttermarkt 1"}, 
{"ags": "05166028", "area": 44.34, "email": null, "gemeinde": "Tönisvorst, Stadt", "name": null, "ort": "Tönisvorst", "phone": null, "plz": "47918", "population": 29257, "sitz": "Stadt Tönisvorst", "str": "Bahnstraße 15"}, 
{"ags": "05166036", "area": 67.8, "email": null, "gemeinde": "Willich, Stadt", "name": null, "ort": "Willich", "phone": null, "plz": "47877", "population": 50133, "sitz": "Stadt Willich", "str": "Hauptstraße 6"}, 
{"ags": "05170020", "area": 63.14, "email": null, "gemeinde": "Kamp-Lintfort, Stadt", "name": null, "ort": "Kamp-Lintfort", "phone": null, "plz": "47475", "population": 37847, "sitz": "Stadt Kamp-Lintfort", "str": "Am Rathaus 2"}, 
{"ags": "05170024", "area": 67.68, "email": null, "gemeinde": "Moers, Stadt", "name": null, "ort": "Moers", "phone": null, "plz": "47441", "population": 103725, "sitz": "Stadt Moers", "str": "Rathausplatz 1"}, 
{"email": "buergerservice@moers.de", "name": "Moers Innenstadt", "ort": "Moers", "phone": "02841-201-0", "plz": "47441", "prefix": "Bürgeramt", "str": "Rathausplatz 1"}, 
{"ags": "05170028", "area": 43.5, "email": null, "gemeinde": "Neukirchen-Vluyn, Stadt", "name": null, "ort": "Neukirchen-Vluyn", "phone": null, "plz": "47506", "population": 27613, "sitz": "Stadt Neukirchen-Vluyn", "str": "Hans-Böckler-Straße 26"}, 
{"ags": "05170032", "area": 75.24, "email": null, "gemeinde": "Rheinberg, Stadt", "name": null, "ort": "Rheinberg", "phone": null, "plz": "47495", "population": 30863, "sitz": "Stadt Rheinberg", "str": "Kirchplatz 10"}, 
{"ags": "05170040", "area": 55.41, "email": null, "gemeinde": "Sonsbeck", "name": null, "ort": "Sonsbeck", "phone": null, "plz": "47665", "population": 8689, "sitz": "Gemeinde Sonsbeck", "str": "Herrenstraße 2"}, 
{"email": "bza.walsum@stadt-duisburg.de", "name": "Duisburg Bezirksamt Walsum", "ort": "Duisburg", "phone": "0203-94-000", "plz": "47179", "prefix": "Bürgeramt", "str": "Friedrich-Ebert-Str. 152"}, 
{"email": "bza.hamborn@stadt-duisburg.de", "name": "Duisburg Bezirksamt Hamborn", "ort": "Duisburg", "phone": "0203-94-000", "plz": "47166", "prefix": "Bürgeramt", "str": "Duisburger Str. 213"}, 
{"email": "bza.meiderich@stadt-duisburg.de", "name": "Duisburg Bezirksamt Meiderich/Beeck", "ort": "Duisburg", "phone": "0203-94-000", "plz": "47137", "prefix": "Bürgeramt", "str": "Von-der-Mark-Str. 36"}, 
{"email": "bza.homberg@stadt-duisburg.de", "name": "Duisburg Bezirksamt Homberg/Ruhrort/Baerl", "ort": "Duisburg", "phone": "0203-94-000", "plz": "47198", "prefix": "Bürgeramt", "str": "Bismarckplatz 1"}, 
{"email": "bza.rheinhausen@stadt-duisburg.de", "name": "Duisburg Bezirksamt Rheinhausen", "ort": "Duisburg", "phone": "02065-905-0", "plz": "47226", "prefix": "Bürgeramt", "str": "Körnerplatz 1"}, 
{"email": "bza.sued@stadt-duisburg.de", "name": "Duisburg Bezirksamt Süd", "ort": "Duisburg", "phone": "0203-94-000", "plz": "47249", "prefix": "Bürgeramt", "str": "Sittardsberger Allee 14"}, 
{"email": "fb31@krefeld.de", "name": "Krefeld Fischeln", "ort": "Krefeld", "phone": "02151-30-900", "plz": "47807", "prefix": "Bürgeramt", "str": "Kölner Str. 517"}, 
{"email": "fb31@krefeld.de", "name": "Krefeld Süd", "ort": "Krefeld", "phone": "02151-861-650", "plz": "47805", "prefix": "Bürgeramt", "str": "Virchowstr. 130\nFabrik Heeder"}, 
{"email": "fb31@krefeld.de", "name": "Krefeld Oppum", "ort": "Krefeld", "phone": "02151-547-051", "plz": "47809", "prefix": "Bürgeramt", "str": "Hochfelder Str. 122"}, 
{"email": "fb31@krefeld.de", "name": "Krefeld Linn", "ort": "Krefeld", "phone": "02151-572-031", "plz": "47809", "prefix": "Bürgeramt", "str": "Rheinbabenstr. 110"}, 
{"email": "fb31@krefeld.de", "name": "Krefeld Bockum", "ort": "Krefeld", "phone": "02151-587-90", "plz": "47800", "prefix": "Bürgeramt", "str": "Uerdinger Str. 585\nRathaus gegenüber des Bockumer Platzes"}, 
{"email": "fb31@krefeld.de", "name": "Krefeld Uerdingen", "ort": "Krefeld", "phone": "02151-861-621", "plz": "47829", "prefix": "Bürgeramt", "str": "Am Marktplatz 1"}, 
{"email": "fb31@krefeld.de", "name": "Krefeld Nord", "ort": "Krefeld", "phone": "02151-756-260", "plz": "47803", "prefix": "Bürgeramt", "str": "Moritzplatz 8"}, 
{"email": "fb31@krefeld.de", "name": "Krefeld Hüls", "ort": "Krefeld", "phone": "02151-748-90", "plz": "47839", "prefix": "Bürgeramt", "str": "Hülser Markt 11"}, 
{"email": "fb31@krefeld.de", "name": "Krefeld Traar", "ort": "Krefeld", "phone": "02151-564-855", "plz": "47802", "prefix": "Bürgeramt", "str": "Kemmerhofstr. 321\nRathausmarkt"}]