[{"ags": "03454010", "area": 139.57, "email": null, "gemeinde": "Emsbüren", "name": null, "ort": "Emsbüren", "phone": null, "plz": "48488", "population": 10338, "sitz": "Gemeinde Emsbüren", "str": "Markt 18"}, 
{"ags": "03454045", "area": 53.38, "email": null, "gemeinde": "Salzbergen", "name": null, "ort": "Salzbergen", "phone": null, "plz": "48499", "population": 7806, "sitz": "Gemeinde Salzbergen", "str": "Franz-Schratz-Straße 12"}, 
{"ags": "03454034", "area": 30.26, "email": null, "gemeinde": "Lünne", "name": null, "ort": "Spelle", "phone": null, "plz": "48480", "population": 2031, "sitz": "Samtgemeinde Spelle", "str": "Hauptstraße 43"}, 
{"ags": "03454046", "area": 26.67, "email": null, "gemeinde": "Schapen", "name": null, "ort": "Spelle", "phone": null, "plz": "48480", "population": 2455, "sitz": "Samtgemeinde Spelle", "str": "Hauptstraße 43"}, 
{"ags": "03454049", "area": 34.22, "email": null, "gemeinde": "Spelle", "name": null, "ort": "Spelle", "phone": null, "plz": "48480", "population": 9931, "sitz": "Samtgemeinde Spelle", "str": "Hauptstraße 43"}, 
{"ags": "03456001", "area": 99.99, "email": null, "gemeinde": "Bad Bentheim, Stadt", "name": null, "ort": "Bad Bentheim", "phone": null, "plz": "48455", "population": 15948, "sitz": "Stadt Bad Bentheim", "str": "Schloßstraße 2"}, 
{"ags": "03456015", "area": 149.87, "email": null, "gemeinde": "Nordhorn, Stadt", "name": null, "ort": "Nordhorn", "phone": null, "plz": "48529", "population": 54162, "sitz": "Stadt Nordhorn", "str": "Bahnhofstraße 24"}, 
{"ags": "03456003", "area": 44.3, "email": null, "gemeinde": "Engden", "name": null, "ort": "Schüttorf", "phone": null, "plz": "48465", "population": 416, "sitz": "Samtgemeinde Schüttorf", "str": "Markt 2"}, 
{"ags": "03456010", "area": 20.32, "email": null, "gemeinde": "Isterberg", "name": null, "ort": "Schüttorf", "phone": null, "plz": "48465", "population": 589, "sitz": "Samtgemeinde Schüttorf", "str": "Markt 2"}, 
{"ags": "03456016", "area": 9.03, "email": null, "gemeinde": "Ohne", "name": null, "ort": "Schüttorf", "phone": null, "plz": "48465", "population": 575, "sitz": "Samtgemeinde Schüttorf", "str": "Markt 2"}, 
{"ags": "03456018", "area": 14.13, "email": null, "gemeinde": "Quendorf", "name": null, "ort": "Schüttorf", "phone": null, "plz": "48465", "population": 613, "sitz": "Samtgemeinde Schüttorf", "str": "Markt 2"}, 
{"ags": "03456020", "area": 26.07, "email": null, "gemeinde": "Samern", "name": null, "ort": "Schüttorf", "phone": null, "plz": "48465", "population": 799, "sitz": "Samtgemeinde Schüttorf", "str": "Markt 2"}, 
{"ags": "03456027", "area": 19.45, "email": null, "gemeinde": "Schüttorf, Stadt", "name": null, "ort": "Schüttorf", "phone": null, "plz": "48465", "population": 12934, "sitz": "Samtgemeinde Schüttorf", "str": "Markt 2"}, 
{"ags": "05515000", "area": 303.28, "email": null, "gemeinde": "Münster, Stadt", "name": null, "ort": "Münster", "phone": null, "plz": "48143", "population": 317713, "sitz": "Kreisfreie Stadt Münster", "str": "Klemensstraße 10"}, 
{"email": "buergerbuero-mitte@stadt-muenster.de", "name": "Münster Mitte", "ort": "Münster", "phone": "0251-492-0", "plz": "48143", "prefix": "Bürgeramt", "str": "Klemensstr. 10\nStadthaus 1"}, 
{"ags": "05554004", "area": 151.24, "email": null, "gemeinde": "Ahaus, Stadt", "name": null, "ort": "Ahaus", "phone": null, "plz": "48683", "population": 39658, "sitz": "Stadt Ahaus", "str": "Rathausplatz 1"}, 
{"ags": "05554016", "area": 80.84, "email": null, "gemeinde": "Gescher, Glockenstadt", "name": null, "ort": "Gescher", "phone": null, "plz": "48712", "population": 17186, "sitz": "Stadt Gescher", "str": "Marktplatz 1"}, 
{"ags": "05554020", "area": 78.82, "email": null, "gemeinde": "Gronau (Westf.), Stadt", "name": null, "ort": "Gronau (Westf.)", "phone": null, "plz": "48599", "population": 49031, "sitz": "Stadt Gronau (Westf.)", "str": "Konrad-Adenauer-Straße 1"}, 
{"ags": "05554024", "area": 69.43, "email": null, "gemeinde": "Heek", "name": null, "ort": "Heek", "phone": null, "plz": "48619", "population": 8628, "sitz": "Gemeinde Heek", "str": "Bahnhofstraße 60"}, 
{"ags": "05554036", "area": 56.28, "email": null, "gemeinde": "Legden", "name": null, "ort": "Legden", "phone": null, "plz": "48739", "population": 7409, "sitz": "Gemeinde Legden", "str": "Amtshausstraße 1"}, 
{"ags": "05554044", "area": 78.74, "email": null, "gemeinde": "Reken", "name": null, "ort": "Reken", "phone": null, "plz": "48734", "population": 15092, "sitz": "Gemeinde Reken", "str": "Kirchstraße 14"}, 
{"ags": "05554052", "area": 68.81, "email": null, "gemeinde": "Schöppingen", "name": null, "ort": "Schöppingen", "phone": null, "plz": "48624", "population": 6623, "sitz": "Gemeinde Schöppingen", "str": "Amtsstraße 2"}, 
{"ags": "05554056", "area": 79.25, "email": null, "gemeinde": "Stadtlohn, Stadt", "name": null, "ort": "Stadtlohn", "phone": null, "plz": "48703", "population": 20458, "sitz": "Stadt Stadtlohn", "str": "Markt 3"}, 
{"ags": "05554068", "area": 135.83, "email": null, "gemeinde": "Vreden, Stadt", "name": null, "ort": "Vreden", "phone": null, "plz": "48691", "population": 22758, "sitz": "Stadt Vreden", "str": "Burgstraße 14"}, 
{"ags": "05558008", "area": 91.36, "email": null, "gemeinde": "Billerbeck, Stadt", "name": null, "ort": "Billerbeck", "phone": null, "plz": "48727", "population": 11525, "sitz": "Stadt Billerbeck", "str": "Markt 1"}, 
{"ags": "05558012", "area": 141.36, "email": null, "gemeinde": "Coesfeld, Stadt", "name": null, "ort": "Coesfeld", "phone": null, "plz": "48653", "population": 36382, "sitz": "Stadt Coesfeld", "str": "Markt 8"}, 
{"ags": "05558016", "area": 184.83, "email": null, "gemeinde": "Dülmen, Stadt", "name": null, "ort": "Dülmen", "phone": null, "plz": "48249", "population": 46877, "sitz": "Stadt Dülmen", "str": "Markt 1"}, 
{"ags": "05558020", "area": 53.17, "email": null, "gemeinde": "Havixbeck", "name": null, "ort": "Havixbeck", "phone": null, "plz": "48329", "population": 11940, "sitz": "Gemeinde Havixbeck", "str": "Willi-Richter-Platz 1"}, 
{"ags": "05558032", "area": 85.67, "email": null, "gemeinde": "Nottuln", "name": null, "ort": "Nottuln", "phone": null, "plz": "48301", "population": 19672, "sitz": "Gemeinde Nottuln", "str": "Stiftsplatz 7-8"}, 
{"ags": "05558040", "area": 94.49, "email": null, "gemeinde": "Rosendahl", "name": null, "ort": "Rosendahl", "phone": null, "plz": "48720", "population": 10806, "sitz": "Gemeinde Rosendahl", "str": "Hauptstraße 30"}, 
{"ags": "05558044", "area": 109.45, "email": null, "gemeinde": "Senden", "name": null, "ort": "Senden", "phone": null, "plz": "48308", "population": 20495, "sitz": "Gemeinde Senden", "str": "Münsterstraße 30"}, 
{"ags": "05566004", "area": 62.96, "email": null, "gemeinde": "Altenberge", "name": null, "ort": "Altenberge", "phone": null, "plz": "48341", "population": 10371, "sitz": "Gemeinde Altenberge", "str": "Kirchstraße 25"}, 
{"ags": "05566008", "area": 72.06, "email": null, "gemeinde": "Emsdetten, Stadt", "name": null, "ort": "Emsdetten", "phone": null, "plz": "48282", "population": 35927, "sitz": "Stadt Emsdetten", "str": "Am Markt 1"}, 
{"ags": "05566012", "area": 140.26, "email": null, "gemeinde": "Greven, Stadt", "name": null, "ort": "Greven", "phone": null, "plz": "48268", "population": 37700, "sitz": "Stadt Greven", "str": "Rathausstraße 6"}, 
{"ags": "05566016", "area": 107.54, "email": null, "gemeinde": "Hörstel, Stadt", "name": null, "ort": "Hörstel", "phone": null, "plz": "48477", "population": 20506, "sitz": "Stadt Hörstel", "str": "Kalixtusstraße 6"}, 
{"ags": "05566020", "area": 99.83, "email": null, "gemeinde": "Hopsten", "name": null, "ort": "Hopsten", "phone": null, "plz": "48496", "population": 7704, "sitz": "Gemeinde Hopsten", "str": "Bunte Straße 35"}, 
{"ags": "05566024", "area": 44.76, "email": null, "gemeinde": "Horstmar, Stadt der Burgmannshöfe", "name": null, "ort": "Horstmar", "phone": null, "plz": "48612", "population": 6849, "sitz": "Stadt Horstmar", "str": "Kirchplatz 1-3"}, 
{"ags": "05566036", "area": 35.26, "email": null, "gemeinde": "Laer", "name": null, "ort": "Laer", "phone": null, "plz": "48366", "population": 6668, "sitz": "Gemeinde Laer", "str": "Mühlenhoek 1"}, 
{"ags": "05566052", "area": 40.28, "email": null, "gemeinde": "Metelen", "name": null, "ort": "Metelen", "phone": null, "plz": "48629", "population": 6417, "sitz": "Gemeinde Metelen", "str": "Sendplatz 18"}, 
{"ags": "05566060", "area": 48.44, "email": null, "gemeinde": "Neuenkirchen", "name": null, "ort": "Neuenkirchen", "phone": null, "plz": "48485", "population": 13865, "sitz": "Gemeinde Neuenkirchen", "str": "Hauptstraße 16"}, 
{"ags": "05566064", "area": 51.6, "email": null, "gemeinde": "Nordwalde", "name": null, "ort": "Nordwalde", "phone": null, "plz": "48356", "population": 9711, "sitz": "Gemeinde Nordwalde", "str": "Bispingallee 44"}, 
{"ags": "05566068", "area": 105.63, "email": null, "gemeinde": "Ochtrup, Stadt", "name": null, "ort": "Ochtrup", "phone": null, "plz": "48607", "population": 19893, "sitz": "Stadt Ochtrup", "str": "Prof.-Gärtner-Straße 10"}, 
{"ags": "05566076", "area": 145, "email": null, "gemeinde": "Rheine, Stadt", "name": null, "ort": "Rheine", "phone": null, "plz": "48431", "population": 76948, "sitz": "Stadt Rheine", "str": "Klosterstraße 14"}, 
{"email": "buergerbuero@rheine.de", "name": "Rheine", "ort": "Rheine", "phone": "05971-939-348", "plz": "48431", "prefix": "Bürgeramt", "str": "Klosterstr. 14"}, 
{"ags": "05566080", "area": 59.03, "email": null, "gemeinde": "Saerbeck, NRW-Klimakommune", "name": null, "ort": "Saerbeck", "phone": null, "plz": "48369", "population": 7064, "sitz": "Gemeinde Saerbeck", "str": "Ferriéres-Straße 11"}, 
{"ags": "05566084", "area": 111.67, "email": null, "gemeinde": "Steinfurt, Stadt", "name": null, "ort": "Steinfurt", "phone": null, "plz": "48565", "population": 34645, "sitz": "Stadt Steinfurt", "str": "Emsdettener Straße 40"}, 
{"ags": "05566096", "area": 57.69, "email": null, "gemeinde": "Wettringen", "name": null, "ort": "Wettringen", "phone": null, "plz": "48493", "population": 8261, "sitz": "Gemeinde Wettringen", "str": "Kirchstraße 19"}, 
{"ags": "05570012", "area": 31.35, "email": null, "gemeinde": "Beelen", "name": null, "ort": "Beelen", "phone": null, "plz": "48361", "population": 6159, "sitz": "Gemeinde Beelen", "str": "Warendorfer Straße 9"}, 
{"ags": "05570016", "area": 106.6, "email": null, "gemeinde": "Drensteinfurt, Stadt", "name": null, "ort": "Drensteinfurt", "phone": null, "plz": "48317", "population": 15607, "sitz": "Stadt Drensteinfurt", "str": "Landsbergplatz 7"}, 
{"ags": "05570024", "area": 69.06, "email": null, "gemeinde": "Everswinkel", "name": null, "ort": "Everswinkel", "phone": null, "plz": "48351", "population": 9634, "sitz": "Gemeinde Everswinkel", "str": "Am Magnusplatz 30"}, 
{"ags": "05570032", "area": 89.65, "email": null, "gemeinde": "Ostbevern", "name": null, "ort": "Ostbevern", "phone": null, "plz": "48346", "population": 11229, "sitz": "Gemeinde Ostbevern", "str": "Am Rathaus 1"}, 
{"ags": "05570036", "area": 78.08, "email": null, "gemeinde": "Sassenberg, Stadt", "name": null, "ort": "Sassenberg", "phone": null, "plz": "48336", "population": 14258, "sitz": "Stadt Sassenberg", "str": "Schürenstraße 17"}, 
{"ags": "05570040", "area": 96.95, "email": null, "gemeinde": "Sendenhorst, Stadt", "name": null, "ort": "Sendenhorst", "phone": null, "plz": "48324", "population": 13279, "sitz": "Stadt Sendenhorst", "str": "Kirchstraße 1"}, 
{"ags": "05570044", "area": 90.9, "email": null, "gemeinde": "Telgte, Stadt", "name": null, "ort": "Telgte", "phone": null, "plz": "48291", "population": 19982, "sitz": "Stadt Telgte", "str": "Baßfeld 4-6"}, 
{"ags": "05570052", "area": 176.88, "email": null, "gemeinde": "Warendorf, Stadt", "name": null, "ort": "Warendorf", "phone": null, "plz": "48231", "population": 37146, "sitz": "Stadt Warendorf", "str": "Lange Kesselstraße 4-6"}, 
{"email": "bezirksverwaltung-hiltrup@stadt-muenster.de", "name": "Münster Bezirksverwaltung Hiltrup", "ort": "Münster", "phone": "0251-492-1631", "plz": "48165", "prefix": "Bürgeramt", "str": "Patronatsstr. 20"}, 
{"email": "bezirksverwaltung-nord@stadt-muenster.de", "name": "Münster Bezirksverwaltung Nord", "ort": "Münster", "phone": "0251-492-1651", "plz": "48159", "prefix": "Bürgeramt", "str": "Idenbrockplatz 8\nim Bürgerhaus Kinderhaus"}, 
{"email": "bezirksverwaltung-ost@stadt-muenster.de", "name": "Münster Bezirksverwaltung Ost", "ort": "Münster", "phone": "0251-21097-0", "plz": "48157", "prefix": "Bürgeramt", "str": "Vennemannstr. 5"}, 
{"email": "buergerbuero-coerde@stadt-muenster.de", "name": "Münster Coerde", "ort": "Münster", "phone": "0251-492-1659", "plz": "48157", "prefix": "Bürgeramt", "str": "Hamannplatz 39"}, 
{"email": "bezirksverwaltung-suedost@stadt-muenster.de", "name": "Münster Bezirksverwaltung Südost", "ort": "Münster", "phone": "02506-9319-0", "plz": "48167", "prefix": "Bürgeramt", "str": "Münsterstr. 7"}, 
{"email": "buergerbuero-gremmendorf@stadt-muenster.de", "name": "Münster Gremmendorf", "ort": "Münster", "phone": "0251-492-1668", "plz": "48167", "prefix": "Bürgeramt", "str": "Albersloher Weg 550\n(1. OG)"}, 
{"email": "bezirksverwaltung-west@stadt-muenster.de", "name": "Münster Bezirksverwaltung West", "ort": "Münster", "phone": "02534-58854-0", "plz": "48161", "prefix": "Bürgeramt", "str": "Pantaleonplatz 7"}, 
{"email": "buergerbuero-gievenbeck@stadt-muenster.de", "name": "Münster Gievenbeck", "ort": "Münster", "phone": "0251-492-1647", "plz": "48161", "prefix": "Bürgeramt", "str": "Rüschhausweg 17"}, 
{"email": "ausmesum@rheine.de", "name": "Rheine Außenstelle Mesum", "ort": "Rheine", "phone": "05975-93-141", "plz": "48432", "prefix": "Bürgeramt", "str": "Nielandstr. 7"}]