[{"plz": "46045", "ort": "Oberhausen", "name": "Oberhausen Alt-Oberhausen", "street": "Schwartzstr. 72\nRathaus Oberhausen", "phone": "0208-825-3037", "email": "bzv-alt-oberhausen@oberhausen.de"}, 
{"plz": "46045", "ort": "Oberhausen", "name": "Oberhausen, Stadt", "street": "Schwartzstraße 72"}, 
{"plz": "46117", "ort": "Oberhausen", "name": "Oberhausen Osterfeld", "street": "Bottroper Str. 183\nRathaus Osterfeld", "phone": "0208-825-8141", "email": "bzv-osterfeld@oberhausen.de"}, 
{"plz": "46145", "ort": "Oberhausen", "name": "Oberhausen Sterkrade", "street": "Bahnhofstr. 66\nTechnisches Rathaus (Gebäudeteil B)", "phone": "0208-825-3170", "email": "bzv-sterkrade@oberhausen.de"}, 
{"plz": "46236", "ort": "Bottrop", "name": "Bottrop, Stadt", "street": "Ernst-Wilczok-Platz 1"}, 
{"plz": "46236", "ort": "Bottrop", "name": "Bottrop", "street": "Ernst-Wilczok-Platz 1\nRathaus", "phone": "02041-703-0", "email": "buergerbuero@bottrop.de"}, 
{"plz": "46284", "ort": "Dorsten", "name": "Dorsten", "street": "Halterner Str. 5\nErdgeschoss des RathausesZimmer 23", "phone": "02362-66-0", "email": "buergerbuero@dorsten.de"}, 
{"plz": "46284", "ort": "Dorsten", "name": "Dorsten, Stadt", "street": "Halterner Straße 5"}, 
{"plz": "46325", "ort": "Borken", "name": "Borken, Stadt", "street": "Im Piepershagen 17"}, 
{"plz": "46342", "ort": "Velen", "name": "Velen, Stadt", "street": "Ramsdorfer Straße 19"}, 
{"plz": "46348", "ort": "Raesfeld", "name": "Raesfeld", "street": "Weseler Straße 19"}, 
{"plz": "46354", "ort": "Südlohn", "name": "Südlohn", "street": "Winterswyker Straße 1"}, 
{"plz": "46359", "ort": "Heiden", "name": "Heiden", "street": "Rathausplatz 1"}, 
{"plz": "46395", "ort": "Bocholt", "name": "Stadtverwaltung Bocholt", "street": "Kaiser-Wilhelm-Str. 52-58", "phone": "02871-953-0", "email": "stadtverwaltung@bocholt.de"}, 
{"plz": "46395", "ort": "Bocholt", "name": "Bocholt", "street": "Berliner Platz 1", "phone": "02871-953-456-(Termintelefon)", "email": "buergerbuero@mail.bocholt.de"}, 
{"plz": "46395", "ort": "Bocholt", "name": "Bocholt, Stadt", "street": "Kaiser- Wilhelm-Straße 52-58"}, 
{"plz": "46395", "ort": "Bocholt", "name": "der Stadt Bocholt", "street": "Neutorplatz 3 (1. Obergeschoss)", "phone": "02871-953-2400", "email": "buergerbuero@bocholt.de"}, 
{"plz": "46414", "ort": "Rhede", "name": "Rhede, Stadt", "street": "Rathausplatz 9"}, 
{"plz": "46419", "ort": "Isselburg", "name": "Isselburg, Stadt", "street": "Minervastraße 12"}, 
{"plz": "46446", "ort": "Emmerich am Rhein", "name": "Emmerich am Rhein, Stadt", "street": "Geistmarkt 1"}, 
{"plz": "46459", "ort": "Rees", "name": "Rees, Stadt", "street": "Markt 1"}, 
{"plz": "46483", "ort": "Wesel", "name": "Wesel", "street": "Klever-Tor-Platz 1\nTeam 74", "phone": "0281-2030", "email": "team74@wesel.de"}, 
{"plz": "46483", "ort": "Wesel", "name": "Wesel, Stadt", "street": "Klever-Tor-Platz 1"}, 
{"plz": "46499", "ort": "Hamminkeln", "name": "Hamminkeln, Stadt", "street": "Brüner Straße 9"}, 
{"plz": "46509", "ort": "Xanten", "name": "Xanten, Stadt", "street": "Karthaus 2"}, 
{"plz": "46514", "ort": "Schermbeck", "name": "Schermbeck", "street": "Weseler Straße 2"}, 
{"plz": "46519", "ort": "Alpen", "name": "Alpen", "street": "Rathausstraße 5"}, 
{"plz": "46535", "ort": "Dinslaken", "name": "Dinslaken Stadtmitte", "street": "Friedrich-Ebert-Str. 82-84", "phone": "02064-66-666", "email": "buergerbuero@dinslaken.de"}, 
{"plz": "46535", "ort": "Dinslaken", "name": "Dinslaken, Stadt", "street": "Platz d' Agen 1"}, 
{"plz": "46539", "ort": "Dinslaken", "name": "Dinslaken Hiesfeld", "street": "Jahnplatz 1\nKiosk - Eingang Marschallstraße", "phone": "02064-66-666", "email": "buergerbuero.hiesfeld@dinslaken.de"}, 
{"plz": "46562", "ort": "Voerde", "name": "Voerde (Niederrhein), Stadt", "street": "Rathausplatz 20"}, 
{"plz": "46569", "ort": "Hünxe", "name": "Hünxe", "street": "Dorstener Straße 24"}]