[{"ags": "05120000", "area": 74.52, "email": null, "gemeinde": "Remscheid, Stadt", "name": null, "ort": "Remscheid", "phone": null, "plz": "42853", "population": 111770, "sitz": "Kreisfreie Stadt Remscheid", "str": "Theodor-Heuss-Platz 1"}, 
{"email": "meldebehoerde@remscheid.de", "name": "Remscheid", "ort": "Remscheid", "phone": "02191-16-00", "plz": "42853", "prefix": "Bürgeramt", "str": "Elberfelder Str. 36"}, 
{"ags": "05122000", "area": 89.54, "email": null, "gemeinde": "Solingen, Klingenstadt", "name": null, "ort": "Solingen", "phone": null, "plz": "42651", "population": 158957, "sitz": "Kreisfreie Stadt Solingen", "str": "Walter-Scheel-Platz 1"}, 
{"email": "buergerbuero@solingen.de", "name": "Solingen Clemens-Galerien", "ort": "Solingen", "phone": "0212-290-0", "plz": "42651", "prefix": "Bürgeramt", "str": "Mummstr. 10"}, 
{"ags": "05124000", "area": 168.39, "email": null, "gemeinde": "Wuppertal, Stadt", "name": null, "ort": "Wuppertal", "phone": null, "plz": "42275", "population": 354572, "sitz": "Kreisfreie Stadt Wuppertal", "str": "Johannes-Rau-Platz 1"}, 
{"email": "ema-wuppertal@stadt.wuppertal.de", "name": "Wuppertal ServiceCenter", "ort": "Wuppertal", "phone": "0202-563-0", "plz": "42275", "prefix": "Bürgeramt", "str": "Steinweg 20"}, 
{"ags": "05158008", "area": 24.19, "email": null, "gemeinde": "Haan, Stadt", "name": null, "ort": "Haan", "phone": null, "plz": "42781", "population": 30298, "sitz": "Stadt Haan", "str": "Kaiserstraße 85"}, 
{"ags": "05158012", "area": 27.52, "email": null, "gemeinde": "Heiligenhaus, Stadt", "name": null, "ort": "Heiligenhaus", "phone": null, "plz": "42579", "population": 26367, "sitz": "Stadt Heiligenhaus", "str": "Hauptstraße 157"}, 
{"ags": "05158032", "area": 74.9, "email": null, "gemeinde": "Velbert, Stadt", "name": null, "ort": "Velbert", "phone": null, "plz": "42551", "population": 81593, "sitz": "Stadt Velbert", "str": "Thomasstraße 1"}, 
{"email": "servicebuero-velbert-mitte@velbert.de", "name": "Velbert Mitte", "ort": "Velbert", "phone": "02051-26-0", "plz": "42551", "prefix": "Bürgeramt", "str": "Thomasstr. 1\nRathaus"}, 
{"ags": "05158036", "area": 32.27, "email": null, "gemeinde": "Wülfrath, Stadt", "name": null, "ort": "Wülfrath", "phone": null, "plz": "42489", "population": 21009, "sitz": "Stadt Wülfrath", "str": "Am Rathaus 1"}, 
{"ags": "05374016", "area": 50.52, "email": null, "gemeinde": "Hückeswagen, Schloss-Stadt", "name": null, "ort": "Hückeswagen", "phone": null, "plz": "42499", "population": 14706, "sitz": "Stadt Hückeswagen", "str": "Auf'm Schloß 1"}, 
{"ags": "05374036", "area": 53.86, "email": null, "gemeinde": "Radevormwald, Stadt auf der Höhe", "name": null, "ort": "Radevormwald", "phone": null, "plz": "42477", "population": 21952, "sitz": "Stadt Radevormwald", "str": "Hohenfuhrstraße 13"}, 
{"ags": "05378016", "area": 37.26, "email": null, "gemeinde": "Leichlingen (Rheinland), Blütenstadt", "name": null, "ort": "Leichlingen (Rhld.)", "phone": null, "plz": "42799", "population": 27868, "sitz": "Stadt Leichlingen (Rhld.)", "str": "Am Büscherhof 1"}, 
{"ags": "05378032", "area": 74.81, "email": null, "gemeinde": "Wermelskirchen, Stadt", "name": null, "ort": "Wermelskirchen", "phone": null, "plz": "42929", "population": 34480, "sitz": "Stadt Wermelskirchen", "str": "Telegrafenstraße 29-33"}, 
{"email": "buergerbuero-cronenberg@stadt.wuppertal.de", "name": "Wuppertal Cronenberg", "ort": "Wuppertal", "phone": "0202-563-7425", "plz": "42349", "prefix": "Bürgeramt", "str": "Rathausplatz 4"}, 
{"email": "buergerbuero-langerfeld@stadt.wuppertal.de", "name": "Wuppertal Langerfeld", "ort": "Wuppertal", "phone": "0202-563-6265", "plz": "42389", "prefix": "Bürgeramt", "str": "Schwelmer Str. 15"}, 
{"email": "buergerbuero-ronsdorf@stadt.wuppertal.de", "name": "Wuppertal Ronsdorf", "ort": "Wuppertal", "phone": "0202-563-7220", "plz": "42369", "prefix": "Bürgeramt", "str": "Marktstr. 21"}, 
{"email": "buergerbuero-vohwinkel@stadt.wuppertal.de", "name": "Wuppertal Vohwinkel", "ort": "Wuppertal", "phone": "0202-563-7345", "plz": "42329", "prefix": "Bürgeramt", "str": "Rubensstr. 4"}, 
{"email": "buergerbuero-langerfeld@stadt.wuppertal.de", "name": "Wuppertal Außenstelle Beyenburg", "ort": "Wuppertal", "phone": "0202-563-4974", "plz": "42399", "prefix": "Bürgeramt", "str": "Am Kriegermal 22"}, 
{"email": "buergerbuero@solingen.de", "name": "Solingen Ohligs", "ort": "Solingen", "phone": "0212-290-0", "plz": "42697", "prefix": "Bürgeramt", "str": "Kieler Str. 15"}, 
{"email": "buergerbuero@solingen.de", "name": "Solingen Höhscheid", "ort": "Solingen", "phone": "0212-290-0", "plz": "42657", "prefix": "Bürgeramt", "str": "Gasstr. 22\nVerwaltungsgebäude"}, 
{"email": "buergerbuero@solingen.de", "name": "Solingen Höhscheid mit Kfz-Zulassung", "ort": "Solingen", "phone": "0212-290-0", "plz": "42657", "prefix": "Bürgeramt", "str": "Gasstr. 22"}, 
{"email": "servicebuero-langenberg@velbert.de", "name": "Velbert Langenberg", "ort": "Velbert", "phone": "02052-912-213", "plz": "42555", "prefix": "Bürgeramt", "str": "Donnerstr. 13"}, 
{"email": "servicebuero-velbert-mitte@velbert.de", "name": "Velbert Neviges", "ort": "Velbert", "phone": "02051-26-0", "plz": "42553", "prefix": "Bürgeramt", "str": "Elberfelder Str. 64"}]