{"47051": ["Altstadt", "Dellviertel", "Duisburg", "Duisburg-Altstadt", "Duisburg-Dellviertel", "Duisburg-Duissern", "Duisburg-Ka\u00dflerfeld", "Duissern", "Ka\u00dflerfeld"], 
"47053": ["Altstadt", "Dellviertel", "Duisburg", "Duisburg-Altstadt", "Duisburg-Dellviertel", "Duisburg-Hochfeld", "Duisburg-Wanheimerort", "Hochfeld", "Wanheimerort"], 
"47055": ["Duisburg", "Duisburg-Wanheimerort", "Neudorf-S\u00fcd", "Neudorf-S\u00fcd (Duisburg)", "Wanheim-Angerhausen", "Wanheim-Angerhausen (Duisburg)", "Wanheimerort"], 
"47057": ["Dellviertel", "Duisburg", "Duisburg-Dellviertel", "Duisburg-Hochfeld", "Hochfeld", "Neudorf-Nord", "Neudorf-Nord (Duisburg)", "Neudorf-S\u00fcd", "Neudorf-S\u00fcd (Duisburg)"], 
"47058": ["Altstadt", "Duisburg", "Duisburg-Altstadt", "Duisburg-Duissern", "Duissern"], 
"47059": ["Duisburg", "Duisburg-Ka\u00dflerfeld", "Duisburg-Neuenkamp", "Ka\u00dflerfeld", "Neuenkamp"], 
"47119": ["Beeck", "Duisburg", "Duisburg-Beeck", "Duisburg-Laar", "Duisburg-Ruhrort", "Laar", "Ruhrort"], 
"47137": ["Duisburg", "Duisburg-Mittelmeiderich", "Duisburg-Obermeiderich", "Duisburg-Untermeiderich", "Mittelmeiderich", "Obermeiderich", "Untermeiderich"], 
"47138": ["Duisburg", "Duisburg-Mittelmeiderich", "Duisburg-Neum\u00fchl", "Duisburg-Obermeiderich", "Duisburg-Ruhrort", "Duisburg-Untermeiderich", "Mittelmeiderich", "Neum\u00fchl", "Obermeiderich", "Ruhrort", "Untermeiderich"], 
"47139": ["Beeck", "Beeckerwerth", "Duisburg", "Duisburg-Beeck", "Duisburg-Beeckerwerth", "Duisburg-Untermeiderich", "Untermeiderich"], 
"47166": ["Alt-Hamborn", "Alt-Hamborn (Duisburg)", "Beeck", "Bruckhausen", "Duisburg", "Duisburg-Beeck", "Duisburg-Bruckhausen", "Duisburg-Marxloh", "Duisburg-Neum\u00fchl", "Duisburg-Obermarxloh", "Marxloh", "Neum\u00fchl", "Obermarxloh"], 
"47167": ["Duisburg", "Duisburg-Marxloh", "Duisburg-Neum\u00fchl", "Duisburg-Obermarxloh", "Duisburg-R\u00f6ttgersbach", "Marxloh", "Neum\u00fchl", "Obermarxloh", "R\u00f6ttgersbach"], 
"47169": ["Aldenrade", "Duisburg", "Duisburg-Aldenrade", "Duisburg-Fahrn", "Duisburg-Marxloh", "Duisburg-R\u00f6ttgersbach", "Duisburg-Wehofen", "Fahrn", "Marxloh", "R\u00f6ttgersbach", "Wehofen"], 
"47178": ["Alt-Walsum", "Alt-Walsum (Duisburg)", "Duisburg", "Duisburg-Overbruch", "Duisburg-Vierlinden", "Overbruch", "Vierlinden"], 
"47179": ["Aldenrade", "Alt-Walsum", "Alt-Walsum (Duisburg)", "Duisburg", "Duisburg-Aldenrade", "Duisburg-Fahrn", "Duisburg-Vierlinden", "Duisburg-Wehofen", "Fahrn", "Vierlinden", "Wehofen"], 
"47198": ["Alt-Homberg", "Alt-Homberg (Duisburg)", "Duisburg", "Duisburg-Hochheide", "Essenberg", "Hochheide"], 
"47199": ["Baerl", "Duisburg", "Duisburg-Baerl", "Duisburg-Hochheide", "Hochheide"], 
"47226": ["Bergheim", "Duisburg", "Duisburg-Bergheim", "Duisburg-Hochemmerich", "Hochemmerich", "Rheinhausen-Mitte", "Rheinhausen-Mitte (Duisburg)"], 
"47228": ["Bergheim", "Duisburg", "Duisburg-Bergheim", "Duisburg-Friemersheim", "Duisburg-Hochemmerich", "Duisburg-Winkelhausen", "Friemersheim", "Hochemmerich", "Oestrum", "Winkelhausen"], 
"47229": ["Bergheim", "Bliersheim", "Duisburg", "Duisburg-Bergheim", "Duisburg-Friemersheim", "Friemersheim", "Rheinhausen-Mitte", "Rheinhausen-Mitte (Duisburg)"], 
"47239": ["Duisburg", "Kaldenhausen", "Rumeln-Kaldenhausen", "Rumeln-Kaldenhausen (Duisburg)"], 
"47249": ["Buchholz", "Duisburg", "Duisburg-Buchholz", "Duisburg-Gro\u00dfenbaum", "Gro\u00dfenbaum", "Wanheim-Angerhausen", "Wanheim-Angerhausen (Duisburg)"], 
"47259": ["Duisburg", "Duisburg-Huckingen", "Duisburg-H\u00fcttenheim", "Duisburg-M\u00fcndelheim", "Duisburg-Ungelsheim", "Huckingen", "H\u00fcttenheim", "M\u00fcndelheim", "Ungelsheim", "Wanheim-Angerhausen", "Wanheim-Angerhausen (Duisburg)"], 
"47269": ["Duisburg", "Duisburg-Gro\u00dfenbaum", "Duisburg-Rahm", "Gro\u00dfenbaum", "Rahm"], 
"47279": ["Bissingheim", "Buchholz", "Duisburg", "Duisburg-Bissingheim", "Duisburg-Buchholz", "Duisburg-Gro\u00dfenbaum", "Duisburg-Wanheimerort", "Duisburg-Wedau", "Gro\u00dfenbaum", "Neudorf-S\u00fcd", "Neudorf-S\u00fcd (Duisburg)", "Wanheimerort", "Wedau"], 
"47441": ["Asberg", "H\u00fclsdonk", "Moers", "Moers-Mitte", "Vinn", "Wesel-Moers"], 
"47443": ["Hochstra\u00df", "Meerbeck", "Moers", "Scherpenberg"], 
"47445": ["Bornheim", "Eick", "Genend", "Kohlenhuck", "Moers", "Repelen", "Rheinkamp", "Rheinkamp-Mitte", "Utfort"], 
"47447": ["Achterathsfeld", "Achterathsheide", "Bettenkamp", "Holderberg", "Kapellen", "Kapellen-Mitte", "Moers", "Schwafheim", "Vennikel"], 
"47475": ["Kamp-Lintfort", "Kamp-Lintfort (Wesel)", "Rossenray", "Saalhoff"], 
"47495": ["Alpsray", "Borth", "Budberg", "Millingen", "Orsoy-Land", "Ossenberg", "Rheinberg", "Vierbaum", "Wallach", "Wesel-Rheinberg", "Winterswick"], 
"47506": ["Neukirchen-Vluyn", "Neukirchen-Vluyn (Nordrhein-Westfalen)", "Rayen"], 
"47509": ["Rheurdt", "Rheurdt (Nordrhein-Westfalen)"], 
"47533": ["Bimmen", "Brienen", "Donsbr\u00fcggen", "D\u00fcffelward", "Griethausen", "Keeken", "Kleve", "Kleve (Nordrhein-Westfalen)", "Materborn", "Reichswalde", "Rindern", "Salmorth", "Schenkenschanz", "Warbeyen", "Wardhausen"], 
"47546": ["Altkalkar", "Bylerward", "Emmericher Eyland", "Kalkar", "Kalkar (Nordrhein-Westfalen)", "Kehrum", "Neulouisendorf", "Niederm\u00f6rmter"], 
"47551": ["Bedburg-Hau", "Bedburg-Hau (Nordrhein-Westfalen)", "Hau", "Huisberden", "Louisendorf", "Till-Moyland"], 
"47559": ["Kranenburg", "Kranenburg (Nordrhein-Westfalen)", "Mehr", "Zyfflich"], 
"47574": ["Asperden", "Goch", "Goch (Nordrhein-Westfalen)", "Hommersum", "H\u00fclm", "Kessel", "Nierswalde", "Pfalzdorf"], 
"47589": ["Keppeln", "Uedem", "Uedem (Nordrhein-Westfalen)"], 
"47608": ["Aengenesch", "Geldern", "Geldern (Nordrhein-Westfalen)", "Hartefeld", "Kapellen", "L\u00fcllingen", "Pont", "Veert", "Vernum", "Walbeck"], 
"47623": ["Kevelaer", "Kevelaer (Nordrhein-Westfalen)"], 
"47624": ["Kevelaer", "Kleinkevelaer", "Twisteden"], 
"47625": ["Kevelaer", "Wetten"], 
"47626": ["Kevelaer", "Winnekendonk"], 
"47627": ["Kervendonk", "Kervenheim", "Kevelaer"], 
"47638": ["Auwel-Holt", "Herongen", "Straelen", "Straelen (Nordrhein-Westfalen)", "Vorst"], 
"47647": ["Kerken", "Kerken (Nordrhein-Westfalen)"], 
"47652": ["Kalbeck", "Weeze", "Weeze (Nordrhein-Westfalen)", "Wissen"], 
"47661": ["Issum", "Issum (Nordrhein-Westfalen)"], 
"47665": ["Hamb", "Labbeck", "Sonsbeck", "Sonsbeck (Nordrhein-Westfalen)"], 
"47669": ["Wachtendonk", "Wachtendonk (Nordrhein-Westfalen)"], 
"47798": ["Cracau", "Die\u00dfem/Lehmheide", "Die\u00dfem/Lehmheide (Krefeld)", "Inrath/Kliedbruch", "Inrath/Kliedbruch (Krefeld)", "Kempener Feld/Baackeshof", "Kempener Feld/Baackeshof (Krefeld)", "Krefeld", "Krefeld-Cracau", "Krefeld-Stadtmitte", "Stadtmitte"], 
"47799": ["Bockum", "Cracau", "Krefeld", "Krefeld-Bockum", "Krefeld-Cracau", "Krefeld-Stadtmitte", "Stadtmitte"], 
"47800": ["Bockum", "Krefeld", "Krefeld (Nordrhein-Westfalen)"], 
"47802": ["H\u00fclser Berg", "Krefeld", "Traar", "Verberg"], 
"47803": ["Krefeld"], 
"47804": ["Forstwald", "Krefeld"], 
"47805": ["Krefeld"], 
"47807": ["Fischeln", "Krefeld", "K\u00f6nigshof"], 
"47809": ["Krefeld", "Oppum"], 
"47829": ["Gartenstadt (Krefeld)", "Hohenbudberg", "Krefeld", "Uerdingen"], 
"47839": ["Krefeld", "Orbroich"], 
"47877": ["Cl\u00f6rath", "Neersen", "Schiefbahn", "Vennheide", "Willich", "Willich (Nordrhein-Westfalen)"], 
"47906": ["Kempen", "Schmalbroich", "St. Hubert", "T\u00f6nisberg", "Viersen-Kempen"], 
"47918": ["Cl\u00f6rath", "Hochbend", "Kehn", "T\u00f6nisvorst", "Viersen-T\u00f6nisvorst"], 
"47929": ["Grefrath", "M\u00fclhausen", "Oedt", "Viersen-Grefrath", "Vinkrath"]}