{"40210": ["D\u00fcsseldorf", "D\u00fcsseldorf-Friedrichstadt", "D\u00fcsseldorf-Stadtmitte", "Friedrichstadt", "Stadtmitte"], 
"40211": ["D\u00fcsseldorf", "D\u00fcsseldorf-Pempelfort", "D\u00fcsseldorf-Stadtmitte", "Pempelfort", "Stadtmitte"], 
"40212": ["D\u00fcsseldorf", "D\u00fcsseldorf-Friedrichstadt", "D\u00fcsseldorf-Stadtmitte", "Friedrichstadt", "Stadtmitte"], 
"40213": ["Altstadt", "Carlstadt", "D\u00fcsseldorf", "D\u00fcsseldorf-Altstadt", "D\u00fcsseldorf-Carlstadt", "D\u00fcsseldorf-Friedrichstadt", "D\u00fcsseldorf-Pempelfort", "D\u00fcsseldorf-Stadtmitte", "D\u00fcsseldorf-Unterbilk", "Friedrichstadt", "Pempelfort", "Stadtmitte", "Unterbilk"], 
"40215": ["D\u00fcsseldorf", "D\u00fcsseldorf-Friedrichstadt", "Friedrichstadt"], 
"40217": ["D\u00fcsseldorf", "D\u00fcsseldorf-Friedrichstadt", "D\u00fcsseldorf-Unterbilk", "Friedrichstadt", "Unterbilk"], 
"40219": ["D\u00fcsseldorf", "D\u00fcsseldorf-Hafen", "D\u00fcsseldorf-Unterbilk", "Hafen", "Unterbilk"], 
"40221": ["Bilk", "D\u00fcsseldorf", "D\u00fcsseldorf-Bilk", "D\u00fcsseldorf-Flehe", "D\u00fcsseldorf-Hafen", "D\u00fcsseldorf-Hamm", "D\u00fcsseldorf-Unterbilk", "D\u00fcsseldorf-Volmerswerth", "Flehe", "Hafen", "Hamm", "Unterbilk", "Volmerswerth"], 
"40223": ["Bilk", "D\u00fcsseldorf", "D\u00fcsseldorf-Bilk", "D\u00fcsseldorf-Flehe", "D\u00fcsseldorf-Unterbilk", "Flehe", "Unterbilk"], 
"40225": ["Bilk", "D\u00fcsseldorf", "D\u00fcsseldorf-Bilk", "D\u00fcsseldorf-Flehe", "D\u00fcsseldorf-Oberbilk", "D\u00fcsseldorf-Wersten", "Flehe", "Oberbilk", "Wersten"], 
"40227": ["D\u00fcsseldorf", "D\u00fcsseldorf-Eller", "D\u00fcsseldorf-Oberbilk", "Eller", "Oberbilk"], 
"40229": ["D\u00fcsseldorf", "D\u00fcsseldorf-Eller", "D\u00fcsseldorf-Lierenfeld", "D\u00fcsseldorf-Oberbilk", "Eller", "Lierenfeld", "Oberbilk"], 
"40231": ["D\u00fcsseldorf", "D\u00fcsseldorf-Eller", "D\u00fcsseldorf-Lierenfeld", "Eller", "Lierenfeld"], 
"40233": ["D\u00fcsseldorf", "D\u00fcsseldorf-Lierenfeld", "D\u00fcsseldorf-Oberbilk", "D\u00fcsseldorf-Stadtmitte", "Flingern-Nord", "Flingern-Nord (D\u00fcsseldorf)", "Flingern-S\u00fcd", "Flingern-S\u00fcd (D\u00fcsseldorf)", "Lierenfeld", "Oberbilk", "Stadtmitte"], 
"40235": ["D\u00fcsseldorf", "D\u00fcsseldorf-Grafenberg", "Flingern-Nord", "Flingern-Nord (D\u00fcsseldorf)", "Flingern-S\u00fcd", "Flingern-S\u00fcd (D\u00fcsseldorf)", "Grafenberg"], 
"40237": ["D\u00fcsseldorf", "D\u00fcsseldorf-D\u00fcsseltal", "D\u00fcsseldorf-M\u00f6rsenbroich", "D\u00fcsseltal", "Flingern-Nord", "Flingern-Nord (D\u00fcsseldorf)", "M\u00f6rsenbroich"], 
"40239": ["D\u00fcsseldorf", "D\u00fcsseldorf-D\u00fcsseltal", "D\u00fcsseldorf-M\u00f6rsenbroich", "D\u00fcsseltal", "M\u00f6rsenbroich"], 
"40468": ["D\u00fcsseldorf", "D\u00fcsseldorf (Nordrhein-Westfalen)"], 
"40470": ["D\u00fcsseldorf"], 
"40472": ["D\u00fcsseldorf", "Ratingen", "Ratingen (Nordrhein-Westfalen)"], 
"40474": ["D\u00fcsseldorf"], 
"40476": ["D\u00fcsseldorf"], 
"40477": ["D\u00fcsseldorf"], 
"40479": ["D\u00fcsseldorf"], 
"40489": ["D\u00fcsseldorf"], 
"40545": ["D\u00fcsseldorf", "D\u00fcsseldorf-Oberkassel", "Oberkassel"], 
"40547": ["D\u00fcsseldorf", "D\u00fcsseldorf-L\u00f6rick", "D\u00fcsseldorf-Niederkassel", "D\u00fcsseldorf-Oberkassel", "L\u00f6rick", "Niederkassel", "Oberkassel"], 
"40549": ["D\u00fcsseldorf", "D\u00fcsseldorf-Heerdt", "D\u00fcsseldorf-L\u00f6rick", "D\u00fcsseldorf-Oberkassel", "Heerdt", "L\u00f6rick", "Oberkassel"], 
"40589": ["Benrath", "D\u00fcsseldorf", "D\u00fcsseldorf-Benrath", "D\u00fcsseldorf-Flehe", "D\u00fcsseldorf-Himmelgeist", "D\u00fcsseldorf-Holthausen", "D\u00fcsseldorf-Itter", "D\u00fcsseldorf-Wersten", "Flehe", "Himmelgeist", "Holthausen", "Itter", "Wersten"], 
"40591": ["D\u00fcsseldorf", "D\u00fcsseldorf-Eller", "D\u00fcsseldorf-Holthausen", "D\u00fcsseldorf-Oberbilk", "D\u00fcsseldorf-Wersten", "Eller", "Holthausen", "Oberbilk", "Wersten"], 
"40593": ["Benrath", "D\u00fcsseldorf", "D\u00fcsseldorf-Benrath", "D\u00fcsseldorf-Garath", "D\u00fcsseldorf-Urdenbach", "Garath", "Urdenbach"], 
"40595": ["Benrath", "D\u00fcsseldorf", "D\u00fcsseldorf-Benrath", "D\u00fcsseldorf-Garath", "D\u00fcsseldorf-Hellerhof", "D\u00fcsseldorf-Urdenbach", "Garath", "Hellerhof", "Urdenbach"], 
"40597": ["Benrath", "D\u00fcsseldorf", "D\u00fcsseldorf-Benrath", "D\u00fcsseldorf-Hassels", "D\u00fcsseldorf-Urdenbach", "Hassels", "Urdenbach"], 
"40599": ["Benrath", "D\u00fcsseldorf", "D\u00fcsseldorf-Benrath", "D\u00fcsseldorf-Hassels", "D\u00fcsseldorf-Holthausen", "D\u00fcsseldorf-Reisholz", "Hassels", "Holthausen", "Reisholz"], 
"40625": ["D\u00fcsseldorf", "D\u00fcsseldorf (Nordrhein-Westfalen)"], 
"40627": ["D\u00fcsseldorf"], 
"40629": ["D\u00fcsseldorf"], 
"40667": ["B\u00fcderich", "Ilverich", "Meerbusch", "Meerbusch (Nordrhein-Westfalen)"], 
"40668": ["Ilverich", "Langst-Kierst", "Lank-Latum", "Meerbusch", "Nierst"], 
"40670": ["Meerbusch", "Osterath", "Str\u00fcmp"], 
"40699": ["Erkrath", "Erkrath (Nordrhein-Westfalen)"], 
"40721": ["D\u00fcsseldorf", "D\u00fcsseldorf (Nordrhein-Westfalen)", "Hilden", "Hilden (Nordrhein-Westfalen)"], 
"40723": ["Hilden"], 
"40724": ["Hilden"], 
"40764": ["Langenfeld", "Langenfeld (Nordrhein-Westfalen)", "Langenfeld (Rheinland)", "Richrath", "Wiescheid"], 
"40789": ["Monheim", "Monheim (Nordrhein-Westfalen)", "Monheim am Rhein"], 
"40822": ["Mettmann", "Metzkausen", "Obschwarzbach"], 
"40878": ["Mettmann-Ratingen", "Ratingen"], 
"40880": ["Ratingen", "Tiefenbroich"], 
"40882": ["Homberg-Meiersberg", "Ratingen"], 
"40883": ["Eggerscheidt", "Ratingen"], 
"40885": ["Ratingen"]}