[{"plz": "07318", "ort": "Saalfeld/Saale", "name": "Saalfeld/Saale, Stadt", "street": "Markt 1"}, 
{"plz": "07330", "ort": "Probstzella", "name": "Gräfenthal, Stadt", "street": "Markt 8"}, 
{"plz": "07333", "ort": "Unterwellenborn", "name": "Unterwellenborn", "street": "Ernst-Thälmann-Straße 19"}, 
{"plz": "07338", "ort": "Kaulsdorf", "name": "Altenbeuthen", "street": "Straße des Friedens 27"}, 
{"plz": "07338", "ort": "Leutenberg", "name": "Leutenberg, Stadt", "street": "Markt 1"}, 
{"plz": "07343", "ort": "Wurzbach", "name": "Wurzbach, Stadt", "street": "Leutenberger Straße 10"}, 
{"plz": "07356", "ort": "Bad Lobenstein", "name": "Bad Lobenstein, Stadt", "street": "Markt 1"}, 
{"plz": "07366", "ort": "Rosenthal am Rennsteig", "name": "Rosenthal am Rennsteig", "street": "Rennsteig 2"}, 
{"plz": "07368", "ort": "Remptendorf", "name": "Remptendorf", "street": "Bahnhofstraße 17"}, 
{"plz": "07381", "ort": "Pößneck", "name": "Pößneck, Stadt", "street": "Markt 1"}, 
{"plz": "07381", "ort": "Oppurg", "name": "Lausnitz b. Neustadt an der Orla", "street": "Am Türkenhof 5"}, 
{"plz": "07389", "ort": "Ranis", "name": "Ziegenrück, Stadt", "street": "Pößnecker Straße 2"}, 
{"plz": "07407", "ort": "Uhlstädt-Kirchhasel", "name": "Uhlstädt-Kirchhasel", "street": "Jenaische Straße 90"}, 
{"plz": "07407", "ort": "Rudolstadt", "name": "Rudolstadt, Stadt", "street": "Markt 7"}, 
{"plz": "07422", "ort": "Bad Blankenburg", "name": "Bad Blankenburg, Stadt", "street": "Markt 1"}, 
{"plz": "07426", "ort": "Königsee", "name": "Königsee, Stadt", "street": "Markt 1"}, 
{"plz": "07545", "ort": "Gera", "name": "Gera StadtService H35", "street": "Heinrichstr. 35", "phone": "0365-838-2501", "email": "einwohnerwesen@gera.de"}, 
{"plz": "07545", "ort": "Gera", "name": "Gera, Stadt", "street": "Kornmarkt 12"}, 
{"plz": "07570", "ort": "Wünschendorf/Elster", "name": "Wünschendorf/Elster", "street": "Poststraße 8"}, 
{"plz": "07570", "ort": "Weida", "name": "Weida, Stadt", "street": "Markt 1"}, 
{"plz": "07570", "ort": "Harth-Pöllnitz", "name": "Harth-Pöllnitz", "street": "Am Porstendorfer Weg 1"}, 
{"plz": "07580", "ort": "Großenstein", "name": "Bethenhausen", "street": "Dorfstraße 17"}, 
{"plz": "07580", "ort": "Ronneburg", "name": "Ronneburg, Stadt", "street": "Markt 1-2"}, 
{"plz": "07586", "ort": "Bad Köstritz", "name": "Bad Köstritz, Stadt", "street": "Heinrich-Schütz-Straße 4"}, 
{"plz": "07586", "ort": "Kraftsdorf", "name": "Kraftsdorf", "street": "Straße der Einheit 63"}, 
{"plz": "07589", "ort": "Münchenbernsdorf", "name": "Münchenbernsdorf, Stadt", "street": "Karl-Marx-Platz 13"}, 
{"plz": "07607", "ort": "Eisenberg/Thür.", "name": "Eisenberg, Stadt", "street": "Markt 27"}, 
{"plz": "07613", "ort": "Crossen", "name": "Crossen an der Elster", "street": "Flemmingstraße 17"}, 
{"plz": "07616", "ort": "Bürgel", "name": "Graitschen b. Bürgel", "street": "Am Markt 1"}, 
{"plz": "07629", "ort": "Hermsdorf/Thür.", "name": "Hermsdorf, Stadt", "street": "Am Alten Versuchsfeld 1"}, 
{"plz": "07639", "ort": "Bad Klosterlausnitz", "name": "Bad Klosterlausnitz", "street": "Markt 3"}, 
{"plz": "07646", "ort": "Tröbnitz", "name": "Lippersdorf-Erdmannsdorf", "street": "Pfarrwinkel 10"}, 
{"plz": "07646", "ort": "Stadtroda", "name": "Ruttersdorf-Lotschen", "street": "Straße des Friedens 17"}, 
{"plz": "07743", "ort": "Jena", "name": "Jena, Stadt", "street": "Am Anger 15"}, 
{"plz": "07743", "ort": "Jena", "name": "Jena", "street": "Löbdergraben 12", "phone": "03641-493-700", "email": "buergerservice@jena.de"}, 
{"plz": "07768", "ort": "Kahla/Thür.", "name": "Orlamünde, Stadt", "street": "Bahnhofstraße 23"}, 
{"plz": "07768", "ort": "Kahla/Thür.", "name": "Kahla, Stadt", "street": "Markt 10"}, 
{"plz": "07774", "ort": "Dornburg-Camburg", "name": "Dornburg-Camburg, Stadt", "street": "Rathausstraße 1"}, 
{"plz": "07806", "ort": "Neustadt an der Orla", "name": "Neustadt an der Orla, Stadt", "street": "Markt 1"}, 
{"plz": "07806", "ort": "Kospoda", "name": "Kospoda", "street": "Ortsstraße 19"}, 
{"plz": "07819", "ort": "Triptis", "name": "Mittelpöllnitz", "street": "Markt 1"}, 
{"plz": "07907", "ort": "Oettersdorf", "name": "Neundorf (bei Schleiz)", "street": "Schleizer Straße 17"}, 
{"plz": "07907", "ort": "Schleiz", "name": "Schleiz, Stadt", "street": "Bahnhofstraße 1"}, 
{"plz": "07922", "ort": "Tanna", "name": "Tanna, Stadt", "street": "Markt 1"}, 
{"plz": "07926", "ort": "Gefell b. Schleiz", "name": "Gefell, Stadt", "street": "Markt 11"}, 
{"plz": "07927", "ort": "Hirschberg/Saale", "name": "Hirschberg, Stadt", "street": "Marktstraße 2"}, 
{"plz": "07929", "ort": "Saalburg-Ebersdorf", "name": "Saalburg-Ebersdorf, Stadt", "street": "Parkstraße 1"}, 
{"plz": "07937", "ort": "Zeulenroda-Triebes", "name": "Zeulenroda-Triebes, Stadt", "street": "Markt 1"}, 
{"plz": "07952", "ort": "Pausa-Mühltroff", "name": "Pausa-Mühltroff, Stadt", "street": "Neumarkt 1"}, 
{"plz": "07955", "ort": "Auma-Weidatal", "name": "Auma-Weidatal, Stadt", "street": "Marktberg 9"}, 
{"plz": "07957", "ort": "Langenwetzendorf", "name": "Hohenleuben, Stadt", "street": "Am Daßlitzer Kreuz 4"}, 
{"plz": "07973", "ort": "Greiz", "name": "Greiz, Stadt", "street": "Marstallstraße 6"}, 
{"plz": "07980", "ort": "Berga/Elster", "name": "Berga/Elster, Stadt", "street": "Am Markt 2"}, 
{"plz": "07985", "ort": "Elsterberg", "name": "Elsterberg, Stadt", "street": "Marktplatz 1"}, 
{"plz": "07987", "ort": "Mohlsdorf-Teichwolframsdorf", "name": "Mohlsdorf-Teichwolframsdorf", "street": "Straße der Einheit 6"}]