[{"plz": "08056", "ort": "Zwickau", "name": "Zwickau, Stadt", "street": "Hauptmarkt 1", "phone": "0375-83-0", "email": "buergerservice@zwickau.de"}, 
{"plz": "08107", "ort": "Kirchberg", "name": "Hartmannsdorf b. Kirchberg", "street": "Neumarkt 2"}, 
{"plz": "08107", "ort": "Hartmannsdorf", "name": "Hartmannsdorf b. Kirchberg", "street": "Badstraße 1"}, 
{"plz": "08112", "ort": "Wilkau-Haßlau", "name": "Wilkau-Haßlau, Stadt", "street": "Poststraße 1"}, 
{"plz": "08115", "ort": "Lichtentanne", "name": "Lichtentanne", "street": "Hauptstraße 69"}, 
{"plz": "08118", "ort": "Hartenstein", "name": "Hartenstein, Stadt", "street": "Marktplatz 9"}, 
{"plz": "08132", "ort": "Mülsen", "name": "Mülsen", "street": "St. Jacober Hauptstraße 128"}, 
{"plz": "08134", "ort": "Langenweißbach", "name": "Langenweißbach", "street": "Hauptstraße 52"}, 
{"plz": "08134", "ort": "Wildenfels", "name": "Wildenfels, Stadt", "street": "Schloss Wildenfels"}, 
{"plz": "08141", "ort": "Reinsdorf", "name": "Reinsdorf", "street": "Wiesenaue 41"}, 
{"plz": "08144", "ort": "Hirschfeld", "name": "Hirschfeld", "street": "Hauptstraße 41"}, 
{"plz": "08147", "ort": "Crinitzberg", "name": "Crinitzberg", "street": "Auerbacher Straße 51"}, 
{"plz": "08209", "ort": "Auerbach", "name": "Auerbach/Vogtl., Stadt", "street": "Nicolaistraße 51"}, 
{"plz": "08223", "ort": "Falkenstein/Vogtl.", "name": "Falkenstein/Vogtl., Stadt", "street": "Willy-Rudert-Platz 1"}, 
{"plz": "08223", "ort": "Werda", "name": "Werda", "street": "Mittlere Straße 31"}, 
{"plz": "08223", "ort": "Grünbach", "name": "Grünbach", "street": "Rathausstraße 4"}, 
{"plz": "08223", "ort": "Neustadt/Vogtl.", "name": "Neustadt/Vogtl.", "street": "Oelsnitzer Straße 40"}, 
{"plz": "08228", "ort": "Rodewisch", "name": "Rodewisch, Stadt", "street": "Wernesgrüner Straße 32"}, 
{"plz": "08233", "ort": "Treuen", "name": "Treuen, Stadt", "street": "Markt 7"}, 
{"plz": "08236", "ort": "Ellefeld", "name": "Ellefeld", "street": "Hauptstraße 21"}, 
{"plz": "08237", "ort": "Steinberg", "name": "Steinberg", "street": "Am Bahnhof 3"}, 
{"plz": "08239", "ort": "Bergen", "name": "Bergen", "street": "Falkensteiner Straße 10"}, 
{"plz": "08248", "ort": "Klingenthal", "name": "Klingenthal, Stadt", "street": "Kirchstraße 14"}, 
{"plz": "08258", "ort": "Markneukirchen", "name": "Markneukirchen, Stadt", "street": "Am Rathaus 2"}, 
{"plz": "08261", "ort": "Schöneck", "name": "Schöneck/Vogtl., Stadt", "street": "Sonnenwirbel 3"}, 
{"plz": "08262", "ort": "Muldenhammer", "name": "Muldenhammer", "street": "Klingenthaler Straße 29"}, 
{"plz": "08280", "ort": "Aue", "name": "Aue-Bad Schlema, Stadt", "street": "Goethestraße 5"}, 
{"plz": "08289", "ort": "Schneeberg", "name": "Schneeberg, Stadt", "street": "Markt 1"}, 
{"plz": "08294", "ort": "Lößnitz", "name": "Lößnitz, Stadt", "street": "Marktplatz 1"}, 
{"plz": "08297", "ort": "Zwönitz", "name": "Elterlein, Stadt", "street": "Markt 6"}, 
{"plz": "08304", "ort": "Schönheide", "name": "Schönheide", "street": "Hauptstraße 43"}, 
{"plz": "08309", "ort": "Eibenstock", "name": "Eibenstock, Stadt", "street": "Rathausplatz 1"}, 
{"plz": "08315", "ort": "Lauter-Bernsbach", "name": "Lauter-Bernsbach, Stadt", "street": "Rathausstraße 11"}, 
{"plz": "08321", "ort": "Zschorlau", "name": "Zschorlau", "street": "August-Bebel-Straße 78"}, 
{"plz": "08324", "ort": "Bockau", "name": "Bockau", "street": "Schneeberger Straße 49"}, 
{"plz": "08328", "ort": "Stützengrün", "name": "Stützengrün", "street": "Hübelstraße 12"}, 
{"plz": "08340", "ort": "Schwarzenberg", "name": "Schwarzenberg/Erzgeb., Stadt", "street": "Straße der Einheit 20"}, 
{"plz": "08344", "ort": "Grünhain-Beierfeld", "name": "Grünhain-Beierfeld, Stadt", "street": "August-Bebel-Straße 79"}, 
{"plz": "08349", "ort": "Johanngeorgenstadt", "name": "Johanngeorgenstadt, Stadt", "street": "Eibenstocker Straße 67"}, 
{"plz": "08352", "ort": "Raschau-Markersbach", "name": "Raschau-Markersbach", "street": "Hauptstraße 71"}, 
{"plz": "08359", "ort": "Breitenbrunn/Erzgeb.", "name": "Breitenbrunn/Erzgeb.", "street": "Hauptstraße 120"}, 
{"plz": "08371", "ort": "Glauchau", "name": "Glauchau, Stadt", "street": "Markt 1"}, 
{"plz": "08373", "ort": "Remse", "name": "Remse", "street": "Bahnhofstraße 4"}, 
{"plz": "08393", "ort": "Meerane", "name": "Meerane, Stadt", "street": "Lörracher Platz 1"}, 
{"plz": "08393", "ort": "Schönberg", "name": "Schönberg", "street": "Hauptstraße 51"}, 
{"plz": "08393", "ort": "Dennheritz", "name": "Dennheritz", "street": "Hauptstraße 96"}, 
{"plz": "08396", "ort": "Waldenburg", "name": "Waldenburg, Stadt", "street": "Markt 1"}, 
{"plz": "08396", "ort": "Oberwiera", "name": "Oberwiera", "street": "Hauptstraße 19"}, 
{"plz": "08412", "ort": "Werdau", "name": "Werdau, Stadt", "street": "Markt 10-18"}, 
{"plz": "08427", "ort": "Fraureuth", "name": "Fraureuth", "street": "Hauptstraße 94"}, 
{"plz": "08428", "ort": "Langenbernsdorf", "name": "Langenbernsdorf", "street": "Bahnhofstraße 1"}, 
{"plz": "08451", "ort": "Crimmitschau", "name": "Crimmitschau, Stadt", "street": "Markt 1"}, 
{"plz": "08459", "ort": "Neukirchen", "name": "Neukirchen/Pleiße", "street": "Pestalozzistraße 40"}, 
{"plz": "08468", "ort": "Heinsdorfergrund", "name": "Heinsdorfergrund", "street": "Reichenbacher Straße 173"}, 
{"plz": "08468", "ort": "Reichenbach im Vogtland", "name": "Reichenbach im Vogtland, Stadt", "street": "Markt 1"}, 
{"plz": "08485", "ort": "Lengenfeld", "name": "Lengenfeld, Stadt", "street": "Hauptstraße 1"}, 
{"plz": "08491", "ort": "Netzschkau", "name": "Netzschkau, Stadt", "street": "Markt 12"}, 
{"plz": "08491", "ort": "Limbach", "name": "Limbach", "street": "Alte Schulgasse 1"}, 
{"plz": "08496", "ort": "Neumark", "name": "Neumark", "street": "Markt 3"}, 
{"plz": "08523", "ort": "Plauen", "name": "Plauen, Stadt", "street": "Unterer Graben 1"}, 
{"plz": "08523", "ort": "Plauen", "name": "Plauen", "street": "Rathausstr. 5", "phone": "03741-291-2888", "email": "poststelle@plauen.de"}, 
{"plz": "08538", "ort": "Weischlitz", "name": "Weischlitz", "street": "Am Alten Gut 3"}, 
{"plz": "08539", "ort": "Rosenbach/Vogtl.", "name": "Rosenbach/Vogtl.", "street": "Bernsgrüner Straße 18"}, 
{"plz": "08541", "ort": "Theuma", "name": "Theuma", "street": "Hauptstraße 29"}, 
{"plz": "08541", "ort": "Neuensalz", "name": "Neuensalz", "street": "Genossenschaftsweg 8"}, 
{"plz": "08543", "ort": "Pöhl", "name": "Pöhl", "street": "Jocketa-Kurze Straße 5"}, 
{"plz": "08606", "ort": "Tirpersdorf", "name": "Tirpersdorf", "street": "Hauptstraße 36"}, 
{"plz": "08606", "ort": "Bösenbrunn", "name": "Bösenbrunn", "street": "Alte Schulstraße 2"}, 
{"plz": "08606", "ort": "Triebel/Vogtl.", "name": "Triebel/Vogtl.", "street": "Hauptstraße 52"}, 
{"plz": "08606", "ort": "Oelsnitz/Vogtl.", "name": "Oelsnitz/Vogtl., Stadt", "street": "Markt 1"}, 
{"plz": "08606", "ort": "Tirpersdorf", "name": "Tirpersdorf", "street": "Hauptstraße 41"}, 
{"plz": "08626", "ort": "Adorf/Vogtl.", "name": "Adorf/Vogtl., Stadt", "street": "Markt 1"}, 
{"plz": "08626", "ort": "Eichigt", "name": "Eichigt", "street": "Dorfstraße 47"}, 
{"plz": "08645", "ort": "Bad Elster", "name": "Bad Elster, Stadt", "street": "Kirchplatz 1"}, 
{"plz": "08648", "ort": "Bad Brambach", "name": "Bad Brambach", "street": "Adorfer Straße 1"}]