[{"plz": "06108", "ort": "Halle (Saale)", "name": "Halle (Saale), Stadt", "street": "Marktplatz 1"}, 
{"plz": "06108", "ort": "Halle", "name": "Halle", "street": "Marktplatz 1\nRatshof", "phone": "0345-221-0-(Terminvereinbarung)", "email": "buergerservice@halle.de"}, 
{"plz": "06122", "ort": "Halle", "name": "Halle", "street": "Am Stadion 6", "phone": "0345-221-0-(Terminvereinbarung)", "email": "buergerservice@halle.de"}, 
{"plz": "06179", "ort": "Teutschenthal", "name": "Teutschenthal", "street": "Am Busch 19"}, 
{"plz": "06184", "ort": "Kabelsketal", "name": "Kabelsketal", "street": "Lange Straße 18"}, 
{"plz": "06188", "ort": "Landsberg", "name": "Landsberg, Stadt", "street": "Köthener Straße 2"}, 
{"plz": "06193", "ort": "Petersberg OT Wallwitz", "name": "Petersberg", "street": "Götschetalstraße 15"}, 
{"plz": "06193", "ort": "Wettin-Löbejün OT Löbejün", "name": "Wettin-Löbejün, Stadt", "street": "Markt 1"}, 
{"plz": "06198", "ort": "Salzatal OT Salzmünde", "name": "Salzatal", "street": "Straße der Einheit 12a"}, 
{"plz": "06217", "ort": "Merseburg", "name": "Merseburg, Stadt", "street": "Lauchstädter Straße 1-3"}, 
{"plz": "06231", "ort": "Bad Dürrenberg", "name": "Bad Dürrenberg, Solestadt", "street": "Hauptstraße 27"}, 
{"plz": "06237", "ort": "Leuna", "name": "Leuna, Stadt", "street": "Rathausstraße 1"}, 
{"plz": "06242", "ort": "Braunsbedra", "name": "Braunsbedra, Stadt", "street": "Markt 1"}, 
{"plz": "06246", "ort": "Goethestadt Bad Lauchstädt", "name": "Bad Lauchstädt, Goethestadt", "street": "Markt 1"}, 
{"plz": "06249", "ort": "Mücheln (Geiseltal)", "name": "Mücheln (Geiseltal), Stadt", "street": "Markt 1"}, 
{"plz": "06258", "ort": "Schkopau", "name": "Schkopau", "street": "Schulstraße 18"}, 
{"plz": "06268", "ort": "Nemsdorf-Göhrendorf", "name": "Nemsdorf-Göhrendorf", "street": "Hauptstraße 43"}, 
{"plz": "06268", "ort": "Querfurt", "name": "Querfurt, Stadt", "street": "Markt 1"}, 
{"plz": "06295", "ort": "Lutherstadt Eisleben", "name": "Eisleben, Lutherstadt", "street": "Markt 1"}, 
{"plz": "06311", "ort": "Helbra", "name": "Klostermansfeld", "street": "An der Hütte 1"}, 
{"plz": "06317", "ort": "Seegebiet Mansfelder Land OT Röblingen am See", "name": "Seegebiet Mansfelder Land", "street": "Pfarrstraße 8"}, 
{"plz": "06333", "ort": "Hettstedt", "name": "Hettstedt, Stadt", "street": "Markt 1-3"}, 
{"plz": "06343", "ort": "Mansfeld", "name": "Mansfeld, Stadt", "street": "Lutherstraße 9"}, 
{"plz": "06347", "ort": "Gerbstedt", "name": "Gerbstedt, Stadt", "street": "Markt 1"}, 
{"plz": "06366", "ort": "Köthen (Anhalt)", "name": "Köthen (Anhalt), Stadt", "street": "Marktstraße 1-3"}, 
{"plz": "06369", "ort": "Südliches Anhalt OT Weißandt-Gölzau", "name": "Südliches Anhalt, Stadt", "street": "Hauptstraße 31"}, 
{"plz": "06385", "ort": "Aken (Elbe)", "name": "Aken (Elbe), Stadt", "street": "Markt 11"}, 
{"plz": "06386", "ort": "Osternienburger Land OT Osternienburg", "name": "Osternienburger Land", "street": "Rudolf-Breitscheid-Straße 32e"}, 
{"plz": "06406", "ort": "Bernburg (Saale)", "name": "Bernburg (Saale), Stadt", "street": "Schlossgartenstraße 16"}, 
{"plz": "06420", "ort": "Könnern", "name": "Könnern, Stadt", "street": "Markt 1"}, 
{"plz": "06429", "ort": "Nienburg (Saale)", "name": "Nienburg (Saale), Stadt", "street": "Marktplatz 1"}, 
{"plz": "06449", "ort": "Aschersleben", "name": "Aschersleben, Stadt", "street": "Markt 1"}, 
{"plz": "06456", "ort": "Arnstein", "name": "Arnstein, Stadt", "street": "Eislebener Chaussee 2"}, 
{"plz": "06463", "ort": "Falkenstein/Harz OT Ermsleben", "name": "Falkenstein/Harz, Stadt", "street": "Markt 1"}, 
{"plz": "06469", "ort": "Seeland OT Nachterstedt", "name": "Seeland, Stadt", "street": "Lindenstraße 1"}, 
{"plz": "06484", "ort": "Quedlinburg", "name": "Quedlinburg, Welterbestadt", "street": "Markt 1"}, 
{"plz": "06493", "ort": "Harzgerode", "name": "Harzgerode, Stadt", "street": "Marktplatz 1"}, 
{"plz": "06493", "ort": "Ballenstedt", "name": "Ballenstedt, Stadt", "street": "Rathausplatz 12"}, 
{"plz": "06502", "ort": "Thale", "name": "Thale, Stadt", "street": "Rathausplatz 1"}, 
{"plz": "06526", "ort": "Sangerhausen", "name": "Sangerhausen, Stadt", "street": "Markt 7a"}, 
{"plz": "06536", "ort": "Südharz OT Roßla", "name": "Südharz", "street": "Wilhelmstraße 4"}, 
{"plz": "06537", "ort": "Kelbra (Kyffhäuser)", "name": "Kelbra (Kyffhäuser), Stadt", "street": "Lange Straße 8"}, 
{"plz": "06542", "ort": "Allstedt", "name": "Allstedt, Stadt", "street": "Forststraße 9"}, 
{"plz": "06556", "ort": "Artern", "name": "Mönchpfiffel-Nikolausrieth", "street": "Markt 14"}, 
{"plz": "06567", "ort": "Bad Frankenhausen/Kyffhäuser", "name": "Bad Frankenhausen/Kyffhäuser, Stadt", "street": "Markt 1"}, 
{"plz": "06571", "ort": "Roßleben-Wiehe", "name": "Roßleben-Wiehe, Stadt", "street": "Schulplatz 6"}, 
{"plz": "06577", "ort": "An der Schmücke", "name": "An der Schmücke, Stadt", "street": "Am Bahnhof 43"}, 
{"plz": "06618", "ort": "Naumburg (Saale)", "name": "Naumburg (Saale), Stadt", "street": "Markt 1"}, 
{"plz": "06632", "ort": "Freyburg (Unstrut)", "name": "Laucha an der Unstrut, Stadt", "street": "Markt 1"}, 
{"plz": "06647", "ort": "Bad Bibra", "name": "Eckartsberga, Stadt", "street": "Bahnhofstraße 2a"}, 
{"plz": "06667", "ort": "Weißenfels", "name": "Weißenfels, Stadt", "street": "Markt 1"}, 
{"plz": "06679", "ort": "Hohenmölsen", "name": "Hohenmölsen, Stadt", "street": "Markt 1"}, 
{"plz": "06682", "ort": "Teuchern", "name": "Teuchern, Stadt", "street": "Markt 21"}, 
{"plz": "06686", "ort": "Lützen", "name": "Lützen, Stadt", "street": "Markt 1"}, 
{"plz": "06712", "ort": "Zeitz", "name": "Zeitz, Stadt", "street": "Altmarkt 1"}, 
{"plz": "06721", "ort": "Osterfeld", "name": "Osterfeld, Stadt", "street": "Corseburger Weg 11"}, 
{"plz": "06722", "ort": "Droyßig", "name": "Schnaudertal", "street": "Zeitzer Straße 15"}, 
{"plz": "06729", "ort": "Elsteraue", "name": "Elsteraue", "street": "Hauptstraße 30"}, 
{"plz": "06766", "ort": "Bitterfeld-Wolfen", "name": "Bitterfeld-Wolfen, Stadt", "street": "Rathausplatz 1"}, 
{"plz": "06773", "ort": "Gräfenhainichen", "name": "Gräfenhainichen, Stadt", "street": "Markt 1"}, 
{"plz": "06774", "ort": "Muldestausee", "name": "Muldestausee", "street": "Neuwerk 3"}, 
{"plz": "06779", "ort": "Raguhn-Jeßnitz", "name": "Raguhn-Jeßnitz, Stadt", "street": "Rathausstraße 16"}, 
{"plz": "06780", "ort": "Zörbig", "name": "Zörbig, Stadt", "street": "Markt 12"}, 
{"plz": "06785", "ort": "Oranienbaum-Wörlitz", "name": "Oranienbaum-Wörlitz, Stadt", "street": "Franzstraße 1"}, 
{"plz": "06792", "ort": "Sandersdorf-Brehna", "name": "Sandersdorf-Brehna, Stadt", "street": "Bahnhofstraße 2"}, 
{"plz": "06844", "ort": "Dessau-Roßlau", "name": "Dessau-Roßlau", "street": "Zerbster Str. 4", "phone": "0340-204-1733", "email": "ordnungsamt@dessau-rosslau.de"}, 
{"plz": "06844", "ort": "Dessau-Roßlau", "name": "Dessau-Roßlau, Stadt", "street": "Zerbster Straße 4"}, 
{"plz": "06869", "ort": "Coswig (Anhalt)", "name": "Coswig (Anhalt), Stadt", "street": "Am Markt 1"}, 
{"plz": "06886", "ort": "Lutherstadt Wittenberg", "name": "Wittenberg, Lutherstadt", "street": "Lutherstraße 56"}, 
{"plz": "06895", "ort": "Zahna-Elster OT Zahna", "name": "Zahna-Elster, Stadt", "street": "Am Rathaus 1"}, 
{"plz": "06901", "ort": "Kemberg", "name": "Kemberg, Stadt", "street": "Burgstraße 5"}, 
{"plz": "06905", "ort": "Bad Schmiedeberg", "name": "Bad Schmiedeberg, Stadt", "street": "Markt 10"}, 
{"plz": "06917", "ort": "Jessen (Elster)", "name": "Jessen (Elster), Stadt", "street": "Schloßstraße 11"}, 
{"plz": "06925", "ort": "Annaburg", "name": "Annaburg, Stadt", "street": "Torgauer Straße 52"}]