[{"plz": "36037", "ort": "Fulda", "name": "Fulda", "street": "Schlossstr. 1", "phone": "0661-102-0", "email": "buergerbuero@fulda.de"}, 
{"plz": "36037", "ort": "Fulda", "name": "Fulda, Stadt", "street": "Schloßstraße 1"}, 
{"plz": "36088", "ort": "Hünfeld", "name": "Hünfeld, Konrad-Zuse-Stadt", "street": "Konrad-Adenauer-Platz 1"}, 
{"plz": "36093", "ort": "Künzell", "name": "Künzell", "street": "Unterer Ortesweg 23"}, 
{"plz": "36100", "ort": "Petersberg", "name": "Petersberg", "street": "Rathausplatz 1"}, 
{"plz": "36103", "ort": "Flieden", "name": "Flieden", "street": "Hauptstraße 36"}, 
{"plz": "36110", "ort": "Schlitz", "name": "Schlitz, Stadt", "street": "An der Kirche 4"}, 
{"plz": "36115", "ort": "Ehrenberg (Rhön)", "name": "Ehrenberg (Rhön)", "street": "Rhönstraße 26"}, 
{"plz": "36115", "ort": "Hilders", "name": "Hilders, Marktgemeinde", "street": "Kirchstraße 2-6"}, 
{"plz": "36119", "ort": "Neuhof", "name": "Neuhof", "street": "Lindenplatz 4"}, 
{"plz": "36124", "ort": "Eichenzell", "name": "Eichenzell", "street": "Schloßgasse 4"}, 
{"plz": "36129", "ort": "Gersfeld (Rhön)", "name": "Gersfeld (Rhön), Stadt", "street": "Marktplatz 19"}, 
{"plz": "36132", "ort": "Eiterfeld", "name": "Eiterfeld, Marktgemeinde", "street": "Fürstenecker Straße 2"}, 
{"plz": "36137", "ort": "Großenlüder", "name": "Großenlüder", "street": "St.-Georg-Straße 2"}, 
{"plz": "36142", "ort": "Tann (Rhön)", "name": "Tann (Rhön), Stadt", "street": "Marktplatz 9"}, 
{"plz": "36145", "ort": "Hofbieber", "name": "Hofbieber", "street": "Schulweg 5"}, 
{"plz": "36148", "ort": "Kalbach", "name": "Kalbach", "street": "Hauptstraße 12"}, 
{"plz": "36151", "ort": "Burghaun", "name": "Burghaun, Marktgemeinde", "street": "Schloßstraße 15"}, 
{"plz": "36154", "ort": "Hosenfeld", "name": "Hosenfeld", "street": "Hainzeller Straße 1"}, 
{"plz": "36157", "ort": "Ebersburg", "name": "Ebersburg", "street": "Schulstraße 3"}, 
{"plz": "36160", "ort": "Dipperz", "name": "Dipperz", "street": "Am Dorfbrunnen 2"}, 
{"plz": "36163", "ort": "Poppenhausen (Wasserkuppe)", "name": "Poppenhausen (Wasserkuppe)", "street": "Von-Steinrück-Platz 1"}, 
{"plz": "36166", "ort": "Haunetal", "name": "Haunetal", "street": "Konrad-Zuse-Platz 6"}, 
{"plz": "36167", "ort": "Nüsttal", "name": "Nüsttal", "street": "Schulstraße 19"}, 
{"plz": "36169", "ort": "Rasdorf", "name": "Rasdorf, Point-Alpha-Gemeinde", "street": "Am Anger 32"}, 
{"plz": "36179", "ort": "Bebra", "name": "Bebra, Stadt", "street": "Rathausmarkt 1"}, 
{"plz": "36199", "ort": "Rotenburg a. d. Fulda", "name": "Rotenburg a. d. Fulda, Stadt", "street": "Marktplatz 15"}, 
{"plz": "36205", "ort": "Sontra", "name": "Sontra, Stadt", "street": "Marktplatz 6"}, 
{"plz": "36208", "ort": "Wildeck", "name": "Wildeck", "street": "Eisenacher Straße 98"}, 
{"plz": "36211", "ort": "Alheim", "name": "Alheim", "street": "Alheimer Straße 2"}, 
{"plz": "36214", "ort": "Nentershausen", "name": "Nentershausen", "street": "Burgstraße 2"}, 
{"plz": "36217", "ort": "Ronshausen", "name": "Ronshausen", "street": "Eisenacher Straße 12 a"}, 
{"plz": "36219", "ort": "Cornberg", "name": "Cornberg", "street": "Am Markt 8"}, 
{"plz": "36251", "ort": "Bad Hersfeld", "name": "Bad Hersfeld, Kreisstadt", "street": "Weinstraße 16"}, 
{"plz": "36251", "ort": "Ludwigsau", "name": "Ludwigsau", "street": "Schulstraße 1"}, 
{"plz": "36266", "ort": "Heringen (Werra)", "name": "Heringen (Werra), Stadt", "street": "Obere Goethestraße 17"}, 
{"plz": "36269", "ort": "Philippsthal (Werra)", "name": "Philippsthal (Werra), Marktgemeinde", "street": "Schloss 1"}, 
{"plz": "36272", "ort": "Niederaula", "name": "Niederaula, Marktgemeinde", "street": "Schlitzer Straße 3"}, 
{"plz": "36275", "ort": "Kirchheim", "name": "Kirchheim", "street": "Hauptstraße 20"}, 
{"plz": "36277", "ort": "Schenklengsfeld", "name": "Schenklengsfeld", "street": "Rathausstraße 2"}, 
{"plz": "36280", "ort": "Oberaula", "name": "Oberaula", "street": "Hersfelder Straße 4"}, 
{"plz": "36282", "ort": "Hauneck", "name": "Hauneck", "street": "Hersfelder Straße 14"}, 
{"plz": "36284", "ort": "Hohenroda", "name": "Hohenroda", "street": "Schloßstraße 45"}, 
{"plz": "36286", "ort": "Neuenstein", "name": "Neuenstein", "street": "Freiherr-vom-Stein-Straße 5"}, 
{"plz": "36287", "ort": "Breitenbach a. Herzberg", "name": "Breitenbach a. Herzberg", "street": "Machtloser Straße 5"}, 
{"plz": "36289", "ort": "Friedewald", "name": "Friedewald", "street": "Schlossplatz 2"}, 
{"plz": "36304", "ort": "Alsfeld", "name": "Alsfeld, Stadt", "street": "Markt 1"}, 
{"plz": "36318", "ort": "Schwalmtal", "name": "Schwalmtal", "street": "Alsfelder Straße 72"}, 
{"plz": "36320", "ort": "Kirtorf", "name": "Kirtorf, Stadt", "street": "Neustädter Straße 10-12"}, 
{"plz": "36323", "ort": "Grebenau", "name": "Grebenau, Stadt", "street": "Amthof 2"}, 
{"plz": "36325", "ort": "Feldatal", "name": "Feldatal", "street": "Schulstraße 2"}, 
{"plz": "36326", "ort": "Antrifttal", "name": "Antrifttal", "street": "Weihersweg 24"}, 
{"plz": "36329", "ort": "Romrod", "name": "Romrod, Stadt", "street": "Jahnstraße 2"}, 
{"plz": "36341", "ort": "Lauterbach (Hessen)", "name": "Lauterbach (Hessen), Kreisstadt", "street": "Marktplatz 14"}, 
{"plz": "36355", "ort": "Grebenhain", "name": "Grebenhain", "street": "Hauptstraße 51"}, 
{"plz": "36358", "ort": "Herbstein", "name": "Herbstein, Stadt", "street": "Marktplatz 7"}, 
{"plz": "36364", "ort": "Bad Salzschlirf", "name": "Bad Salzschlirf", "street": "Fuldaer Straße 2"}, 
{"plz": "36367", "ort": "Wartenberg", "name": "Wartenberg", "street": "Landenhäuser Straße 11"}, 
{"plz": "36369", "ort": "Lautertal (Vogelsberg)", "name": "Lautertal (Vogelsberg)", "street": "Rathausstraße 3"}, 
{"plz": "36381", "ort": "Schlüchtern", "name": "Schlüchtern, Stadt", "street": "Krämerstraße 2"}, 
{"plz": "36391", "ort": "Sinntal", "name": "Sinntal", "street": "Am Rathaus 11"}, 
{"plz": "36396", "ort": "Steinau an der Straße", "name": "Steinau an der Straße, Brüder-Grimm-Stadt", "street": "Brüder-Grimm-Straße 47"}, 
{"plz": "36399", "ort": "Freiensteinau", "name": "Freiensteinau", "street": "Alte Schulstraße 5"}, 
{"plz": "36404", "ort": "Vacha", "name": "Vacha, Stadt", "street": "Bahnhofstraße 21"}, 
{"plz": "36414", "ort": "Unterbreizbach", "name": "Unterbreizbach", "street": "Heinrich-Heine-Straße 3"}, 
{"plz": "36419", "ort": "Geisa", "name": "Gerstengrund", "street": "Marktplatz 27"}, 
{"plz": "36433", "ort": "Bad Salzungen", "name": "Bad Salzungen, Stadt", "street": "Ratsstraße 2"}, 
{"plz": "36448", "ort": "Bad Liebenstein", "name": "Bad Liebenstein, Stadt", "street": "Bahnhofstraße 22"}, 
{"plz": "36452", "ort": "Kaltennordheim", "name": "Kaltennordheim, Stadt", "street": "Hauptstraße 18"}, 
{"plz": "36452", "ort": "Kaltennordheim", "name": "Kaltennordheim, Stadt", "street": "Wilhelm-Külz-Platz 2"}, 
{"plz": "36456", "ort": "Barchfeld-Immelborn", "name": "Barchfeld-Immelborn", "street": "Nürnberger Straße 63"}, 
{"plz": "36460", "ort": "Krayenberggemeinde", "name": "Krayenberggemeinde", "street": "Bahnhofstraße 11"}, 
{"plz": "36466", "ort": "Dermbach", "name": "Empfertshausen", "street": "Hinter dem Schloß 1"}]