[{"plz": "52058", "ort": "Aachen", "name": "Aachen, Stadt", "street": "Markt"}, 
{"plz": "52062", "ort": "Aachen", "name": "Aachen Katschhof (FB 12/1)", "street": "Johannes-Paul-II.-Str. 1", "phone": "0241-432-0", "email": "buergerservice@mail.aachen.de"}, 
{"plz": "52064", "ort": "Aachen", "name": "Aachen Bahnhofplatz und Katschhof (FB 12/1)", "street": "Hackländerstr. 1\nVerwaltungsgebäude Bahnhofplatz", "phone": "0241-432-0", "email": "buergerservice@mail.aachen.de"}, 
{"plz": "52064", "ort": "Aachen", "name": "Aachen Servicecenter Call (FB 12/2)", "street": "Lagerhausstr. 20\nVerwaltungsgebäude am Marschiertor", "phone": "0241-432-0", "email": "buergeramt@mail.aachen.de"}, 
{"plz": "52072", "ort": "Aachen", "name": "Aachen Richterich (B 6)", "street": "Roermonder Str. 559", "phone": "0241-432-0", "email": "bezirksamt.richterich@mail.aachen.de"}, 
{"plz": "52072", "ort": "Aachen", "name": "Aachen Laurensberg (B 5)", "street": "Rathausstr. 12", "phone": "0241-432-0", "email": "bezirksamt.laurensberg@mail.aachen.de"}, 
{"plz": "52076", "ort": "Aachen", "name": "Aachen Kornelimünster / Walheim (BA 4)", "street": "Schulberg 20", "phone": "0241-432-0", "email": "bezirksamt.kornelimuenster.walheim@mail.aachen.de"}, 
{"plz": "52078", "ort": "Aachen", "name": "Aachen Brand (B 1)", "street": "Paul-Küpper-Platz 1", "phone": "0241-432-0", "email": "bezirksamt.brand@mail.aachen.de"}, 
{"plz": "52080", "ort": "Aachen", "name": "Aachen Haaren (BA 3)", "street": "Germanusstr. 32-34", "phone": "0241-432-0", "email": "bezirksamt.haaren@mail.aachen.de"}, 
{"plz": "52080", "ort": "Aachen", "name": "Aachen Eilendorf", "street": "Heinrich-Thomas-Platz 1", "phone": "0241-432-0", "email": "bezirksamt.eilendorf@mail.aachen.de"}, 
{"plz": "52134", "ort": "Herzogenrath", "name": "Herzogenrath, Stadt", "street": "Rathausplatz 1"}, 
{"plz": "52146", "ort": "Würselen", "name": "Würselen, Stadt", "street": "Morlaixplatz 1"}, 
{"plz": "52152", "ort": "Simmerath", "name": "Simmerath", "street": "Rathausplatz"}, 
{"plz": "52156", "ort": "Monschau", "name": "Monschau, Stadt", "street": "Laufenstraße 84"}, 
{"plz": "52159", "ort": "Roetgen", "name": "Roetgen, Tor zur Eifel", "street": "Hauptstraße 55"}, 
{"plz": "52222", "ort": "Stolberg", "name": "Stolberg (Rhld.), Kupferstadt", "street": "Rathausstraße 11-13"}, 
{"plz": "52249", "ort": "Eschweiler", "name": "Eschweiler, Stadt", "street": "Johannes-Rau-Platz 1"}, 
{"plz": "52349", "ort": "Düren", "name": "Düren, Stadt", "street": "Kaiserplatz 2-4"}, 
{"plz": "52349", "ort": "Düren", "name": "Düren", "street": "Markt 2", "phone": "02421-25-2000", "email": "stadt@dueren.de"}, 
{"plz": "52372", "ort": "Kreuzau", "name": "Kreuzau", "street": "Bahnhofstraße 7"}, 
{"plz": "52379", "ort": "Langerwehe", "name": "Langerwehe", "street": "Schönthaler Straße 4"}, 
{"plz": "52382", "ort": "Niederzier", "name": "Niederzier", "street": "Rathausstraße 8"}, 
{"plz": "52385", "ort": "Nideggen", "name": "Nideggen, Stadt", "street": "Zülpicher Straße 1"}, 
{"plz": "52388", "ort": "Nörvenich", "name": "Nörvenich", "street": "Bahnhofstraße 25"}, 
{"plz": "52391", "ort": "Vettweiß", "name": "Vettweiß", "street": "Gereonstraße 14"}, 
{"plz": "52393", "ort": "Hürtgenwald", "name": "Hürtgenwald", "street": "August-Scholl-Straße 5"}, 
{"plz": "52396", "ort": "Heimbach", "name": "Heimbach, Stadt", "street": "Hengebachstraße 14"}, 
{"plz": "52399", "ort": "Merzenich", "name": "Merzenich", "street": "Valdersweg 1"}, 
{"plz": "52428", "ort": "Jülich", "name": "Jülich, Stadt", "street": "Große Rurstraße 17"}, 
{"plz": "52441", "ort": "Linnich", "name": "Linnich, Stadt", "street": "Rurdorfer Straße 64"}, 
{"plz": "52445", "ort": "Titz", "name": "Titz", "street": "Landstraße 4"}, 
{"plz": "52457", "ort": "Aldenhoven", "name": "Aldenhoven", "street": "Dietrich-Mülfahrt-Str.11-13"}, 
{"plz": "52459", "ort": "Inden", "name": "Inden", "street": "Rathausstraße 1"}, 
{"plz": "52477", "ort": "Alsdorf", "name": "Alsdorf, Stadt", "street": "Hubertusstraße17"}, 
{"plz": "52499", "ort": "Baesweiler", "name": "Baesweiler, Stadt", "street": "Mariastraße 2"}, 
{"plz": "52511", "ort": "Geilenkirchen", "name": "Geilenkirchen, Stadt", "street": "Markt 9"}, 
{"plz": "52525", "ort": "Waldfeucht", "name": "Waldfeucht", "street": "Lambertusstraße 13"}, 
{"plz": "52525", "ort": "Heinsberg", "name": "Heinsberg, Stadt", "street": "Apfelstraße 60"}, 
{"plz": "52531", "ort": "Übach-Palenberg", "name": "Übach-Palenberg, Stadt", "street": "Rathausplatz 4"}, 
{"plz": "52538", "ort": "Gangelt", "name": "Gangelt", "street": "Burgstraße 10"}, 
{"plz": "52538", "ort": "Selfkant", "name": "Selfkant", "street": "Am Rathaus 13"}]