[{"plz": "53111", "ort": "Bonn", "name": "Bonn Stadthaus", "street": "Berliner Platz 2", "phone": "0228-77-6677-(Servicetelefon)", "email": "buergeramt@bonn.de"}, 
{"plz": "53123", "ort": "Bonn", "name": "Bonn Bürgeramt Hardtberg", "street": "Villemombler Str. 1", "phone": "0228-77-0-(Bürgertelefon)", "email": "buergeramt@bonn.de"}, 
{"plz": "53177", "ort": "Bonn", "name": "Bonn Bad Godesberg", "street": "Kurfürstenallee 2-3", "phone": "0228-77-0-(Bürgertelefon)", "email": "buergeramt@bonn.de"}, 
{"plz": "53225", "ort": "Bonn", "name": "Bonn Beuel", "street": "Friedrich-Breuer-Str. 65", "phone": "0228-77-0-(Bürgertelefon)", "email": "buergeramt@bonn.de"}, 
{"plz": "53332", "ort": "Bornheim", "name": "Bornheim, Stadt", "street": "Rathausstraße 2"}, 
{"plz": "53340", "ort": "Meckenheim", "name": "Meckenheim, Stadt", "street": "Siebengebirgsring 4"}, 
{"plz": "53343", "ort": "Wachtberg", "name": "Wachtberg", "street": "Rathausstraße 34"}, 
{"plz": "53347", "ort": "Alfter", "name": "Alfter", "street": "Am Rathaus 7"}, 
{"plz": "53359", "ort": "Rheinbach", "name": "Rheinbach, Stadt", "street": "Schweigelstraße 23"}, 
{"plz": "53424", "ort": "Remagen", "name": "Remagen, Stadt", "street": "Bachstraße 2"}, 
{"plz": "53474", "ort": "Bad Neuenahr-Ahrweiler", "name": "Bad Neuenahr-Ahrweiler, Stadt", "street": "Hauptstraße 116"}, 
{"plz": "53489", "ort": "Sinzig", "name": "Sinzig, Stadt", "street": "Kirchplatz 5"}, 
{"plz": "53498", "ort": "Bad Breisig", "name": "Bad Breisig, Stadt", "street": "Bachstraße 11"}, 
{"plz": "53501", "ort": "Grafschaft", "name": "Grafschaft", "street": "Ahrtalstraße 5"}, 
{"plz": "53505", "ort": "Altenahr", "name": "Heckenbach", "street": "Roßberg 3"}, 
{"plz": "53518", "ort": "Adenau", "name": "Reifferscheid", "street": "Kirchstraße 15"}, 
{"plz": "53539", "ort": "Kelberg", "name": "Hörschhausen", "street": "Dauner Straße 22"}, 
{"plz": "53545", "ort": "Linz am Rhein", "name": "Sankt Katharinen (Landkreis Neuwied)", "street": "Am Schoppbüchel 5"}, 
{"plz": "53557", "ort": "Bad Hönningen", "name": "Bad Hönningen, Stadt", "street": "Marktstraße 1"}, 
{"plz": "53567", "ort": "Asbach", "name": "Buchholz (Westerwald)", "street": "Flammersfelder Straße 1"}, 
{"plz": "53572", "ort": "Unkel", "name": "Rheinbreitbach", "street": "Linzer Straße 4"}, 
{"plz": "53604", "ort": "Bad Honnef", "name": "Bad Honnef, Stadt", "street": "Rathausplatz 1"}, 
{"plz": "53639", "ort": "Königswinter", "name": "Königswinter, Stadt", "street": "Drachenfelsstraße 9-11"}, 
{"plz": "53721", "ort": "Siegburg", "name": "Siegburg, Stadt", "street": "Nogenter Platz 10"}, 
{"plz": "53757", "ort": "Sankt Augustin", "name": "Sankt Augustin, Stadt", "street": "Markt 1"}, 
{"plz": "53773", "ort": "Hennef (Sieg)", "name": "Hennef (Sieg), Stadt", "street": "Frankfurter Straße 97"}, 
{"plz": "53783", "ort": "Eitorf", "name": "Eitorf", "street": "Markt 1"}, 
{"plz": "53797", "ort": "Lohmar", "name": "Lohmar, Stadt", "street": "Rathausstraße 4"}, 
{"plz": "53804", "ort": "Much", "name": "Much", "street": "Hauptstraße 57"}, 
{"plz": "53809", "ort": "Ruppichteroth", "name": "Ruppichteroth", "street": "Rathausstraße 18"}, 
{"plz": "53819", "ort": "Neunkirchen-Seelscheid", "name": "Neunkirchen-Seelscheid Neunkirchen", "street": "Hauptstr. 78\n(im Erdgeschoß des Rathauses)", "phone": "02247-303-0", "email": "ema@neunkirchen-seelscheid.de"}, 
{"plz": "53819", "ort": "Neunkirchen-Seelscheid", "name": "Neunkirchen-Seelscheid", "street": "Hauptstraße 78"}, 
{"plz": "53819", "ort": "Seelscheid", "name": "Seelscheid Seelscheid", "street": "Driescher Str. 2\n(in den Räumen der Gemeindebücherei Seelscheid)", "phone": "02247-969-8744", "email": "ema@neunkirchen-seelscheid.de"}, 
{"plz": "53840", "ort": "Troisdorf", "name": "Troisdorf, Stadt", "street": "Kölner Straße 176"}, 
{"plz": "53840", "ort": "Troisdorf", "name": "Troisdorf", "street": "Kölner Str. 176", "phone": "02241-900-0", "email": "rathaus@troisdorf.de"}, 
{"plz": "53859", "ort": "Niederkassel", "name": "Niederkassel, Stadt", "street": "Rathausstraße 19"}, 
{"plz": "53879", "ort": "Euskirchen", "name": "Euskirchen, Stadt", "street": "Kölner Straße 75"}, 
{"plz": "53879", "ort": "Euskirchen", "name": "Euskirchen", "street": "Baumstr. 2", "phone": "02251-145-0", "email": "buergerbuero@euskirchen.de"}, 
{"plz": "53894", "ort": "Mechernich", "name": "Mechernich, Stadt", "street": "Bergstraße 1"}, 
{"plz": "53902", "ort": "Bad Münstereifel", "name": "Bad Münstereifel, Stadt", "street": "Marktstraße 11-15"}, 
{"plz": "53909", "ort": "Zülpich", "name": "Zülpich, Stadt", "street": "Markt 21"}, 
{"plz": "53913", "ort": "Swisttal", "name": "Swisttal", "street": "Rathausstraße 115"}, 
{"plz": "53919", "ort": "Weilerswist", "name": "Weilerswist", "street": "Bonner Straße 29"}, 
{"plz": "53925", "ort": "Kall", "name": "Kall", "street": "Bahnhofstraße 9"}, 
{"plz": "53937", "ort": "Schleiden", "name": "Schleiden, Stadt", "street": "Blankenheimer Straße 2"}, 
{"plz": "53940", "ort": "Hellenthal", "name": "Hellenthal", "street": "Rathausstraße 2"}, 
{"plz": "53945", "ort": "Blankenheim", "name": "Blankenheim", "street": "Rathausplatz 16"}, 
{"plz": "53947", "ort": "Nettersheim", "name": "Nettersheim", "street": "Krausstraße 2"}, 
{"plz": "53949", "ort": "Dahlem", "name": "Dahlem", "street": "Hauptstraße 23"}]