[{"plz": "47051", "ort": "Duisburg", "name": "Duisburg, Stadt", "street": "Burgplatz 19"}, 
{"plz": "47051", "ort": "Duisburg", "name": "Duisburg Bezirksamt Mitte", "street": "Sonnenwall 73-75", "phone": "0203-940-00", "email": "bza.mitte@stadt-duisburg.de"}, 
{"plz": "47137", "ort": "Duisburg", "name": "Duisburg Bezirksamt Meiderich/Beeck", "street": "Von-der-Mark-Str. 36", "phone": "0203-94-000", "email": "bza.meiderich@stadt-duisburg.de"}, 
{"plz": "47166", "ort": "Duisburg", "name": "Duisburg Bezirksamt Hamborn", "street": "Duisburger Str. 213", "phone": "0203-94-000", "email": "bza.hamborn@stadt-duisburg.de"}, 
{"plz": "47179", "ort": "Duisburg", "name": "Duisburg Bezirksamt Walsum", "street": "Friedrich-Ebert-Str. 152", "phone": "0203-94-000", "email": "bza.walsum@stadt-duisburg.de"}, 
{"plz": "47198", "ort": "Duisburg", "name": "Duisburg Bezirksamt Homberg/Ruhrort/Baerl", "street": "Bismarckplatz 1", "phone": "0203-94-000", "email": "bza.homberg@stadt-duisburg.de"}, 
{"plz": "47226", "ort": "Duisburg", "name": "Duisburg Bezirksamt Rheinhausen", "street": "Körnerplatz 1", "phone": "02065-905-0", "email": "bza.rheinhausen@stadt-duisburg.de"}, 
{"plz": "47249", "ort": "Duisburg", "name": "Duisburg Bezirksamt Süd", "street": "Sittardsberger Allee 14", "phone": "0203-94-000", "email": "bza.sued@stadt-duisburg.de"}, 
{"plz": "47441", "ort": "Moers", "name": "Moers Innenstadt", "street": "Rathausplatz 1", "phone": "02841-201-0", "email": "buergerservice@moers.de"}, 
{"plz": "47475", "ort": "Kamp-Lintfort", "name": "Kamp-Lintfort, Stadt", "street": "Am Rathaus 2"}, 
{"plz": "47495", "ort": "Rheinberg", "name": "Rheinberg, Stadt", "street": "Kirchplatz 10"}, 
{"plz": "47506", "ort": "Neukirchen-Vluyn", "name": "Neukirchen-Vluyn, Stadt", "street": "Hans-Böckler-Straße 26"}, 
{"plz": "47509", "ort": "Rheurdt", "name": "Rheurdt", "street": "Rathausstraße 35"}, 
{"plz": "47533", "ort": "Kleve", "name": "Kleve, Stadt", "street": "Minoritenplatz 1"}, 
{"plz": "47546", "ort": "Kalkar", "name": "Kalkar, Stadt", "street": "Markt 20"}, 
{"plz": "47551", "ort": "Bedburg-Hau", "name": "Bedburg-Hau", "street": "Rathausplatz 1"}, 
{"plz": "47559", "ort": "Kranenburg", "name": "Kranenburg", "street": "Klever Straße 4"}, 
{"plz": "47574", "ort": "Goch", "name": "Goch, Stadt", "street": "Markt 2"}, 
{"plz": "47589", "ort": "Uedem", "name": "Uedem", "street": "Mosterstraße 2"}, 
{"plz": "47608", "ort": "Geldern", "name": "Geldern, Stadt", "street": "Issumer Tor 36"}, 
{"plz": "47623", "ort": "Kevelaer", "name": "Kevelaer, Stadt", "street": "Peter-Plümpe-Platz 12"}, 
{"plz": "47638", "ort": "Straelen", "name": "Straelen, Stadt", "street": "Rathausstraße 1"}, 
{"plz": "47647", "ort": "Kerken", "name": "Kerken", "street": "Dionysiusplatz 4"}, 
{"plz": "47652", "ort": "Weeze", "name": "Weeze", "street": "Cyriakusplatz 13-14"}, 
{"plz": "47661", "ort": "Issum", "name": "Issum", "street": "Herrlichkeit 7-9"}, 
{"plz": "47665", "ort": "Sonsbeck", "name": "Sonsbeck", "street": "Herrenstraße 2"}, 
{"plz": "47669", "ort": "Wachtendonk", "name": "Wachtendonk", "street": "Weinstraße 1"}, 
{"plz": "47798", "ort": "Krefeld", "name": "Krefeld, Stadt", "street": "Von-der-Leyen-Platz 1"}, 
{"plz": "47798", "ort": "Krefeld", "name": "Krefeld Mitte", "street": "Theaterplatz 1\nSeidenweberhaus", "phone": "02151-86-0", "email": "fb31@krefeld.de"}, 
{"plz": "47800", "ort": "Krefeld", "name": "Krefeld Bockum", "street": "Uerdinger Str. 585\nRathaus gegenüber des Bockumer Platzes", "phone": "02151-587-90", "email": "fb31@krefeld.de"}, 
{"plz": "47802", "ort": "Krefeld", "name": "Krefeld Traar", "street": "Kemmerhofstr. 321\nRathausmarkt", "phone": "02151-564-855", "email": "fb31@krefeld.de"}, 
{"plz": "47803", "ort": "Krefeld", "name": "Krefeld Nord", "street": "Moritzplatz 8", "phone": "02151-756-260", "email": "fb31@krefeld.de"}, 
{"plz": "47805", "ort": "Krefeld", "name": "Krefeld Süd", "street": "Virchowstr. 130\nFabrik Heeder", "phone": "02151-861-650", "email": "fb31@krefeld.de"}, 
{"plz": "47807", "ort": "Krefeld", "name": "Krefeld Fischeln", "street": "Kölner Str. 517", "phone": "02151-30-900", "email": "fb31@krefeld.de"}, 
{"plz": "47809", "ort": "Krefeld", "name": "Krefeld Oppum", "street": "Hochfelder Str. 122", "phone": "02151-547-051", "email": "fb31@krefeld.de"}, 
{"plz": "47809", "ort": "Krefeld", "name": "Krefeld Linn", "street": "Rheinbabenstr. 110", "phone": "02151-572-031", "email": "fb31@krefeld.de"}, 
{"plz": "47829", "ort": "Krefeld", "name": "Krefeld Uerdingen", "street": "Am Marktplatz 1", "phone": "02151-861-621", "email": "fb31@krefeld.de"}, 
{"plz": "47839", "ort": "Krefeld", "name": "Krefeld Hüls", "street": "Hülser Markt 11", "phone": "02151-748-90", "email": "fb31@krefeld.de"}, 
{"plz": "47877", "ort": "Willich", "name": "Willich, Stadt", "street": "Hauptstraße 6"}, 
{"plz": "47906", "ort": "Kempen", "name": "Kempen, Stadt", "street": "Buttermarkt 1"}, 
{"plz": "47918", "ort": "Tönisvorst", "name": "Tönisvorst, Stadt", "street": "Bahnstraße 15"}, 
{"plz": "47929", "ort": "Grefrath", "name": "Grefrath, Sport- und Freizeitgemeinde", "street": "Rathausplatz 3"}]