[{"plz": "42275", "ort": "Wuppertal", "name": "Wuppertal, Stadt", "street": "Johannes-Rau-Platz 1"}, 
{"plz": "42275", "ort": "Wuppertal", "name": "Wuppertal ServiceCenter", "street": "Steinweg 20", "phone": "0202-563-0", "email": "ema-wuppertal@stadt.wuppertal.de"}, 
{"plz": "42329", "ort": "Wuppertal", "name": "Wuppertal Vohwinkel", "street": "Rubensstr. 4", "phone": "0202-563-7345", "email": "buergerbuero-vohwinkel@stadt.wuppertal.de"}, 
{"plz": "42349", "ort": "Wuppertal", "name": "Wuppertal Cronenberg", "street": "Rathausplatz 4", "phone": "0202-563-7425", "email": "buergerbuero-cronenberg@stadt.wuppertal.de"}, 
{"plz": "42369", "ort": "Wuppertal", "name": "Wuppertal Ronsdorf", "street": "Marktstr. 21", "phone": "0202-563-7220", "email": "buergerbuero-ronsdorf@stadt.wuppertal.de"}, 
{"plz": "42389", "ort": "Wuppertal", "name": "Wuppertal Langerfeld", "street": "Schwelmer Str. 15", "phone": "0202-563-6265", "email": "buergerbuero-langerfeld@stadt.wuppertal.de"}, 
{"plz": "42399", "ort": "Wuppertal", "name": "Wuppertal Außenstelle Beyenburg", "street": "Am Kriegermal 22", "phone": "0202-563-4974", "email": "buergerbuero-langerfeld@stadt.wuppertal.de"}, 
{"plz": "42477", "ort": "Radevormwald", "name": "Radevormwald, Stadt auf der Höhe", "street": "Hohenfuhrstraße 13"}, 
{"plz": "42489", "ort": "Wülfrath", "name": "Wülfrath, Stadt", "street": "Am Rathaus 1"}, 
{"plz": "42499", "ort": "Hückeswagen", "name": "Hückeswagen, Schloss-Stadt", "street": "Auf'm Schloß 1"}, 
{"plz": "42551", "ort": "Velbert", "name": "Velbert, Stadt", "street": "Thomasstraße 1"}, 
{"plz": "42551", "ort": "Velbert", "name": "Velbert Mitte", "street": "Thomasstr. 1\nRathaus", "phone": "02051-26-0", "email": "servicebuero-velbert-mitte@velbert.de"}, 
{"plz": "42553", "ort": "Velbert", "name": "Velbert Neviges", "street": "Elberfelder Str. 64", "phone": "02051-26-0", "email": "servicebuero-velbert-mitte@velbert.de"}, 
{"plz": "42555", "ort": "Velbert", "name": "Velbert Langenberg", "street": "Donnerstr. 13", "phone": "02052-912-213", "email": "servicebuero-langenberg@velbert.de"}, 
{"plz": "42579", "ort": "Heiligenhaus", "name": "Heiligenhaus, Stadt", "street": "Hauptstraße 157"}, 
{"plz": "42651", "ort": "Solingen", "name": "Solingen Clemens-Galerien", "street": "Mummstr. 10", "phone": "0212-290-0", "email": "buergerbuero@solingen.de"}, 
{"plz": "42651", "ort": "Solingen", "name": "Solingen, Klingenstadt", "street": "Walter-Scheel-Platz 1"}, 
{"plz": "42657", "ort": "Solingen", "name": "Solingen Höhscheid", "street": "Gasstr. 22\nVerwaltungsgebäude", "phone": "0212-290-0", "email": "buergerbuero@solingen.de"}, 
{"plz": "42657", "ort": "Solingen", "name": "Solingen Höhscheid mit Kfz-Zulassung", "street": "Gasstr. 22", "phone": "0212-290-0", "email": "buergerbuero@solingen.de"}, 
{"plz": "42697", "ort": "Solingen", "name": "Solingen Ohligs", "street": "Kieler Str. 15", "phone": "0212-290-0", "email": "buergerbuero@solingen.de"}, 
{"plz": "42781", "ort": "Haan", "name": "Haan, Stadt", "street": "Kaiserstraße 85"}, 
{"plz": "42799", "ort": "Leichlingen (Rhld.)", "name": "Leichlingen (Rheinland), Blütenstadt", "street": "Am Büscherhof 1"}, 
{"plz": "42853", "ort": "Remscheid", "name": "Remscheid, Stadt", "street": "Theodor-Heuss-Platz 1"}, 
{"plz": "42853", "ort": "Remscheid", "name": "Remscheid", "street": "Elberfelder Str. 36", "phone": "02191-16-00", "email": "meldebehoerde@remscheid.de"}, 
{"plz": "42929", "ort": "Wermelskirchen", "name": "Wermelskirchen, Stadt", "street": "Telegrafenstraße 29-33"}]