{"44135": ["City", "Dortmund", "Dortmund-City"], 
"44137": ["City", "Dortmund", "Dortmund-City"], 
"44139": ["Br\u00fcnninghausen", "City", "Dortmund", "Dortmund-Br\u00fcnninghausen", "Dortmund-City", "Ruhrallee"], 
"44141": ["City", "Dortmund", "Dortmund-City", "Dortmund-H\u00f6rde", "Dortmund-K\u00f6rne", "H\u00f6rde", "K\u00f6rne"], 
"44143": ["Brackel", "City", "Dortmund", "Dortmund-Brackel", "Dortmund-City", "Dortmund-K\u00f6rne", "Dortmund-Sch\u00fcren", "Dortmund-Wambel", "K\u00f6rne", "Sch\u00fcren", "Wambel"], 
"44145": ["City", "Dortmund", "Dortmund-City", "Dortmund-Lindenhorst", "Lindenhorst", "Nordmarkt"], 
"44147": ["City", "Deusen", "Dorstfeld", "Dortmund", "Dortmund-City", "Dortmund-Deusen", "Dortmund-Dorstfeld", "Dortmund-Lindenhorst", "Lindenhorst"], 
"44149": ["City", "Dorstfeld", "Dortmund", "Dortmund-City", "Dortmund-Dorstfeld", "Dortmund-Kley", "Dortmund-L\u00fctgendortmund", "Dortmund-Marten", "Dortmund-Oespel", "Kley", "L\u00fctgendortmund", "Marten", "Oespel"], 
"44225": ["Barop", "Br\u00fcnninghausen", "City", "Dortmund", "Dortmund-Barop", "Dortmund-Br\u00fcnninghausen", "Dortmund-City", "Dortmund-Hombruch", "Dortmund-Kleinholthausen", "Dortmund-L\u00fccklemberg", "Dortmund-Menglinghausen", "Dortmund-Renninghausen", "Hombruch", "Kleinholthausen", "L\u00fccklemberg", "Menglinghausen", "Renninghausen", "Rombergpark-L\u00fccklemberg"], 
"44227": ["Barop", "Bittermark", "City", "Dortmund", "Dortmund-Barop", "Dortmund-Bittermark", "Dortmund-City", "Dortmund-Eichlinghofen", "Dortmund-Gro\u00dfholthausen", "Dortmund-Kirchh\u00f6rde", "Dortmund-Kruckel", "Dortmund-L\u00f6ttringhausen", "Dortmund-Menglinghausen", "Dortmund-Oespel", "Dortmund-Persebeck", "Dortmund-Salingen", "Dortmund-Schanze", "Dortmund-Schnee", "Dortmund-Sch\u00f6nau", "Dortmund-Syburg", "Eichlinghofen", "Gro\u00dfholthausen", "Kirchh\u00f6rde", "Kirchh\u00f6rde-L\u00f6ttringhausen", "Kruckel", "L\u00f6ttringhausen", "Menglinghausen", "Oespel", "Persebeck", "Persebeck-Kruckel-Schnee", "Salingen", "Schanze", "Schnee", "Sch\u00f6nau", "Syburg"], 
"44229": ["Bittermark", "Br\u00fcnninghausen", "Dortmund", "Dortmund-Bittermark", "Dortmund-Br\u00fcnninghausen", "Dortmund-Gro\u00dfholthausen", "Dortmund-Kirchh\u00f6rde", "Dortmund-L\u00f6ttringhausen", "Dortmund-L\u00fccklemberg", "Dortmund-Renninghausen", "Gro\u00dfholthausen", "Kirchh\u00f6rde", "L\u00f6ttringhausen", "L\u00fccklemberg", "Renninghausen"], 
"44239": ["Brechten", "Eving", "Kemminghausen"], 
"44263": ["City", "Clarenberg", "Dortmund", "Dortmund-City", "Dortmund-H\u00f6rde", "Dortmund-Sch\u00fcren", "H\u00f6rde", "Sch\u00fcren"], 
"44265": ["Buchholz", "Dortmund", "Dortmund-Buchholz", "Dortmund-Hacheney", "Dortmund-Holzen", "Dortmund-Syburg", "Dortmund-Wellinghofen", "Dortmund-Wichlinghofen", "Hacheney", "Holzen", "Syburg", "Wellinghofen", "Wichlinghofen"], 
"44267": ["Benninghofen", "Benninghofen-Loh", "Benninghofen-Loh (Dortmund)", "Berghofen", "Berghofer Mark", "Dortmund", "Dortmund-Benninghofen", "Dortmund-Berghofen", "Dortmund-Holzen", "Dortmund-H\u00f6chsten", "Holzen", "H\u00f6chsten", "Loh"], 
"44269": ["Benninghofen", "Berghofen", "Dortmund", "Dortmund-Benninghofen", "Dortmund-Berghofen", "Dortmund-Sch\u00fcren", "Sch\u00fcren"], 
"44287": ["Aplerbeck", "Aplerbecker Mark", "Aplerbecker Mark (Dortmund)", "Berghofen", "Dortmund", "Dortmund-Aplerbeck", "Dortmund-Berghofen", "Dortmund-Sch\u00fcren", "Dortmund-S\u00f6lde", "Sch\u00fcren", "S\u00f6lde"], 
"44289": ["Dortmund", "Dortmund-Lichtendorf", "Dortmund-S\u00f6lde", "Dortmund-S\u00f6lderholz", "Lichtendorf", "S\u00f6lde", "S\u00f6lderholz"], 
"44309": ["Asseln", "Brackel", "Dortmund", "Dortmund-Asseln", "Dortmund-Brackel", "Dortmund-Neuasseln", "Neuasseln"], 
"44319": ["Asseln", "Dortmund", "Dortmund-Asseln", "Dortmund-Husen", "Dortmund-Kurl", "Dortmund-Neuasseln", "Dortmund-Wickede", "Fleier", "Husen", "Kurl", "Kurl-Husen", "Neuasseln", "Wickede"], 
"44328": ["Alt-Scharnhorst", "Dortmund", "Dortmund-Scharnhorst", "Scharnhorst", "Scharnhorst-Ost"], 
"44329": ["Brechten", "City", "Derne", "Dortmund", "Dortmund-Brechten", "Dortmund-City", "Dortmund-Derne", "Dortmund-Eving", "Dortmund-Grevel", "Dortmund-Hostedde", "Dortmund-Kirchderne", "Dortmund-Lanstrop", "Dortmund-Scharnhorst", "Eving", "Grevel", "Hostedde", "Kirchderne", "Lanstrop", "Scharnhorst"], 
"44339": ["Brechten", "City", "Dortmund", "Dortmund-Brechten", "Dortmund-City", "Dortmund-Ellinghausen", "Dortmund-Eving", "Dortmund-Holthausen", "Dortmund-Lindenhorst", "Ellinghausen", "Eving", "Holthausen", "Lindenhorst"], 
"44357": ["Bodelschwingh", "Dortmund", "Dortmund-Bodelschwingh", "Dortmund-Nette", "Dortmund-Oestrich", "Dortmund-Westerfilde", "Nette", "Oestrich", "Westerfilde"], 
"44359": ["Bodelschwingh", "Deusen", "Dortmund", "Dortmund-Bodelschwingh", "Dortmund-Deusen", "Dortmund-Ellinghausen", "Dortmund-Groppenbruch", "Dortmund-Mengede", "Dortmund-Nette", "Dortmund-Oestrich", "Dortmund-Schwieringhausen", "Ellinghausen", "Groppenbruch", "Mengede", "Nette", "Oestrich", "Schwieringhausen"], 
"44369": ["City", "Deusen", "Dortmund", "Dortmund-City", "Dortmund-Deusen", "Dortmund-Huckarde", "Dortmund-Rahm", "Dortmund-Westerfilde", "Dortmund-Wischlingen", "Huckarde", "Jungferntal-Rahm", "Rahm", "Westerfilde", "Wischlingen"], 
"44379": ["Dorstfeld", "Dortmund", "Dortmund-Dorstfeld", "Dortmund-Kirchlinde", "Dortmund-L\u00fctgendortmund", "Dortmund-Marten", "Dortmund-Rahm", "Dortmund-Westrich", "Kirchlinde", "L\u00fctgendortmund", "Marten", "Rahm", "Westrich"], 
"44388": ["B\u00f6vinghausen", "Dortmund", "Dortmund-B\u00f6vinghausen", "Dortmund-Kirchlinde", "Dortmund-Kley", "Dortmund-L\u00fctgendortmund", "Dortmund-Marten", "Dortmund-Somborn", "Dortmund-Westrich", "Holte-Kreta", "Kirchlinde", "Kley", "L\u00fctgendortmund", "Marten", "Somborn", "Westrich"], 
"44532": ["Beckinghausen", "Gahmen", "L\u00fcnen", "L\u00fcnen (Nordrhein-Westfalen)", "L\u00fcnen-S\u00fcd", "Niederaden", "Osterfeld"], 
"44534": ["Altl\u00fcnen", "L\u00fcnen"], 
"44536": ["Brambauer", "Geistviertel", "Lippholthausen", "L\u00fcnen"], 
"44575": ["Castrop-Rauxel", "Castrop-Rauxel (Nordrhein-Westfalen)"], 
"44577": ["B\u00f6vinghausen (Castrop-Rauxel)", "Castrop-Rauxel", "Habinghorst", "Schwerin"], 
"44579": ["Bladenhorst", "Castrop-Rauxel", "P\u00f6ppinghausen"], 
"44581": ["Castrop-Rauxel", "Henrichenburg", "Ickern"], 
"44623": ["Baukau-Ost", "Baukau-Ost (Herne)", "Herne", "Herne-Mitte", "Herne-S\u00fcd"], 
"44625": ["Herne", "Herne-Holsterhausen", "Herne-Mitte", "Herne-Sodingen", "Herne-S\u00fcd", "Holsterhausen", "Sodingen"], 
"44627": ["B\u00f6rnig", "Gysenberg", "Herne", "Herne-B\u00f6rnig", "Herne-Gysenberg", "Herne-Holthausen", "Herne-Mitte", "Herne-Sodingen", "Holthausen", "Sodingen"], 
"44628": ["Baukau-Ost", "Baukau-Ost (Herne)", "B\u00f6rnig", "Herne", "Herne-B\u00f6rnig", "Herne-Holthausen", "Herne-Horsthausen", "Herne-Mitte", "Herne-Sodingen", "Holthausen", "Horsthausen", "Sodingen"], 
"44629": ["Baukau-Ost", "Baukau-Ost (Herne)", "Herne", "Herne-Horsthausen", "Herne-Mitte", "Horsthausen"], 
"44649": ["Baukau-West", "Baukau-West (Herne)", "Crange", "Herne", "Herne-Crange", "Herne-R\u00f6hlinghausen", "Herne-Wanne", "R\u00f6hlinghausen", "Wanne", "Wanne-Eickel"], 
"44651": ["Eickel", "Herne", "Herne-Eickel", "Herne-R\u00f6hlinghausen", "R\u00f6hlinghausen", "Wanne-Eickel", "Wanne-S\u00fcd", "Wanne-S\u00fcd (Herne)"], 
"44652": ["Baukau-West", "Baukau-West (Herne)", "Eickel", "Herne", "Herne-Eickel", "Herne-Holsterhausen", "Herne-Wanne", "Holsterhausen", "Wanne", "Wanne-Eickel", "Wanne-S\u00fcd", "Wanne-S\u00fcd (Herne)"], 
"44653": ["Baukau-West", "Baukau-West (Herne)", "Crange", "Herne", "Herne-Crange", "Herne-Wanne", "Unser Fritz", "Unser Fritz (Herne)", "Wanne", "Wanne-Eickel", "Wanne-S\u00fcd", "Wanne-S\u00fcd (Herne)"], 
"44787": ["Bochum", "Bochum-Mitte", "Mitte"], 
"44789": ["Altenbochum", "Bochum", "Bochum-Altenbochum", "Bochum-Mitte", "Bochum-Weitmar", "Bochum-Wiemelhausen", "Mitte", "Weitmar", "Wiemelhausen"], 
"44791": ["Altenbochum", "Bochum", "Bochum-Altenbochum", "Bochum-Grumme", "Bochum-Hamme", "Bochum-Harpen", "Bochum-Mitte", "Grumme", "Hamme", "Harpen", "Mitte"], 
"44793": ["Bochum", "Bochum-Hamme", "Bochum-Hordel", "Bochum-Mitte", "Bochum-Weitmar", "Bochum-Wiemelhausen", "Hamme", "Hordel", "Mitte", "Weitmar", "Wiemelhausen"], 
"44795": ["Bochum", "Bochum-Weitmar", "Bochum-Wiemelhausen", "Weitmar", "Wiemelhausen"], 
"44797": ["Bochum", "Bochum-Linden", "Bochum-Stiepel", "Bochum-Weitmar", "Bochum-Wiemelhausen", "Linden", "Stiepel", "Weitmar", "Wiemelhausen"], 
"44799": ["Altenbochum", "Bochum", "Bochum-Altenbochum", "Bochum-Querenburg", "Bochum-Weitmar", "Bochum-Wiemelhausen", "Querenburg", "Weitmar", "Wiemelhausen"], 
"44801": ["Bochum", "Bochum-Querenburg", "Bochum-Stiepel", "Bochum-Wiemelhausen", "Querenburg", "Stiepel", "Wiemelhausen"], 
"44803": ["Altenbochum", "Bochum", "Bochum-Altenbochum", "Bochum-Laer", "Bochum-Wiemelhausen", "Laer", "Wiemelhausen"], 
"44805": ["Bochum", "Bochum-Gerthe", "Bochum-Grumme", "Bochum-Harpen", "Bochum-Hiltrop", "Gerthe", "Grumme", "Harpen", "Hiltrop"], 
"44807": ["Bergen", "Bochum", "Bochum-Bergen", "Bochum-Grumme", "Bochum-Hofstede", "Bochum-Riemke", "Grumme", "Hofstede", "Riemke"], 
"44809": ["Bochum", "Bochum-Grumme", "Bochum-Hamme", "Bochum-Hofstede", "Bochum-Mitte", "Bochum-Riemke", "Grumme", "Hamme", "Hofstede", "Mitte", "Riemke"], 
"44866": ["Bochum", "Bochum-G\u00fcnnigfeld", "Bochum-Sevinghausen", "Bochum-Wattenscheid", "Bochum-Westenfeld", "G\u00fcnnigfeld", "Sevinghausen", "Wattenscheid", "Westenfeld"], 
"44867": ["Bochum", "Bochum-H\u00f6ntrop", "Bochum-Sevinghausen", "Bochum-Wattenscheid", "Bochum-Westenfeld", "H\u00f6ntrop", "Sevinghausen", "Wattenscheid", "Westenfeld"], 
"44869": ["Bochum", "Bochum-Dahlhausen", "Bochum-Eppendorf", "Bochum-H\u00f6ntrop", "Bochum-Sevinghausen", "Bochum-Westenfeld", "Dahlhausen", "Eppendorf", "H\u00f6ntrop", "Sevinghausen", "Westenfeld"], 
"44879": ["Bochum", "Bochum-Dahlhausen", "Bochum-Linden", "Dahlhausen", "Linden"], 
"44892": ["Bochum", "Bochum-Langendreer", "Langendreer"], 
"44894": ["Bochum", "Bochum-Langendreer", "Bochum-Werne", "Langendreer", "Werne"]}